# DEME-centered from WALL_INPUT_WALL_INPUT-1_global.obj
# SetInitPos required: -2.260131800 16.578926100 200.625000000
v 11.943985900 -56.552570400 6.950821000
v 11.855214080 -51.429515900 6.950821000
v 3.999839510 -58.654213000 11.950821000
v 4.088611450 -63.777263700 11.950821000
v -11.855212200 -51.429515900 6.950821000
v -11.766440400 -56.552570400 6.950821000
v -3.911065140 -63.777263700 11.950821000
v -3.999836960 -58.654213000 11.950821000
v -3.911065140 -61.675621000 6.950821000
v 4.088611450 -61.675621000 6.950821000
v 4.036262240 -64.607433300 21.113312000
v 3.999839510 -62.520778700 21.149734000
v 4.088611450 -67.606517800 21.060959000
v -3.999836960 -62.520778700 21.149734000
v -50.000000000 -10.359273920 -43.625000000
v -3.911065140 -40.417167700 -43.625000000
v -50.000000000 -31.617728200 6.950821000
v 4.088611450 -40.417167700 -43.625000000
v 50.000000000 -10.475062860 -43.625000000
v 50.000000000 -31.733517700 6.950821000
v -3.963414230 -64.607433300 21.113312000
v -3.911065140 -67.606517800 21.060959000
v -3.964937720 -64.607433300 26.114075000
v 4.034738980 -64.607433300 26.114075000
v -3.963461910 -64.607433300 30.212128000
v 4.034738980 -64.607433300 30.212128000
v -50.000000000 73.447433500 6.950821000
v 50.000000000 73.447433500 6.950821000
v 50.000000000 73.447433500 -43.625000000
v -50.000000000 73.447433500 -43.625000000
v 0.088773210 -69.106540700 21.034775000
v 4.123510920 -69.693172500 26.025299000
v -3.876165900 -69.693172500 26.025299000
v -3.875427760 -69.650898000 30.124100000
v -3.923106710 -72.382431000 30.171783000
v 4.122773130 -69.650898000 30.124100000
v 4.170452200 -72.382431000 30.171783000
v 0.123672690 -71.193195400 25.999115000
v 0.123672690 -73.447433500 25.959763000
v -3.923401390 -72.399299600 25.978058000
v 4.170746650 -72.399299600 25.978058000
v 11.899599990 -53.991043100 6.950821000
v 9.891370740 -53.235691100 8.200821000
v 7.927526910 -55.041866300 9.450821000
v 5.963683330 -56.848037700 10.700821000
v 4.044225540 -61.215740200 11.950821000
v 6.052455150 -61.971092200 10.700821000
v 8.016298730 -60.164917000 9.450821000
v 9.980142560 -58.358745600 8.200821000
v -11.810826300 -53.991043100 6.950821000
v -9.802596100 -58.358745600 8.200821000
v -7.838752800 -60.164917000 9.450821000
v -5.874908480 -61.971092200 10.700821000
v -3.955451050 -61.215740200 11.950821000
v -5.963681260 -56.848037700 10.700821000
v -7.927524600 -55.041866300 9.450821000
v -9.891367900 -53.235691100 8.200821000
v 2.890536630 -64.599609400 11.950821000
v 1.531320596 -65.113494900 11.950821000
v 0.088773210 -65.288291900 11.950821000
v -1.353774350 -65.113494900 11.950821000
v -2.712990320 -64.599609400 11.950821000
v -3.911065140 -62.726444300 9.450821000
v -2.712990320 -62.497966800 6.950821000
v -1.353774350 -63.011852300 6.950821000
v 0.088773210 -63.186649300 6.950821000
v 1.531320596 -63.011852300 6.950821000
v 2.890536630 -62.497966800 6.950821000
v 4.088611450 -62.726444300 9.450821000
v 3.999839510 -59.943069500 15.017120000
v 3.999839510 -61.231922200 18.083420000
v 4.088611450 -66.330101000 18.024246000
v 4.088611450 -65.053684200 14.987534000
v 1.333280647 -58.654213000 11.950821000
v -1.333278220 -58.654213000 11.950821000
v -3.999836960 -59.943069500 15.017120000
v -3.999836960 -61.231922200 18.083420000
v -1.333278220 -62.520778700 21.149734000
v 1.333280647 -62.520778700 21.149734000
v -47.288883200 -12.127385150 -43.625000000
v -44.577770300 -13.895496860 -43.625000000
v -41.866657300 -15.663608207 -43.625000000
v -39.155544300 -17.431719674 -43.625000000
v -36.444431300 -19.199831020 -43.625000000
v -33.733314600 -20.967942730 -43.625000000
v -31.022201600 -22.736053960 -43.625000000
v -28.311088600 -24.504165660 -43.625000000
v -25.599975600 -26.272276890 -43.625000000
v -22.888860700 -28.040388100 -43.625000000
v -20.177747800 -29.808499300 -43.625000000
v -17.466634800 -31.576611500 -43.625000000
v -14.755519900 -33.344722800 -43.625000000
v -12.044406000 -35.112834900 -43.625000000
v -9.333293000 -36.880945200 -43.625000000
v -6.622179070 -38.649057400 -43.625000000
v -3.911065140 -41.667665500 -40.649948000
v -3.911065140 -42.918163300 -37.674911000
v -3.911065140 -44.168661100 -34.699860000
v -3.911065140 -45.419157000 -31.724808000
v -3.911065140 -46.669654900 -28.749756000
v -3.911065140 -47.920152700 -25.774719000
v -3.911065140 -49.170650500 -22.799667000
v -3.911065140 -50.421146400 -19.824615000
v -3.911065140 -51.671646100 -16.849564000
v -3.911065140 -52.922142000 -13.874527000
v -3.911065140 -54.172638000 -10.899475000
v -3.911065140 -55.423137700 -7.924423000
v -3.911065140 -56.673633600 -4.949371000
v -3.911065140 -57.924129500 -1.974335000
v -3.911065140 -59.174629200 1.000717000
v -3.911065140 -60.425125100 3.975769000
v -14.497407900 -54.771511100 6.950821000
v -17.228376400 -52.990451800 6.950821000
v -19.959344900 -51.209388700 6.950821000
v -22.690313400 -49.428329500 6.950821000
v -25.421281900 -47.647270200 6.950821000
v -28.152250300 -45.866209000 6.950821000
v -30.883220700 -44.085149800 6.950821000
v -33.614189200 -42.304088600 6.950821000
v -36.345157700 -40.523029300 6.950821000
v -39.076126100 -38.741968200 6.950821000
v -41.807094600 -36.960908900 6.950821000
v -44.538063100 -35.179847700 6.950821000
v -47.269031600 -33.398788500 6.950821000
v -6.529523890 -59.967937500 6.950821000
v -9.147981700 -58.260253900 6.950821000
v -50.000000000 -30.367231400 3.975769000
v -50.000000000 -29.116733600 1.000717000
v -50.000000000 -27.866236700 -1.974335000
v -50.000000000 -26.615738900 -4.949371000
v -50.000000000 -25.365242020 -7.924423000
v -50.000000000 -24.114744200 -10.899475000
v -50.000000000 -22.864246860 -13.874527000
v -50.000000000 -21.613749520 -16.849564000
v -50.000000000 -20.363252410 -19.824615000
v -50.000000000 -19.112755070 -22.799667000
v -50.000000000 -17.862257850 -25.774719000
v -50.000000000 -16.611760481 -28.749756000
v -50.000000000 -15.361263170 -31.724808000
v -50.000000000 -14.110765950 -34.699860000
v -50.000000000 -12.860268610 -37.674911000
v -50.000000000 -11.609771270 -40.649948000
v 6.789281330 -38.655868500 -43.625000000
v 9.489951570 -36.894567500 -43.625000000
v 12.190621340 -35.133268400 -43.625000000
v 14.891291600 -33.371967300 -43.625000000
v 17.591961800 -31.610667200 -43.625000000
v 20.292631100 -29.849366200 -43.625000000
v 22.993301400 -28.088066100 -43.625000000
v 25.693971600 -26.326766030 -43.625000000
v 28.394641800 -24.565465460 -43.625000000
v 31.095312100 -22.804165380 -43.625000000
v 33.795980400 -21.042864810 -43.625000000
v 36.496650700 -19.281564490 -43.625000000
v 39.197322800 -17.520264222 -43.625000000
v 41.897991100 -15.758963896 -43.625000000
v 44.598659500 -13.997663510 -43.625000000
v 47.299331600 -12.236363420 -43.625000000
v 50.000000000 -11.725560200 -40.649948000
v 50.000000000 -12.976057540 -37.674911000
v 50.000000000 -14.226554880 -34.699860000
v 50.000000000 -15.477052230 -31.724808000
v 50.000000000 -16.727549522 -28.749756000
v 50.000000000 -17.978046790 -25.774719000
v 50.000000000 -19.228544250 -22.799667000
v 50.000000000 -20.479041350 -19.824615000
v 50.000000000 -21.729538930 -16.849564000
v 50.000000000 -22.980036270 -13.874527000
v 50.000000000 -24.230533610 -10.899475000
v 50.000000000 -25.481030480 -7.924423000
v 50.000000000 -26.731528300 -4.949371000
v 50.000000000 -27.982025200 -1.974335000
v 50.000000000 -29.232523000 1.000717000
v 50.000000000 -30.483019800 3.975769000
v 9.325528110 -58.260253900 6.950821000
v 6.707069840 -59.967937500 6.950821000
v 47.281715400 -33.506307600 6.950821000
v 44.563426900 -35.279096600 6.950821000
v 41.845142300 -37.051885600 6.950821000
v 39.126853900 -38.824674600 6.950821000
v 36.408565500 -40.597465500 6.950821000
v 33.690280900 -42.370254500 6.950821000
v 30.971994400 -44.143043500 6.950821000
v 28.253707800 -45.915832500 6.950821000
v 25.535419400 -47.688623400 6.950821000
v 22.817132900 -49.461410500 6.950821000
v 20.098846400 -51.234203400 6.950821000
v 17.380559900 -53.006992400 6.950821000
v 14.662273400 -54.779781400 6.950821000
v 4.088611450 -60.425125100 3.975769000
v 4.088611450 -59.174629200 1.000717000
v 4.088611450 -57.924129500 -1.974335000
v 4.088611450 -56.673633600 -4.949371000
v 4.088611450 -55.423137700 -7.924423000
v 4.088611450 -54.172638000 -10.899475000
v 4.088611450 -52.922142000 -13.874527000
v 4.088611450 -51.671646100 -16.849564000
v 4.088611450 -50.421146400 -19.824615000
v 4.088611450 -49.170650500 -22.799667000
v 4.088611450 -47.920152700 -25.774719000
v 4.088611450 -46.669654900 -28.749756000
v 4.088611450 -45.419157000 -31.724808000
v 4.088611450 -44.168661100 -34.699860000
v 4.088611450 -42.918163300 -37.674911000
v 4.088611450 -41.667665500 -40.649948000
v -3.911065140 -65.053684200 14.987534000
v -3.911065140 -66.330101000 18.024246000
v -2.712990320 -41.239511500 -43.625000000
v -1.353774350 -41.753398900 -43.625000000
v 0.088773210 -41.928196000 -43.625000000
v 1.531320596 -41.753398900 -43.625000000
v 2.890536630 -41.239511500 -43.625000000
v -3.982387100 -63.564106000 23.631897000
v -1.298378740 -64.607433300 26.114075000
v 1.368180179 -64.607433300 26.114075000
v 4.017289240 -63.564106000 23.631897000
v -1.297394790 -64.607433300 30.212128000
v 1.368672037 -64.607433300 30.212128000
v -45.000000000 73.447433500 6.950821000
v -40.000000000 73.447433500 6.950821000
v -35.000000000 73.447433500 6.950821000
v -30.000000000 73.447433500 6.950821000
v -24.999998100 73.447433500 6.950821000
v -19.999998100 73.447433500 6.950821000
v -14.999998100 73.447433500 6.950821000
v -9.999999100 73.447433500 6.950821000
v -4.999998610 73.447433500 6.950821000
v 0.000001160 73.447433500 6.950821000
v 5.000001160 73.447433500 6.950821000
v 10.000001390 73.447433500 6.950821000
v 15.000000900 73.447433500 6.950821000
v 20.000001900 73.447433500 6.950821000
v 25.000001900 73.447433500 6.950821000
v 30.000001900 73.447433500 6.950821000
v 35.000000000 73.447433500 6.950821000
v 40.000000000 73.447433500 6.950821000
v 45.000000000 73.447433500 6.950821000
v 50.000000000 73.447433500 1.893234000
v 50.000000000 73.447433500 -3.164352000
v 50.000000000 73.447433500 -8.221924000
v 50.000000000 73.447433500 -13.279510000
v 50.000000000 73.447433500 -18.337097000
v 50.000000000 73.447433500 -23.394669000
v 50.000000000 73.447433500 -28.452255000
v 50.000000000 73.447433500 -33.509842000
v 50.000000000 73.447433500 -38.567413000
v 45.000000000 73.447433500 -43.625000000
v 40.000000000 73.447433500 -43.625000000
v 35.000000000 73.447433500 -43.625000000
v 30.000001900 73.447433500 -43.625000000
v 25.000001900 73.447433500 -43.625000000
v 20.000001900 73.447433500 -43.625000000
v 15.000000900 73.447433500 -43.625000000
v 10.000001390 73.447433500 -43.625000000
v 5.000001160 73.447433500 -43.625000000
v 0.000001160 73.447433500 -43.625000000
v -4.999998610 73.447433500 -43.625000000
v -9.999999100 73.447433500 -43.625000000
v -14.999998100 73.447433500 -43.625000000
v -19.999998100 73.447433500 -43.625000000
v -24.999998100 73.447433500 -43.625000000
v -30.000000000 73.447433500 -43.625000000
v -35.000000000 73.447433500 -43.625000000
v -40.000000000 73.447433500 -43.625000000
v -45.000000000 73.447433500 -43.625000000
v -50.000000000 73.447433500 -38.567413000
v -50.000000000 73.447433500 -33.509842000
v -50.000000000 73.447433500 -28.452255000
v -50.000000000 73.447433500 -23.394669000
v -50.000000000 73.447433500 -18.337097000
v -50.000000000 73.447433500 -13.279510000
v -50.000000000 73.447433500 -8.221924000
v -50.000000000 73.447433500 -3.164352000
v -50.000000000 73.447433500 1.893234000
v -1.352390560 -68.933353400 21.037796000
v -2.711468730 -68.423660300 21.046692000
v 2.889015043 -68.423660300 21.046692000
v 1.529937053 -68.933353400 21.037796000
v 4.079125010 -67.150302900 26.069687000
v 4.106061180 -68.649845100 23.543137000
v -3.893615280 -68.649845100 23.543137000
v -3.920551810 -67.150302900 26.069687000
v -3.919445070 -67.129165700 30.168121000
v -1.278301750 -73.313495600 30.188034000
v 1.525646949 -73.313495600 30.188034000
v 4.078756060 -67.129165700 30.168121000
v -1.317491090 -71.020008100 26.002136000
v -2.676569020 -70.510315000 26.011032000
v 0.106223070 -70.149868000 23.516953000
v 2.923914516 -70.510315000 26.011032000
v 1.564836526 -71.020004300 26.002136000
v -1.278211870 -73.328727700 25.961838000
v -2.640166320 -72.976001800 25.968002000
v 2.887511515 -72.976001800 25.968002000
v 1.525557244 -73.328727700 25.961838000
v 8.468010870 -51.429515900 6.950821000
v 5.080806930 -51.429515900 6.950821000
v 1.693603122 -51.429515900 6.950821000
v -1.693600690 -51.429515900 6.950821000
v -5.080804380 -51.429515900 6.950821000
v -8.468008100 -51.429515900 6.950821000
v 50.000000000 -26.724901200 6.950821000
v 50.000000000 -21.716284290 6.950821000
v 50.000000000 -16.707667722 6.950821000
v 50.000000000 -11.699051390 6.950821000
v 50.000000000 -6.690434470 6.950821000
v 50.000000000 -1.681818000 6.950821000
v 50.000000000 3.326797500 6.950821000
v 50.000000000 8.335414900 6.950821000
v 50.000000000 13.344032300 6.950821000
v 50.000000000 18.352649700 6.950821000
v 50.000000000 23.361263300 6.950821000
v 50.000000000 28.369880700 6.950821000
v 50.000000000 33.378498100 6.950821000
v 50.000000000 38.387115500 6.950821000
v 50.000000000 43.395729100 6.950821000
v 50.000000000 48.404350300 6.950821000
v 50.000000000 53.412963900 6.950821000
v 50.000000000 58.421577400 6.950821000
v 50.000000000 63.430198700 6.950821000
v 50.000000000 68.438812200 6.950821000
v -50.000000000 68.444328300 6.950821000
v -50.000000000 63.441223100 6.950821000
v -50.000000000 58.438118000 6.950821000
v -50.000000000 53.435020400 6.950821000
v -50.000000000 48.431915300 6.950821000
v -50.000000000 43.428813900 6.950821000
v -50.000000000 38.425708800 6.950821000
v -50.000000000 33.422607400 6.950821000
v -50.000000000 28.419506100 6.950821000
v -50.000000000 23.416400900 6.950821000
v -50.000000000 18.413299500 6.950821000
v -50.000000000 13.410196300 6.950821000
v -50.000000000 8.407093000 6.950821000
v -50.000000000 3.403991700 6.950821000
v -50.000000000 -1.599111600 6.950821000
v -50.000000000 -6.602214830 6.950821000
v -50.000000000 -11.605317130 6.950821000
v -50.000000000 -16.608419980 6.950821000
v -50.000000000 -21.611522690 6.950821000
v -50.000000000 -26.614625900 6.950821000
v 50.000000000 68.510810800 -43.625000000
v 50.000000000 63.574195800 -43.625000000
v 50.000000000 58.637580900 -43.625000000
v 50.000000000 53.700958200 -43.625000000
v 50.000000000 48.764343200 -43.625000000
v 50.000000000 43.827728300 -43.625000000
v 50.000000000 38.891109500 -43.625000000
v 50.000000000 33.954490600 -43.625000000
v 50.000000000 29.017875700 -43.625000000
v 50.000000000 24.081256900 -43.625000000
v 50.000000000 19.144641900 -43.625000000
v 50.000000000 14.208023100 -43.625000000
v 50.000000000 9.271406200 -43.625000000
v 50.000000000 4.334789300 -43.625000000
v 50.000000000 -0.601828600 -43.625000000
v 50.000000000 -5.538445500 -43.625000000
v -50.000000000 -5.429468200 -43.625000000
v -50.000000000 -0.499662400 -43.625000000
v -50.000000000 4.430145300 -43.625000000
v -50.000000000 9.359951000 -43.625000000
v -50.000000000 14.289756800 -43.625000000
v -50.000000000 19.219562500 -43.625000000
v -50.000000000 24.149368300 -43.625000000
v -50.000000000 29.079174000 -43.625000000
v -50.000000000 34.008979800 -43.625000000
v -50.000000000 38.938785500 -43.625000000
v -50.000000000 43.868591300 -43.625000000
v -50.000000000 48.798400900 -43.625000000
v -50.000000000 53.728202800 -43.625000000
v -50.000000000 58.658012400 -43.625000000
v -50.000000000 63.587814300 -43.625000000
v -50.000000000 68.517623900 -43.625000000
v 9.935753790 -55.797218300 8.200821000
v 7.971909960 -57.603389800 9.450821000
v 6.008066620 -59.409565000 10.700821000
v -9.846979200 -55.797218300 8.200821000
v -7.883135800 -57.603389800 9.450821000
v -5.919291530 -59.409565000 10.700821000
v 2.890538120 -63.548790000 9.450821000
v 1.531321490 -64.062675500 9.450821000
v 0.088773210 -64.237472500 9.450821000
v -1.353775300 -64.062675500 9.450821000
v -2.712991750 -63.548790000 9.450821000
v 4.041571100 -62.346302000 15.004974000
v 4.038916670 -63.476867700 18.059143000
v 1.333280647 -59.943069500 15.017120000
v -1.333278220 -59.943069500 15.017120000
v 1.333280647 -61.231922200 18.083420000
v -1.333278220 -61.231922200 18.083420000
v -47.287715900 -13.378645910 -40.649948000
v -44.575435700 -15.147518410 -40.649948000
v -41.863155400 -16.916390969 -40.649948000
v -39.150871300 -18.685265080 -40.649948000
v -36.438591000 -20.454137580 -40.649948000
v -33.726307000 -22.223011980 -40.649948000
v -31.014026700 -23.991884250 -40.649948000
v -28.301744500 -25.760757460 -40.649948000
v -25.589464200 -27.529630700 -40.649948000
v -22.877182000 -29.298503900 -40.649948000
v -20.164901800 -31.067377100 -40.649948000
v -17.452619600 -32.836248400 -40.649948000
v -14.740337400 -34.605123500 -40.649948000
v -12.028056200 -36.373996700 -40.649948000
v -9.322392500 -38.138553600 -40.649948000
v -6.616729770 -39.903110500 -40.649948000
v -47.286548700 -14.629901660 -37.674911000
v -44.573101100 -16.399535625 -37.674911000
v -41.859649700 -18.169171230 -37.674911000
v -39.146202100 -19.938805120 -37.674911000
v -36.432750700 -21.708440790 -37.674911000
v -33.719299400 -23.478076470 -37.674911000
v -31.005851800 -25.247710240 -37.674911000
v -28.292400400 -27.017345400 -37.674911000
v -25.578950900 -28.786979700 -37.674911000
v -22.865501400 -30.556614900 -37.674911000
v -20.152052000 -32.326249100 -37.674911000
v -17.438602500 -34.095884300 -37.674911000
v -14.725153000 -35.865518600 -37.674911000
v -12.011702600 -37.635154700 -37.674911000
v -9.311490100 -39.396156300 -37.674911000
v -6.611277620 -41.157157900 -37.674911000
v -47.285381400 -15.881161405 -34.699860000
v -44.570762700 -17.651558410 -34.699860000
v -41.856147800 -19.421953930 -34.699860000
v -39.141529100 -21.192350880 -34.699860000
v -36.426910400 -22.962748060 -34.699860000
v -33.712295600 -24.733142870 -34.699860000
v -30.997676900 -26.503540050 -34.699860000
v -28.283058200 -28.273937200 -34.699860000
v -25.568441400 -30.044333500 -34.699860000
v -22.853822700 -31.814730700 -34.699860000
v -20.139206000 -33.585126900 -34.699860000
v -17.424589200 -35.355522200 -34.699860000
v -14.709970500 -37.125919400 -34.699860000
v -11.995352800 -38.896316500 -34.699860000
v -9.300589600 -40.653764700 -34.699860000
v -6.605827370 -42.411211000 -34.699860000
v -47.284214100 -17.132421209 -31.724808000
v -44.568428100 -18.903579490 -31.724808000
v -41.852642100 -20.674737940 -31.724808000
v -39.136856100 -22.445896640 -31.724808000
v -36.421070100 -24.217054860 -31.724808000
v -33.705288000 -25.988211650 -31.724808000
v -30.989502000 -27.759369900 -31.724808000
v -28.273716000 -29.530529000 -31.724808000
v -25.557930000 -31.301687300 -31.724808000
v -22.842144000 -33.072845500 -31.724808000
v -20.126358100 -34.844003700 -31.724808000
v -17.410574000 -36.615161900 -31.724808000
v -14.694788000 -38.386320100 -31.724808000
v -11.979003000 -40.157478300 -31.724808000
v -9.289690100 -41.911371200 -31.724808000
v -6.600378070 -43.665264100 -31.724808000
v -47.283046800 -18.383680950 -28.749756000
v -44.566093500 -20.155600800 -28.749756000
v -41.849140200 -21.927520770 -28.749756000
v -39.132186900 -23.699440490 -28.749756000
v -36.415233600 -25.471360220 -28.749756000
v -33.698280400 -27.243280400 -28.749756000
v -30.981323300 -29.015201600 -28.749756000
v -28.264371900 -30.787120800 -28.749756000
v -25.547418600 -32.559040100 -28.749756000
v -22.830465400 -34.330961200 -28.749756000
v -20.113512100 -36.102880500 -28.749756000
v -17.396558800 -37.874799700 -28.749756000
v -14.679605500 -39.646719000 -28.749756000
v -11.962652200 -41.418640200 -28.749756000
v -9.278790500 -43.168979700 -28.749756000
v -6.594927820 -44.919317300 -28.749756000
v -47.281875600 -19.634938250 -25.774719000
v -44.563755100 -21.407619490 -25.774719000
v -41.845634500 -23.180300730 -25.774719000
v -39.127513900 -24.952981960 -25.774719000
v -36.409393300 -26.725663200 -25.774719000
v -33.691272800 -28.498344400 -25.774719000
v -30.973148400 -30.271027600 -25.774719000
v -28.255025900 -32.043708800 -25.774719000
v -25.536907200 -33.816389100 -25.774719000
v -22.818784700 -35.589071300 -25.774719000
v -20.100662300 -37.361753500 -25.774719000
v -17.382541700 -39.134435700 -25.774719000
v -14.664421100 -40.907115900 -25.774719000
v -11.946299600 -42.679798100 -25.774719000
v -9.267888100 -44.426582300 -25.774719000
v -6.589475670 -46.173366600 -25.774719000
v -47.280708300 -20.886198060 -22.799667000
v -44.561420500 -22.659640800 -22.799667000
v -41.842132600 -24.433083550 -22.799667000
v -39.122840900 -26.206527720 -22.799667000
v -36.403553000 -27.979970000 -22.799667000
v -33.684265200 -29.753413200 -22.799667000
v -30.964973500 -31.526857400 -22.799667000
v -28.245685600 -33.300300600 -22.799667000
v -25.526395800 -35.073743800 -22.799667000
v -22.807106100 -36.847187100 -22.799667000
v -20.087818200 -38.620630300 -22.799667000
v -17.368528400 -40.394073500 -22.799667000
v -14.649238600 -42.167516700 -22.799667000
v -11.929949800 -43.940959900 -22.799667000
v -9.256987600 -45.684188900 -22.799667000
v -6.584026370 -47.427419700 -22.799667000
v -47.279541100 -22.137457860 -19.824615000
v -44.559085900 -23.911662120 -19.824615000
v -41.838626900 -25.685867320 -19.824615000
v -39.118171700 -27.460071600 -19.824615000
v -36.397712700 -29.234277700 -19.824615000
v -33.677257600 -31.008482000 -19.824615000
v -30.956798600 -32.782686200 -19.824615000
v -28.236341500 -34.556892400 -19.824615000
v -25.515884400 -36.331096700 -19.824615000
v -22.795427400 -38.105302800 -19.824615000
v -20.074970300 -39.879507100 -19.824615000
v -17.354513200 -41.653711300 -19.824615000
v -14.634056100 -43.427917500 -19.824615000
v -11.913599100 -45.202121700 -19.824615000
v -9.246087100 -46.941797300 -19.824615000
v -6.578576120 -48.681472800 -19.824615000
v -47.278373800 -23.388717660 -16.849564000
v -44.556747500 -25.163684860 -16.849564000
v -41.835125000 -26.938650100 -16.849564000
v -39.113498700 -28.713617300 -16.849564000
v -36.391872400 -30.488584500 -16.849564000
v -33.670250000 -32.263549800 -16.849564000
v -30.948623700 -34.038517000 -16.849564000
v -28.226999300 -35.813484200 -16.849564000
v -25.505373000 -37.588451400 -16.849564000
v -22.783748700 -39.363416700 -16.849564000
v -20.062124300 -41.138383900 -16.849564000
v -17.340498000 -42.913351100 -16.849564000
v -14.618873600 -44.688316400 -16.849564000
v -11.897248300 -46.463283600 -16.849564000
v -9.235187600 -48.199405700 -16.849564000
v -6.573126830 -49.935524000 -16.849564000
v -47.277206500 -24.639973650 -13.874527000
v -44.554412900 -26.415701880 -13.874527000
v -41.831619300 -28.191430100 -13.874527000
v -39.108825700 -29.967159300 -13.874527000
v -36.386032100 -31.742887500 -13.874527000
v -33.663242400 -33.518615700 -13.874527000
v -30.940448800 -35.294344000 -13.874527000
v -28.217653300 -37.070072200 -13.874527000
v -25.494859700 -38.845800400 -13.874527000
v -22.772066200 -40.621528600 -13.874527000
v -20.049274500 -42.397256900 -13.874527000
v -17.326480900 -44.172985100 -13.874527000
v -14.603689200 -45.948713300 -13.874527000
v -11.880895700 -47.724441500 -13.874527000
v -9.224285200 -49.457008400 -13.874527000
v -6.567674670 -51.189575200 -13.874527000
v -47.276039200 -25.891233460 -10.899475000
v -44.552078300 -27.667723700 -10.899475000
v -41.828117400 -29.444212900 -10.899475000
v -39.104156500 -31.220703100 -10.899475000
v -36.380195700 -32.997192400 -10.899475000
v -33.656234800 -34.773683600 -10.899475000
v -30.932273900 -36.550172800 -10.899475000
v -28.208311100 -38.326664000 -10.899475000
v -25.484350200 -40.103153200 -10.899475000
v -22.760389400 -41.879644400 -10.899475000
v -20.036428500 -43.656133700 -10.899475000
v -17.312467600 -45.432624800 -10.899475000
v -14.588506700 -47.209114100 -10.899475000
v -11.864545900 -48.985603300 -10.899475000
v -9.213385600 -50.714614900 -10.899475000
v -6.562225380 -52.443626400 -10.899475000
v -47.274868000 -27.142494200 -7.924423000
v -44.549739900 -28.919746400 -7.924423000
v -41.824611700 -30.696997700 -7.924423000
v -39.099483500 -32.474248900 -7.924423000
v -36.374355400 -34.251501100 -7.924423000
v -33.649227200 -36.028751400 -7.924423000
v -30.924095200 -37.806005500 -7.924423000
v -28.198968900 -39.583255800 -7.924423000
v -25.473838800 -41.360508000 -7.924423000
v -22.748710700 -43.137758300 -7.924423000
v -20.023580600 -44.915010500 -7.924423000
v -17.298452400 -46.692262700 -7.924423000
v -14.573324200 -48.469513000 -7.924423000
v -11.848195100 -50.246765200 -7.924423000
v -9.202486100 -51.972221400 -7.924423000
v -6.556776080 -53.697677600 -7.924423000
v -47.273700800 -28.393754000 -4.949371000
v -44.547405300 -30.171767200 -4.949371000
v -41.821109800 -31.949780500 -4.949371000
v -39.094810500 -33.727794700 -4.949371000
v -36.368515100 -35.505807900 -4.949371000
v -33.642219600 -37.283819200 -4.949371000
v -30.915920300 -39.061834300 -4.949371000
v -28.189626700 -40.839847600 -4.949371000
v -25.463329400 -42.617860800 -4.949371000
v -22.737032000 -44.395874000 -4.949371000
v -20.010736500 -46.173887300 -4.949371000
v -17.284437200 -47.951902400 -4.949371000
v -14.558141700 -49.729915600 -4.949371000
v -11.831845300 -51.507927000 -4.949371000
v -9.191585600 -53.229827900 -4.949371000
v -6.551324880 -54.951732600 -4.949371000
v -47.272533500 -29.645010000 -1.974335000
v -44.545070700 -31.423784300 -1.974335000
v -41.817604100 -33.202560400 -1.974335000
v -39.090141300 -34.981334700 -1.974335000
v -36.362674700 -36.760110900 -1.974335000
v -33.635212000 -38.538885100 -1.974335000
v -30.907745400 -40.317659400 -1.974335000
v -28.180278800 -42.096435600 -1.974335000
v -25.452816000 -43.875209800 -1.974335000
v -22.725349500 -45.653986000 -1.974335000
v -19.997886700 -47.432760300 -1.974335000
v -17.270422000 -49.211536400 -1.974335000
v -14.542957300 -50.990310700 -1.974335000
v -11.815490800 -52.769084900 -1.974335000
v -9.180683200 -54.487434400 -1.974335000
v -6.545873680 -56.205780000 -1.974335000
v -47.271366200 -30.896269800 1.000717000
v -44.542732300 -32.675808000 1.000717000
v -41.814102200 -34.455343300 1.000717000
v -39.085468300 -36.234880500 1.000717000
v -36.356834400 -38.014417700 1.000717000
v -33.628204400 -39.793953000 1.000717000
v -30.899570500 -41.573490200 1.000717000
v -28.170938500 -43.353027400 1.000717000
v -25.442304600 -45.132564600 1.000717000
v -22.713672700 -46.912101800 1.000717000
v -19.985040700 -48.691639000 1.000717000
v -17.256406800 -50.471176200 1.000717000
v -14.527772900 -52.250713400 1.000717000
v -11.799141900 -54.030246700 1.000717000
v -9.169782700 -55.745040900 1.000717000
v -6.540423430 -57.459835100 1.000717000
v -47.270198900 -32.147529600 3.975769000
v -44.540397700 -33.927827800 3.975769000
v -41.810596500 -35.708126100 3.975769000
v -39.080795300 -37.488426200 3.975769000
v -36.350994100 -39.268724500 3.975769000
v -33.621196800 -41.049020800 3.975769000
v -30.891395600 -42.829320900 3.975769000
v -28.161594400 -44.609619200 3.975769000
v -25.431793200 -46.389917400 3.975769000
v -22.701994000 -48.170215600 3.975769000
v -19.972192800 -49.950515800 3.975769000
v -17.242391600 -51.730812100 3.975769000
v -14.512592400 -53.511112200 3.975769000
v -11.782792100 -55.291408600 3.975769000
v -9.158883100 -57.002647400 3.975769000
v -6.534974130 -58.713886300 3.975769000
v 6.784446200 -39.909521100 -40.649948000
v 9.480279890 -38.151374800 -40.649948000
v 12.176114050 -36.393228500 -40.649948000
v 14.877820900 -34.631250400 -40.649948000
v 17.579526900 -32.869276100 -40.649948000
v 20.281232800 -31.107298900 -40.649948000
v 22.982938700 -29.345322600 -40.649948000
v 25.684644700 -27.583346400 -40.649948000
v 28.386350600 -25.821370140 -40.649948000
v 31.088056500 -24.059394850 -40.649948000
v 33.789764400 -22.297418130 -40.649948000
v 36.491470300 -20.535441890 -40.649948000
v 39.193176200 -18.773465890 -40.649948000
v 41.894882200 -17.011489852 -40.649948000
v 44.596588100 -15.249513880 -40.649948000
v 47.298294000 -13.487537870 -40.649948000
v 6.779608690 -41.163168000 -37.674911000
v 9.470606290 -39.408176400 -37.674911000
v 12.161604850 -37.653183000 -37.674911000
v 14.864347400 -35.890531600 -37.674911000
v 17.567089000 -34.127880100 -37.674911000
v 20.269830700 -32.365227700 -37.674911000
v 22.972574200 -30.602575300 -37.674911000
v 25.675315800 -28.839923900 -37.674911000
v 28.378059400 -27.077271500 -37.674911000
v 31.080801000 -25.314620030 -37.674911000
v 33.783544500 -23.551967160 -37.674911000
v 36.486289900 -21.789315240 -37.674911000
v 39.189029700 -20.026664030 -37.674911000
v 41.891773200 -18.264011750 -37.674911000
v 44.594516700 -16.501359372 -37.674911000
v 47.297260200 -14.738706960 -37.674911000
v 6.774772610 -42.416820500 -34.699860000
v 9.460934600 -40.664981900 -34.699860000
v 12.147096600 -38.913143200 -34.699860000
v 14.850875800 -37.149814600 -34.699860000
v 17.554655000 -35.386488000 -34.699860000
v 20.258434300 -33.623159400 -34.699860000
v 22.962213500 -31.859831800 -34.699860000
v 25.665990800 -30.096505200 -34.699860000
v 28.369770000 -28.333176600 -34.699860000
v 31.073549200 -26.569849030 -34.699860000
v 33.777328500 -24.806520480 -34.699860000
v 36.481105800 -23.043193350 -34.699860000
v 39.184886900 -21.279864800 -34.699860000
v 41.888664200 -19.516537680 -34.699860000
v 44.592445300 -17.753208890 -34.699860000
v 47.296222700 -15.989881708 -34.699860000
v 6.769937480 -43.670473100 -31.724808000
v 9.451263870 -41.921787300 -31.724808000
v 12.132589300 -40.173103300 -31.724808000
v 14.837405200 -38.409099600 -31.724808000
v 17.542220100 -36.645095800 -31.724808000
v 20.247034000 -34.881092100 -31.724808000
v 22.951850900 -33.117088300 -31.724808000
v 25.656665800 -31.353085500 -31.724808000
v 28.361480700 -29.589081800 -31.724808000
v 31.066295600 -27.825078000 -31.724808000
v 33.771110500 -26.061074270 -31.724808000
v 36.475925400 -24.297070520 -31.724808000
v 39.180740300 -22.533067240 -31.724808000
v 41.885555200 -20.769063490 -31.724808000
v 44.590370100 -19.005059970 -31.724808000
v 47.295185100 -17.241056396 -31.724808000
v 6.765102350 -44.924125700 -28.749756000
v 9.441592660 -43.178594600 -28.749756000
v 12.118082960 -41.433063500 -28.749756000
v 14.823933600 -39.668384600 -28.749756000
v 17.529785100 -37.903705600 -28.749756000
v 20.235635700 -36.139024700 -28.749756000
v 22.941488200 -34.374345800 -28.749756000
v 25.647338800 -32.609666800 -28.749756000
v 28.353191300 -30.844986900 -28.749756000
v 31.059041900 -29.080307000 -28.749756000
v 33.764894400 -27.315628100 -28.749756000
v 36.470745100 -25.550948160 -28.749756000
v 39.176593700 -23.786269200 -28.749756000
v 41.882446300 -22.021589290 -28.749756000
v 44.588298800 -20.256909380 -28.749756000
v 47.294151300 -18.492229590 -28.749756000
v 6.760264360 -46.177772500 -25.774719000
v 9.431918590 -44.435396200 -25.774719000
v 12.103572810 -42.693019900 -25.774719000
v 14.810460100 -40.927663800 -25.774719000
v 17.517347300 -39.162309700 -25.774719000
v 20.224235500 -37.396953600 -25.774719000
v 22.931123700 -35.631597500 -25.774719000
v 25.638010000 -33.866243400 -25.774719000
v 28.344898200 -32.100887300 -25.774719000
v 31.051786400 -30.335532200 -25.774719000
v 33.758672700 -28.570177100 -25.774719000
v 36.465564700 -26.804821000 -25.774719000
v 39.172451000 -25.039465920 -25.774719000
v 41.879337300 -23.274111280 -25.774719000
v 44.586227400 -21.508755220 -25.774719000
v 47.293113700 -19.743400350 -25.774719000
v 6.755428760 -47.431425100 -22.799667000
v 9.422247370 -45.692203500 -22.799667000
v 12.089065520 -43.952980100 -22.799667000
v 14.796989400 -42.186948800 -22.799667000
v 17.504913300 -40.420917500 -22.799667000
v 20.212837200 -38.654886300 -22.799667000
v 22.920761100 -36.888855000 -22.799667000
v 25.628685000 -35.122823700 -22.799667000
v 28.336608900 -33.356792500 -22.799667000
v 31.044532700 -31.590762200 -22.799667000
v 33.752456600 -29.824730900 -22.799667000
v 36.460380500 -28.058699600 -22.799667000
v 39.168304400 -26.292668360 -22.799667000
v 41.876228300 -24.526637090 -22.799667000
v 44.584152200 -22.760606300 -22.799667000
v 47.292076100 -20.994575040 -22.799667000
v 6.750593630 -48.685077700 -19.824615000
v 9.412575690 -46.949009000 -19.824615000
v 12.074558220 -45.212940200 -19.824615000
v 14.783517800 -43.446231900 -19.824615000
v 17.492478300 -41.679525400 -19.824615000
v 20.201438900 -39.912818900 -19.824615000
v 22.910398400 -38.146110500 -19.824615000
v 25.619359900 -36.379404100 -19.824615000
v 28.328319500 -34.612697600 -19.824615000
v 31.037279100 -32.845991100 -19.824615000
v 33.746240600 -31.079283700 -19.824615000
v 36.455200200 -29.312576300 -19.824615000
v 39.164161600 -27.545868900 -19.824615000
v 41.873119300 -25.779163370 -19.824615000
v 44.582080800 -24.012455480 -19.824615000
v 47.291042300 -22.245748060 -19.824615000
v 6.745758500 -49.938728300 -16.849564000
v 9.402904000 -48.205814400 -16.849564000
v 12.060050930 -46.472900400 -16.849564000
v 14.770047200 -44.705516800 -16.849564000
v 17.480044300 -42.938133300 -16.849564000
v 20.190040600 -41.170751600 -16.849564000
v 22.900037700 -39.403368000 -16.849564000
v 25.610033000 -37.635984400 -16.849564000
v 28.320030200 -35.868602800 -16.849564000
v 31.030025400 -34.101219200 -16.849564000
v 33.740022600 -32.333836600 -16.849564000
v 36.450019800 -30.566453900 -16.849564000
v 39.160015100 -28.799071300 -16.849564000
v 41.870010300 -27.031688700 -16.849564000
v 44.580009400 -25.264305130 -16.849564000
v 47.290004700 -23.496922980 -16.849564000
v 6.740920980 -51.192379000 -13.874527000
v 9.393230400 -49.462616000 -13.874527000
v 12.045540770 -47.732854900 -13.874527000
v 14.756573600 -45.964796100 -13.874527000
v 17.467606500 -44.196737300 -13.874527000
v 20.178640300 -42.428678500 -13.874527000
v 22.889671300 -40.660621700 -13.874527000
v 25.600704200 -38.892562900 -13.874527000
v 28.311737000 -37.124504100 -13.874527000
v 31.022769900 -35.356445300 -13.874527000
v 33.733802800 -33.588386500 -13.874527000
v 36.444835600 -31.820328700 -13.874527000
v 39.155868500 -30.052269900 -13.874527000
v 41.866901400 -28.284211200 -13.874527000
v 44.577934200 -26.516152400 -13.874527000
v 47.288967100 -24.748093620 -13.874527000
v 6.736085860 -52.446029700 -10.899475000
v 9.383558710 -50.719425200 -10.899475000
v 12.031033480 -48.992816900 -10.899475000
v 14.743103000 -47.224081100 -10.899475000
v 17.455172500 -45.455347100 -10.899475000
v 20.167242000 -43.686611200 -10.899475000
v 22.879310600 -41.917877200 -10.899475000
v 25.591379100 -40.149143200 -10.899475000
v 28.303447700 -38.380409300 -10.899475000
v 31.015518200 -36.611673400 -10.899475000
v 33.727586700 -34.842939400 -10.899475000
v 36.439655300 -33.074205400 -10.899475000
v 39.151725700 -31.305470500 -10.899475000
v 41.863792400 -29.536736500 -10.899475000
v 44.575862800 -27.768001600 -10.899475000
v 47.287933300 -25.999266640 -10.899475000
v 6.731249300 -53.699684200 -7.924423000
v 9.373887500 -51.976230600 -7.924423000
v 12.016525230 -50.252777100 -7.924423000
v 14.729632300 -48.483364100 -7.924423000
v 17.442736600 -46.713954900 -7.924423000
v 20.155841800 -44.944543900 -7.924423000
v 22.868947900 -43.175134700 -7.924423000
v 25.582052200 -41.405723600 -7.924423000
v 28.295158400 -39.636312500 -7.924423000
v 31.008264500 -37.866903300 -7.924423000
v 33.721368800 -36.097492200 -7.924423000
v 36.434474900 -34.328083100 -7.924423000
v 39.147579200 -32.558672900 -7.924423000
v 41.860683400 -30.789262800 -7.924423000
v 44.573791500 -29.019851700 -7.924423000
v 47.286895700 -27.250441600 -7.924423000
v 6.726414170 -54.953334800 -4.949371000
v 9.364217720 -53.233036100 -4.949371000
v 12.002018890 -51.512737300 -4.949371000
v 14.716160700 -49.742649100 -4.949371000
v 17.430302600 -47.972562800 -4.949371000
v 20.144443500 -46.202476500 -4.949371000
v 22.858585300 -44.432390200 -4.949371000
v 25.572727200 -42.662303900 -4.949371000
v 28.286869000 -40.892219600 -4.949371000
v 31.001010900 -39.122133300 -4.949371000
v 33.715152700 -37.352047000 -4.949371000
v 36.429294600 -35.581958800 -4.949371000
v 39.143436400 -33.811872500 -4.949371000
v 41.857574400 -32.041788100 -4.949371000
v 44.571716300 -30.271701800 -4.949371000
v 47.285858100 -28.501616500 -4.949371000
v 6.721576180 -56.206985500 -1.974335000
v 9.354543650 -54.489837700 -1.974335000
v 11.987509690 -52.772689800 -1.974335000
v 14.702687200 -51.001930300 -1.974335000
v 17.417863800 -49.231166900 -1.974335000
v 20.133043300 -47.460405400 -1.974335000
v 22.848220800 -45.689643900 -1.974335000
v 25.563400200 -43.918880500 -1.974335000
v 28.278577800 -42.148119000 -1.974335000
v 30.993755300 -40.377357500 -1.974335000
v 33.708930900 -38.606596000 -1.974335000
v 36.424110400 -36.835834500 -1.974335000
v 39.139289800 -35.065071100 -1.974335000
v 41.854469300 -33.294309600 -1.974335000
v 44.569644900 -31.523548100 -1.974335000
v 47.284824300 -29.752785700 -1.974335000
v 6.716741050 -57.460636200 1.000717000
v 9.344871960 -55.746643100 1.000717000
v 11.973001440 -54.032653800 1.000717000
v 14.689215600 -52.261215200 1.000717000
v 17.405430800 -50.489776600 1.000717000
v 20.121644900 -48.718338000 1.000717000
v 22.837858200 -46.946901300 1.000717000
v 25.554073300 -45.175462700 1.000717000
v 28.270288400 -43.404024100 1.000717000
v 30.986501700 -41.632587400 1.000717000
v 33.702716800 -39.861148800 1.000717000
v 36.418930000 -38.089712200 1.000717000
v 39.135143200 -36.318273600 1.000717000
v 41.851360300 -34.546835000 1.000717000
v 44.567573500 -32.775398300 1.000717000
v 47.283786700 -31.003960600 1.000717000
v 6.711906400 -58.714286800 3.975769000
v 9.335200750 -57.003448500 3.975769000
v 11.958495100 -55.292610200 3.975769000
v 14.675745900 -53.520496400 3.975769000
v 17.392995800 -51.748382600 3.975769000
v 20.110246600 -49.976268800 3.975769000
v 22.827495500 -48.204156900 3.975769000
v 25.544746400 -46.432043100 3.975769000
v 28.261997200 -44.659929300 3.975769000
v 30.979248000 -42.887815500 3.975769000
v 33.696498800 -41.115701700 3.975769000
v 36.413749700 -39.343587900 3.975769000
v 39.131000500 -37.571474100 3.975769000
v 41.848251300 -35.799360300 3.975769000
v 44.565502100 -34.027246500 3.975769000
v 47.282749100 -32.255134600 3.975769000
v -3.958105600 -62.346302000 15.004974000
v -3.960760150 -63.476867700 18.059143000
v -2.712990800 -42.490011200 -40.649948000
v -1.353774820 -43.003896700 -40.649948000
v 0.088773210 -43.178695700 -40.649948000
v 1.531321013 -43.003896700 -40.649948000
v 2.890537345 -42.490011200 -40.649948000
v -2.712989370 -43.740505200 -37.674911000
v -1.353773630 -44.254390700 -37.674911000
v 0.088773210 -44.429189700 -37.674911000
v 1.531320000 -44.254390700 -37.674911000
v 2.890535438 -43.740505200 -37.674911000
v -2.712989370 -44.991003100 -34.699860000
v -1.353773870 -45.504888500 -34.699860000
v 0.088773210 -45.679687500 -34.699860000
v 1.531320238 -45.504888500 -34.699860000
v 2.890535855 -44.991003100 -34.699860000
v -2.712990800 -46.241500900 -31.724808000
v -1.353774580 -46.755386400 -31.724808000
v 0.088773210 -46.930185300 -31.724808000
v 1.531320834 -46.755386400 -31.724808000
v 2.890536928 -46.241500900 -31.724808000
v -2.712991270 -47.492000600 -28.749756000
v -1.353774820 -48.005886100 -28.749756000
v 0.088773210 -48.180685100 -28.749756000
v 1.531321072 -48.005886100 -28.749756000
v 2.890537345 -47.492000600 -28.749756000
v -2.712989370 -48.742492700 -25.774719000
v -1.353773870 -49.256378200 -25.774719000
v 0.088773210 -49.431179100 -25.774719000
v 1.531320000 -49.256378200 -25.774719000
v 2.890535497 -48.742492700 -25.774719000
v -2.712990320 -49.992992400 -22.799667000
v -1.353774350 -50.506877900 -22.799667000
v 0.088773210 -50.681678800 -22.799667000
v 1.531320596 -50.506877900 -22.799667000
v 2.890536570 -49.992992400 -22.799667000
v -2.712989840 -51.243492100 -19.824615000
v -1.353774110 -51.757377600 -19.824615000
v 0.088773210 -51.932174700 -19.824615000
v 1.531320476 -51.757377600 -19.824615000
v 2.890536332 -51.243492100 -19.824615000
v -2.712991270 -52.493988100 -16.849564000
v -1.353774820 -53.007877400 -16.849564000
v 0.088773210 -53.182674400 -16.849564000
v 1.531321072 -53.007877400 -16.849564000
v 2.890537405 -52.493988100 -16.849564000
v -2.712989840 -53.744484000 -13.874527000
v -1.353774110 -54.258369500 -13.874527000
v 0.088773210 -54.433166500 -13.874527000
v 1.531320417 -54.258369500 -13.874527000
v 2.890536213 -53.744484000 -13.874527000
v -2.712989840 -54.994983700 -10.899475000
v -1.353774110 -55.508869200 -10.899475000
v 0.088773210 -55.683666200 -10.899475000
v 1.531320238 -55.508869200 -10.899475000
v 2.890535915 -54.994983700 -10.899475000
v -2.712990800 -56.245479600 -7.924423000
v -1.353774580 -56.759365100 -7.924423000
v 0.088773210 -56.934166000 -7.924423000
v 1.531320834 -56.759365100 -7.924423000
v 2.890537047 -56.245479600 -7.924423000
v -2.712990320 -57.495979300 -4.949371000
v -1.353774350 -58.009864800 -4.949371000
v 0.088773210 -58.184665700 -4.949371000
v 1.531320715 -58.009864800 -4.949371000
v 2.890536749 -57.495979300 -4.949371000
v -2.712989370 -58.746471400 -1.974335000
v -1.353773870 -59.260356900 -1.974335000
v 0.088773210 -59.435157800 -1.974335000
v 1.531320059 -59.260356900 -1.974335000
v 2.890535557 -58.746471400 -1.974335000
v -2.712990320 -59.996971100 1.000717000
v -1.353774350 -60.510856600 1.000717000
v 0.088773210 -60.685657500 1.000717000
v 1.531320655 -60.510856600 1.000717000
v 2.890536630 -59.996971100 1.000717000
v -2.712990320 -61.247470900 3.975769000
v -1.353774350 -61.761356400 3.975769000
v 0.088773210 -61.936153400 3.975769000
v 1.531320476 -61.761356400 3.975769000
v 2.890536392 -61.247470900 3.975769000
v -1.315828360 -63.564102200 23.631897000
v 1.350730383 -63.564102200 23.631897000
v -45.000000000 73.447433500 1.893234000
v -40.000000000 73.447433500 1.893234000
v -35.000000000 73.447433500 1.893234000
v -30.000000000 73.447433500 1.893234000
v -24.999998100 73.447433500 1.893234000
v -19.999998100 73.447433500 1.893234000
v -14.999998100 73.447433500 1.893234000
v -9.999999100 73.447433500 1.893234000
v -4.999998610 73.447433500 1.893234000
v 0.000001160 73.447433500 1.893234000
v 5.000001160 73.447433500 1.893234000
v 10.000001390 73.447433500 1.893234000
v 15.000000900 73.447433500 1.893234000
v 20.000001900 73.447433500 1.893234000
v 25.000001900 73.447433500 1.893234000
v 30.000001900 73.447433500 1.893234000
v 35.000000000 73.447433500 1.893234000
v 40.000000000 73.447433500 1.893234000
v 45.000000000 73.447433500 1.893234000
v -45.000000000 73.447433500 -3.164352000
v -40.000000000 73.447433500 -3.164352000
v -35.000000000 73.447433500 -3.164352000
v -30.000000000 73.447433500 -3.164352000
v -24.999998100 73.447433500 -3.164352000
v -19.999998100 73.447433500 -3.164352000
v -14.999998100 73.447433500 -3.164352000
v -9.999999100 73.447433500 -3.164352000
v -4.999998610 73.447433500 -3.164352000
v 0.000001160 73.447433500 -3.164352000
v 5.000001160 73.447433500 -3.164352000
v 10.000001390 73.447433500 -3.164352000
v 15.000000900 73.447433500 -3.164352000
v 20.000001900 73.447433500 -3.164352000
v 25.000001900 73.447433500 -3.164352000
v 30.000001900 73.447433500 -3.164352000
v 35.000000000 73.447433500 -3.164352000
v 40.000000000 73.447433500 -3.164352000
v 45.000000000 73.447433500 -3.164352000
v -45.000000000 73.447433500 -8.221924000
v -40.000000000 73.447433500 -8.221924000
v -35.000000000 73.447433500 -8.221924000
v -30.000000000 73.447433500 -8.221924000
v -24.999998100 73.447433500 -8.221924000
v -19.999998100 73.447433500 -8.221924000
v -14.999998100 73.447433500 -8.221924000
v -9.999999100 73.447433500 -8.221924000
v -4.999998610 73.447433500 -8.221924000
v 0.000001160 73.447433500 -8.221924000
v 5.000001160 73.447433500 -8.221924000
v 10.000001390 73.447433500 -8.221924000
v 15.000000900 73.447433500 -8.221924000
v 20.000001900 73.447433500 -8.221924000
v 25.000001900 73.447433500 -8.221924000
v 30.000001900 73.447433500 -8.221924000
v 35.000000000 73.447433500 -8.221924000
v 40.000000000 73.447433500 -8.221924000
v 45.000000000 73.447433500 -8.221924000
v -45.000000000 73.447433500 -13.279510000
v -40.000000000 73.447433500 -13.279510000
v -35.000000000 73.447433500 -13.279510000
v -30.000000000 73.447433500 -13.279510000
v -24.999998100 73.447433500 -13.279510000
v -19.999998100 73.447433500 -13.279510000
v -14.999998100 73.447433500 -13.279510000
v -9.999999100 73.447433500 -13.279510000
v -4.999998610 73.447433500 -13.279510000
v 0.000001160 73.447433500 -13.279510000
v 5.000001160 73.447433500 -13.279510000
v 10.000001390 73.447433500 -13.279510000
v 15.000000900 73.447433500 -13.279510000
v 20.000001900 73.447433500 -13.279510000
v 25.000001900 73.447433500 -13.279510000
v 30.000001900 73.447433500 -13.279510000
v 35.000000000 73.447433500 -13.279510000
v 40.000000000 73.447433500 -13.279510000
v 45.000000000 73.447433500 -13.279510000
v -45.000000000 73.447433500 -18.337097000
v -40.000000000 73.447433500 -18.337097000
v -35.000000000 73.447433500 -18.337097000
v -30.000000000 73.447433500 -18.337097000
v -24.999998100 73.447433500 -18.337097000
v -19.999998100 73.447433500 -18.337097000
v -14.999998100 73.447433500 -18.337097000
v -9.999999100 73.447433500 -18.337097000
v -4.999998610 73.447433500 -18.337097000
v 0.000001160 73.447433500 -18.337097000
v 5.000001160 73.447433500 -18.337097000
v 10.000001390 73.447433500 -18.337097000
v 15.000000900 73.447433500 -18.337097000
v 20.000001900 73.447433500 -18.337097000
v 25.000001900 73.447433500 -18.337097000
v 30.000001900 73.447433500 -18.337097000
v 35.000000000 73.447433500 -18.337097000
v 40.000000000 73.447433500 -18.337097000
v 45.000000000 73.447433500 -18.337097000
v -45.000000000 73.447433500 -23.394669000
v -40.000000000 73.447433500 -23.394669000
v -35.000000000 73.447433500 -23.394669000
v -30.000000000 73.447433500 -23.394669000
v -24.999998100 73.447433500 -23.394669000
v -19.999998100 73.447433500 -23.394669000
v -14.999998100 73.447433500 -23.394669000
v -9.999999100 73.447433500 -23.394669000
v -4.999998610 73.447433500 -23.394669000
v 0.000001160 73.447433500 -23.394669000
v 5.000001160 73.447433500 -23.394669000
v 10.000001390 73.447433500 -23.394669000
v 15.000000900 73.447433500 -23.394669000
v 20.000001900 73.447433500 -23.394669000
v 25.000001900 73.447433500 -23.394669000
v 30.000001900 73.447433500 -23.394669000
v 35.000000000 73.447433500 -23.394669000
v 40.000000000 73.447433500 -23.394669000
v 45.000000000 73.447433500 -23.394669000
v -45.000000000 73.447433500 -28.452255000
v -40.000000000 73.447433500 -28.452255000
v -35.000000000 73.447433500 -28.452255000
v -30.000000000 73.447433500 -28.452255000
v -24.999998100 73.447433500 -28.452255000
v -19.999998100 73.447433500 -28.452255000
v -14.999998100 73.447433500 -28.452255000
v -9.999999100 73.447433500 -28.452255000
v -4.999998610 73.447433500 -28.452255000
v 0.000001160 73.447433500 -28.452255000
v 5.000001160 73.447433500 -28.452255000
v 10.000001390 73.447433500 -28.452255000
v 15.000000900 73.447433500 -28.452255000
v 20.000001900 73.447433500 -28.452255000
v 25.000001900 73.447433500 -28.452255000
v 30.000001900 73.447433500 -28.452255000
v 35.000000000 73.447433500 -28.452255000
v 40.000000000 73.447433500 -28.452255000
v 45.000000000 73.447433500 -28.452255000
v -45.000000000 73.447433500 -33.509842000
v -40.000000000 73.447433500 -33.509842000
v -35.000000000 73.447433500 -33.509842000
v -30.000000000 73.447433500 -33.509842000
v -24.999998100 73.447433500 -33.509842000
v -19.999998100 73.447433500 -33.509842000
v -14.999998100 73.447433500 -33.509842000
v -9.999999100 73.447433500 -33.509842000
v -4.999998610 73.447433500 -33.509842000
v 0.000001160 73.447433500 -33.509842000
v 5.000001160 73.447433500 -33.509842000
v 10.000001390 73.447433500 -33.509842000
v 15.000000900 73.447433500 -33.509842000
v 20.000001900 73.447433500 -33.509842000
v 25.000001900 73.447433500 -33.509842000
v 30.000001900 73.447433500 -33.509842000
v 35.000000000 73.447433500 -33.509842000
v 40.000000000 73.447433500 -33.509842000
v 45.000000000 73.447433500 -33.509842000
v -45.000000000 73.447433500 -38.567413000
v -40.000000000 73.447433500 -38.567413000
v -35.000000000 73.447433500 -38.567413000
v -30.000000000 73.447433500 -38.567413000
v -24.999998100 73.447433500 -38.567413000
v -19.999998100 73.447433500 -38.567413000
v -14.999998100 73.447433500 -38.567413000
v -9.999999100 73.447433500 -38.567413000
v -4.999998610 73.447433500 -38.567413000
v 0.000001160 73.447433500 -38.567413000
v 5.000001160 73.447433500 -38.567413000
v 10.000001390 73.447433500 -38.567413000
v 15.000000900 73.447433500 -38.567413000
v 20.000001900 73.447433500 -38.567413000
v 25.000001900 73.447433500 -38.567413000
v 30.000001900 73.447433500 -38.567413000
v 35.000000000 73.447433500 -38.567413000
v 40.000000000 73.447433500 -38.567413000
v 45.000000000 73.447433500 -38.567413000
v -2.712482490 -65.874294300 14.982773000
v -1.353313480 -66.386779800 14.979813000
v 0.088773210 -66.561042800 14.978806000
v 1.530859852 -66.386779800 14.979813000
v 2.890028679 -65.874294300 14.982773000
v -2.711976090 -67.148979200 18.014740000
v -1.352851670 -67.660068500 18.008804000
v 0.088773210 -67.833793700 18.006790000
v 1.530397856 -67.660068500 18.008804000
v 2.889522278 -67.148979200 18.014740000
v 4.057693560 -65.878868100 23.591492000
v -3.941982780 -65.878868100 23.591492000
v 1.430190646 -67.431778000 30.210068000
v -1.270875730 -67.431793200 30.210358000
v 1.491117024 -70.254859900 30.134644000
v -1.243771830 -70.254859900 30.134644000
v -1.334940950 -69.976680800 23.519974000
v -2.694019830 -69.466987600 23.528870000
v 2.906465614 -69.466987600 23.528870000
v 1.547386908 -69.976680800 23.519974000
v 3.388091410 -56.246875800 10.284775000
v 1.057707870 -55.453922300 9.735992000
v 5.523126090 -54.438285800 9.033096000
v -6.096496620 -54.114643100 8.809113000
v -3.691641840 -55.753700300 9.943451000
v 2.009138489 -52.600483000 7.761200000
v -1.472670350 -53.721412700 8.536972000
v 3.328022680 -53.703407300 8.524506000
v -7.676344910 -52.702354400 7.831711000
v 7.378602470 -52.799404200 7.898880000
v 4.589138470 -52.394008700 7.618317000
v -5.102241550 -52.825244900 7.916763000
v 13.954621300 -53.179477700 6.950821000
v 23.925045000 -44.860763600 6.950821000
v 21.357570600 -46.241077400 6.950821000
v 31.753601000 -39.688575800 6.950821000
v 18.988340300 -47.207443300 6.950821000
v 36.817737500 -35.770368600 6.950821000
v 41.872913300 -30.939317700 6.950821000
v 26.547100000 -43.236644800 6.950821000
v 39.312103200 -33.551570900 6.950821000
v 29.173685000 -41.498289100 6.950821000
v 34.312541900 -37.784818700 6.950821000
v -13.955371900 -53.076122300 6.950821000
v -23.894802100 -45.124750200 6.950821000
v -26.512622900 -43.484848000 6.950821000
v -14.664148400 -49.737579400 6.950821000
v -18.963172900 -47.745716100 6.950821000
v -21.320163800 -46.613123000 6.950821000
v -29.122499500 -41.750566500 6.950821000
v -31.719253600 -39.945447900 6.950821000
v -34.296676700 -38.119840600 6.950821000
v -39.576103200 -34.369007100 6.950821000
v -42.318729400 -32.324629800 6.950821000
v -36.908893600 -36.269409200 6.950821000
v 11.253856620 -48.463630700 6.950821000
v -5.203633820 -48.065338100 6.950821000
v 8.130357710 -48.467981400 6.950821000
v 4.854034150 -48.421909300 6.950821000
v 1.532526100 -48.342924100 6.950821000
v -1.817058600 -48.225204500 6.950821000
v -8.655729300 -47.861852700 6.950821000
v -12.411480000 -47.648037000 6.950821000
v 13.868565500 -48.702671100 6.950821000
v 22.345733600 -41.966529900 6.950821000
v 29.786066000 -37.059207900 6.950821000
v 16.830108600 -47.659687100 6.950821000
v 36.595306400 -30.774560000 6.950821000
v 24.852542800 -40.491609600 6.950821000
v 19.909072800 -43.201778400 6.950821000
v 34.414127300 -33.086393400 6.950821000
v 38.669078800 -28.025137000 6.950821000
v 27.365209500 -38.836944600 6.950821000
v 32.147333100 -35.145937000 6.950821000
v -29.702606200 -37.562656400 6.950821000
v -24.836586000 -41.053695700 6.950821000
v -27.287302100 -39.403205900 6.950821000
v -37.312378000 -31.956253100 6.950821000
v -19.845783300 -43.900592800 6.950821000
v -16.717531200 -48.472459800 6.950821000
v -34.671756800 -33.847847000 6.950821000
v -22.369283700 -42.568990700 6.950821000
v -32.119655600 -35.695602400 6.950821000
v -39.901573200 -29.880465500 6.950821000
v 1.461545968 -45.242229500 6.950821000
v -5.126027620 -44.736299500 6.950821000
v 4.696252790 -45.379974400 6.950821000
v -1.808795490 -45.040000900 6.950821000
v 7.894638980 -45.468175900 6.950821000
v -8.454742500 -44.310928400 6.950821000
v 14.536792700 -45.651229900 6.950821000
v 27.824865300 -34.451856600 6.950821000
v 25.603376400 -36.192083400 6.950821000
v 23.212497700 -37.726659800 6.950821000
v 29.956176700 -32.608821900 6.950821000
v 16.190947500 -41.552228900 6.950821000
v 20.765787100 -39.037017800 6.950821000
v 32.005474100 -30.647661200 6.950821000
v 33.898214300 -28.470488600 6.950821000
v 35.522861400 -25.881037730 6.950821000
v -25.418388400 -37.162540400 6.950821000
v -27.538320600 -35.214370700 6.950821000
v -23.117355400 -38.614868200 6.950821000
v -29.750290000 -33.169857000 6.950821000
v -18.326681200 -41.385709800 6.950821000
v -20.920904200 -40.147243500 6.950821000
v -32.429767600 -31.376627000 6.950821000
v -39.591865600 -25.554418580 6.950821000
v -37.250160300 -27.597900400 6.950821000
v -15.459438400 -46.183523200 6.950821000
v 1.467360163 -42.138841600 6.950821000
v -1.673160830 -41.903574000 6.950821000
v 4.587705810 -42.291345600 6.950821000
v -4.853235280 -41.461759600 6.950821000
v 7.675311050 -42.402637500 6.950821000
v 44.968444800 -27.342386300 6.950821000
v -42.547676100 -27.467726700 6.950821000
v 31.438726400 -26.482040420 6.950821000
v 32.764709400 -24.320018310 6.950821000
v -30.472274800 -28.613182100 6.950821000
v -34.167278300 -25.045393960 6.950821000
v 27.773544300 -30.053788200 6.950821000
v 29.732475200 -28.311585400 6.950821000
v 18.431356400 -40.230283800 6.950821000
v 25.826618200 -31.807637200 6.950821000
v -26.957658800 -30.275760700 6.950821000
v 19.258441900 -36.023523300 6.950821000
v 23.958723000 -33.638711900 6.950821000
v -24.950958300 -33.154581100 6.950821000
v -17.320915300 -38.331382800 6.950821000
v -19.717544600 -38.060260800 6.950821000
v -21.046548900 -35.691671400 6.950821000
v -37.841899900 -23.484593880 6.950821000
v -11.819829000 -43.736396800 6.950821000
v 15.126124300 -39.232200600 6.950821000
v -15.370739000 -43.012920400 6.950821000
v 1.483223820 -39.006294300 6.950821000
v -1.462179220 -38.873857500 6.950821000
v -7.975424800 -40.753412300 6.950821000
v 10.711977920 -42.446437800 6.950821000
v 4.489034140 -39.094017000 6.950821000
v -4.381472150 -38.409229300 6.950821000
v 40.433364800 -24.593541160 6.950821000
v -40.893173300 -23.284301290 6.950821000
v 11.097885100 -45.520141600 6.950821000
v 29.471473700 -24.596033110 6.950821000
v -29.288488400 -25.141712200 6.950821000
v -26.762949000 -27.236015300 6.950821000
v 27.775403900 -25.845793740 6.950821000
v -29.909389500 -21.727447520 6.950821000
v -22.844238300 -29.031426400 6.950821000
v 25.740371700 -27.335550300 6.950821000
v 23.282466900 -29.043765100 6.950821000
v 15.808997100 -33.260229100 6.950821000
v -11.151212700 -39.899484600 6.950821000
v 18.320686300 -32.855058700 6.950821000
v 20.604433000 -32.177209900 6.950821000
v -21.659109200 -32.135957700 6.950821000
v -17.315326700 -34.936611200 6.950821000
v 12.988752300 -39.228532800 6.950821000
v 1.373050892 -35.819467600 6.950821000
v 4.353628120 -35.792759000 6.950821000
v 7.466166460 -39.180704100 6.950821000
v -1.432452710 -35.920286200 6.950821000
v 36.696117400 -22.712282670 6.950821000
v -37.295719200 -20.901448260 6.950821000
v 45.548259700 -21.231755750 6.950821000
v -44.710510300 -24.430018440 6.950821000
v 26.466499300 -23.027936950 6.950821000
v -24.153144900 -26.128783240 6.950821000
v -25.403637000 -23.578452120 6.950821000
v 24.363910600 -24.407916080 6.950821000
v 21.987886400 -25.403306970 6.950821000
v -19.363653200 -27.543113700 6.950821000
v 20.150011000 -29.213406600 6.950821000
v 15.735604300 -30.458227200 6.950821000
v 17.662708200 -29.766485200 6.950821000
v -17.863636100 -31.161849000 6.950821000
v -13.745653200 -35.008840600 6.950821000
v 13.054026600 -36.213270200 6.950821000
v 1.020169220 -32.667087600 6.950821000
v -14.335350100 -39.051551800 6.950821000
v -3.677817860 -36.074310300 6.950821000
v 7.315767730 -35.833133700 6.950821000
v 33.494691800 -21.518945710 6.950821000
v -33.267765100 -18.876741900 6.950821000
v 41.257385200 -20.082018150 6.950821000
v -41.061863000 -20.449594270 6.950821000
v 10.194819410 -35.943271700 6.950821000
v 10.144169770 -32.402145400 6.950821000
v -10.279769000 -35.986297600 6.950821000
v 23.420362400 -22.018361110 6.950821000
v -22.300916700 -20.194369330 6.950821000
v 21.258655500 -22.180648340 6.950821000
v -21.580354700 -23.910067570 6.950821000
v 19.309768600 -26.028011340 6.950821000
v -15.746494300 -25.860759750 6.950821000
v 16.479051600 -26.822528900 6.950821000
v 13.414464900 -28.494871200 6.950821000
v -13.239364700 -30.066992800 6.950821000
v 0.545125210 -29.627068500 6.950821000
v -5.319704570 -33.771339400 6.950821000
v 4.142717210 -32.450703600 6.950821000
v 30.538747800 -23.122828970 6.950821000
v 37.190811100 -18.978876840 6.950821000
v -30.666378100 -19.435220020 6.950821000
v 21.347276700 -19.141328110 6.950821000
v -19.128564900 -19.032953280 6.950821000
v 18.536796500 -22.619073400 6.950821000
v -17.725866400 -22.301078330 6.950821000
v 15.544275200 -23.142893330 6.950821000
v 12.486374800 -23.745895880 6.950821000
v -12.498169900 -23.436887280 6.950821000
v -3.302378210 -30.174105700 6.950821000
v -8.902049100 -32.042434700 6.950821000
v 3.815979800 -29.112751000 6.950821000
v 28.653615900 -22.432789340 6.950821000
v 33.334920800 -18.374448310 6.950821000
v -26.232887300 -20.031092420 6.950821000
v -32.195678700 -16.232672258 6.950821000
v 41.401264200 -15.402309430 6.950821000
v -36.679367100 -17.951222790 6.950821000
v 45.690738600 -16.106866999 6.950821000
v -45.305286400 -20.776443500 6.950821000
v 6.934160670 -28.704048200 6.950821000
v 18.291456200 -19.274567860 6.950821000
v -16.315984800 -17.270237519 6.950821000
v -9.613347100 -20.654062280 6.950821000
v 11.862645110 -19.346138010 6.950821000
v 6.347444500 -24.841920870 6.950821000
v -6.872435610 -28.468662300 6.950821000
v 0.344662750 -26.509224910 6.950821000
v -2.310574090 -26.430526750 6.950821000
v 10.055069890 -28.468965500 6.950821000
v -9.990934400 -26.298768060 6.950821000
v 29.289249400 -18.999078290 6.950821000
v 25.043870900 -19.490032210 6.950821000
v -35.537212400 -14.979471220 6.950821000
v 37.164878800 -14.742389690 6.950821000
v -29.137989100 -17.579848900 6.950821000
v -40.584117900 -16.972825660 6.950821000
v -11.717945100 -18.061196100 6.950821000
v 2.208474783 -22.309078230 6.950821000
v -4.805705580 -25.000479710 6.950821000
v -2.481385270 -21.979697720 6.950821000
v -7.298243560 -23.019656670 6.950821000
v 21.107393200 -15.924774720 6.950821000
v 32.890693600 -14.370884670 6.950821000
v -20.591526100 -16.127335085 6.950821000
v 9.427962270 -24.206893930 6.950821000
v -39.123615300 -13.335476170 6.950821000
v 41.353984800 -10.710345760 6.950821000
v -30.838939700 -13.600966230 6.950821000
v 45.697788200 -11.196831720 6.950821000
v -44.959911400 -16.275168254 6.950821000
v -4.771263640 -19.991246710 6.950821000
v 0.387839040 -19.016652120 6.950821000
v 5.310579500 -20.903158680 6.950821000
v 15.388008100 -15.488118780 6.950821000
v 24.491024000 -14.974581370 6.950821000
v -7.026270900 -17.731038350 6.950821000
v 37.015747000 -10.275376330 6.950821000
v -22.598503100 -17.578713371 6.950821000
v -13.586228400 -15.291533720 6.950821000
v -36.176696800 -10.311315550 6.950821000
v -26.103605300 -10.962164890 6.950821000
v 45.656013500 -6.308143600 6.950821000
v -43.549934400 -10.796542180 6.950821000
v -7.138291390 -37.252525300 6.950821000
v -2.506866490 -17.233999266 6.950821000
v -22.890234000 -13.674845710 6.950821000
v -4.706056630 -14.897905360 6.950821000
v 28.551910400 -14.508413570 6.950821000
v -11.154888200 -13.759272830 6.950821000
v -18.055408500 -14.300744790 6.950821000
v 19.607170100 -13.298673170 6.950821000
v 32.579818700 -9.982594030 6.950821000
v 41.291343700 -5.958417900 6.950821000
v -32.193241200 -8.943835750 6.950821000
v -0.874023950 -14.990285530 6.950821000
v 27.954303700 -9.922813910 6.950821000
v 16.545032500 -11.867656720 6.950821000
v 22.825002600 -10.153692260 6.950821000
v -15.022070000 -12.281291500 6.950821000
v -28.000139300 -7.171384820 6.950821000
v -33.764572200 -5.436695100 6.950821000
v 36.918884200 -5.660298400 6.950821000
v -7.155768430 -12.339241040 6.950821000
v 45.626056600 -1.389703800 6.950821000
v -38.245658900 -7.401891720 6.950821000
v -10.850066200 -10.183036820 6.950821000
v 12.935717500 -10.857020870 6.950821000
v 18.224491100 -8.252103820 6.950821000
v -16.962661800 -9.502803820 6.950821000
v 32.484281500 -5.436476700 6.950821000
v -35.052856500 -1.865490900 6.950821000
v -22.418783200 -8.680300730 6.950821000
v -29.491331100 -3.790191700 6.950821000
v 41.248416900 -1.133576400 6.950821000
v -1.872027430 -12.377354160 6.950821000
v -44.660373700 -5.557337800 6.950821000
v -15.252788600 68.733581500 6.950821000
v 5.103645770 68.639518700 6.950821000
v 20.289011000 68.703720100 6.950821000
v 10.204102960 68.660804700 6.950821000
v -0.008051430 68.632988000 6.950821000
v -10.189870900 68.693161000 6.950821000
v -20.293659200 68.760108900 6.950821000
v -25.304685600 68.770385700 6.950821000
v -30.296672900 68.759025600 6.950821000
v -35.271610300 68.726692200 6.950821000
v -40.221447000 68.670112600 6.950821000
v -5.107371370 68.653137200 6.950821000
v -45.677005800 24.015167200 6.950821000
v -45.580452000 33.970455200 6.950821000
v -45.629562400 28.992874100 6.950821000
v -45.724578900 19.046684300 6.950821000
v -45.494171200 43.921035800 6.950821000
v -45.446315800 48.872955300 6.950821000
v -45.328620900 58.753837600 6.950821000
v 45.415859200 38.652877800 6.950821000
v 45.201637200 63.603584300 6.950821000
v 45.304927800 53.663116400 6.950821000
v 45.374874100 43.661361700 6.950821000
v 45.450973500 33.612606000 6.950821000
v 45.533294600 18.530456500 6.950821000
v 45.492752000 28.573341400 6.950821000
v 45.526378600 23.548099500 6.950821000
v 45.544807400 13.522928200 6.950821000
v 45.334308600 48.666252100 6.950821000
v 45.257102900 58.638732900 6.950821000
v 45.121570600 68.546348600 6.950821000
v 1.486246252 -15.416758550 6.950821000
v -45.400104600 -29.936984100 6.950821000
v 8.521750890 -19.724360240 6.950821000
v 11.809692350 -14.919893640 6.950821000
v 11.181761710 -6.116407400 6.950821000
v -13.723532700 -7.265366570 6.950821000
v 15.314661900 -3.507940300 6.950821000
v 23.488382300 -4.969645500 6.950821000
v 27.973569800 -5.272515300 6.950821000
v -25.473434500 -2.339304000 6.950821000
v 36.891727400 -0.920909900 6.950821000
v 3.761964050 -17.245706512 6.950821000
v -4.181917230 -9.079144010 6.950821000
v -30.645542200 -0.322835900 6.950821000
v -40.573902200 0.653783800 6.950821000
v -24.196346300 -5.577644400 6.950821000
v 15.265452300 68.684989900 6.950821000
v -45.141414700 68.582687400 6.950821000
v -15.549575800 64.079269400 6.950821000
v -10.431244900 64.012970000 6.950821000
v 10.399482690 63.947692900 6.950821000
v 25.285722700 68.701461800 6.950821000
v 30.265214900 68.683845500 6.950821000
v 5.182851760 63.914978000 6.950821000
v -25.619308500 64.111770600 6.950821000
v -5.258576910 63.942413300 6.950821000
v -0.053437750 63.902267400 6.950821000
v -20.613456800 64.110885600 6.950821000
v -30.588745200 64.067932100 6.950821000
v -35.523258200 63.983329800 6.950821000
v -40.412426000 63.857437100 6.950821000
v 35.233837100 68.655113200 6.950821000
v -45.741600100 14.094371800 6.950821000
v -45.534835900 38.945842700 6.950821000
v -45.392463700 53.818618800 6.950821000
v -45.246242600 63.678970300 6.950821000
v -45.694465700 9.159948300 6.950821000
v -41.314590500 24.582679700 6.950821000
v -40.918499000 44.348972300 6.950821000
v -41.391979300 19.664714800 6.950821000
v -41.219078100 29.523357400 6.950821000
v 40.816558800 38.803558300 6.950821000
v 40.927360500 33.730583200 6.950821000
v 45.569358800 8.529926300 6.950821000
v 41.118011400 23.654220600 6.950821000
v 41.165836300 13.653059000 6.950821000
v 40.698078100 43.822437300 6.950821000
v 41.167949600 18.628551500 6.950821000
v 41.039855900 28.664417300 6.950821000
v 40.608310700 48.849639900 6.950821000
v 40.446201300 58.800636300 6.950821000
v 40.524013500 53.838851900 6.950821000
v -20.165098200 -11.532785910 6.950821000
v 2.609312171 -10.957162870 6.950821000
v 7.227802240 -14.336296330 6.950821000
v 23.877571100 -0.290010500 6.950821000
v -0.341660060 -6.459850300 6.950821000
v 9.255386320 -9.593635570 6.950821000
v 11.900368650 -3.187537200 6.950821000
v 19.246459900 -4.219785700 6.950821000
v -26.409353300 0.968341800 6.950821000
v 28.159566800 -0.551866500 6.950821000
v -15.990442300 -4.711826300 6.950821000
v -7.493338620 -5.415180200 6.950821000
v -21.621574400 -1.179082900 6.950821000
v -19.061573100 -6.822003380 6.950821000
v -35.989357000 2.052087800 6.950821000
v -41.410900200 14.793193800 6.950821000
v -41.013031000 39.410430900 6.950821000
v 41.191616000 8.681043600 6.950821000
v 15.517197600 63.958503700 6.950821000
v 25.534648900 63.925727800 6.950821000
v 35.424541400 63.815185500 6.950821000
v -35.746513400 59.218978900 6.950821000
v -30.865593000 59.364738500 6.950821000
v -25.933191300 59.453117400 6.950821000
v -20.945556700 59.487495400 6.950821000
v 5.239474980 59.300376900 6.950821000
v -15.885248200 59.471992500 6.950821000
v -10.729049700 59.402595500 6.950821000
v -0.130544460 59.247993500 6.950821000
v -5.464918170 59.302780100 6.950821000
v 30.484233800 63.872505200 6.950821000
v -40.703468400 54.148620600 6.950821000
v -40.570793200 59.008705100 6.950821000
v -45.541267400 4.248374900 6.950821000
v -37.011573800 20.242416400 6.950821000
v -36.905956300 25.090717300 6.950821000
v -40.812172000 49.251556400 6.950821000
v 40.327533700 63.721992500 6.950821000
v 20.542839000 63.941986100 6.950821000
v 35.796089100 48.924125700 6.950821000
v 36.157234200 38.771205900 6.950821000
v 35.919437400 43.827434500 6.950821000
v 35.669574700 53.936523400 6.950821000
v 36.403308800 33.671577400 6.950821000
v 36.880271900 13.707302100 6.950821000
v 36.783428200 23.613140100 6.950821000
v 36.870407100 18.634071300 6.950821000
v 36.625160200 28.602027900 6.950821000
v -41.111553200 34.458839400 6.950821000
v -41.318504400 9.983156200 6.950821000
v -20.755483700 -4.144746800 6.950821000
v 15.690728200 0.311275500 6.950821000
v -13.276105000 -1.382310900 6.950821000
v -22.224256600 1.957687400 6.950821000
v 32.572649000 4.038944200 6.950821000
v -2.869357150 -2.698055300 6.950821000
v -31.513759600 3.362411500 6.950821000
v 5.961890180 -7.041571630 6.950821000
v 41.230655600 3.747045500 6.950821000
v -37.028278400 15.472145100 6.950821000
v 36.895450600 8.777671800 6.950821000
v -36.752960200 29.983573900 6.950821000
v 10.553731880 59.312316900 6.950821000
v -36.411254900 39.795795400 6.950821000
v -36.252216400 44.690727200 6.950821000
v 5.286948880 54.844497700 6.950821000
v -32.602733600 20.740833300 6.950821000
v 25.705158200 59.062805200 6.950821000
v -5.735643420 54.742271400 6.950821000
v -0.219147720 54.616600000 6.950821000
v -11.081410400 54.873870800 6.950821000
v -31.110801700 54.627441400 6.950821000
v -35.937748000 54.408775300 6.950821000
v -26.221441300 54.771324100 6.950821000
v 30.640422800 58.982315000 6.950821000
v -16.234478000 54.905090300 6.950821000
v -21.266290700 54.858039800 6.950821000
v 35.548610700 58.892646800 6.950821000
v 32.610052100 18.538963300 6.950821000
v 15.707383100 59.237564100 6.950821000
v 32.248056400 28.351978300 6.950821000
v 20.728065500 59.129165600 6.950821000
v 30.844688400 48.870140100 6.950821000
v 30.727689700 53.967422500 6.950821000
v 31.005342400 43.673053700 6.950821000
v 32.483667300 23.401256500 6.950821000
v -36.097980500 49.561500500 6.950821000
v 31.861301400 33.373600000 6.950821000
v 31.383996900 38.496921500 6.950821000
v -36.907684400 10.813554800 6.950821000
v -36.570774100 34.869552600 6.950821000
v 40.181514700 68.608970600 6.950821000
v 8.957080810 -4.105193200 6.950821000
v -17.731485400 -0.622804700 6.950821000
v 36.910762800 3.892892800 6.950821000
v 11.728541340 0.268909400 6.950821000
v 19.746543800 0.029262500 6.950821000
v -27.131855000 4.478548000 6.950821000
v -36.578708700 6.304575000 6.950821000
v -17.978519500 2.556861900 6.950821000
v 3.407472220 -3.410250700 6.950821000
v -8.731982300 -0.423757600 6.950821000
v -32.614769000 16.092433900 6.950821000
v 32.646478600 13.677930800 6.950821000
v -32.467594200 25.495597800 6.950821000
v 10.625737150 54.795013400 6.950821000
v -31.690029200 40.070312500 6.950821000
v -0.223081150 49.788002000 6.950821000
v -6.158653300 50.319175700 6.950821000
v -11.468010900 50.412361100 6.950821000
v -26.457008400 50.032966600 6.950821000
v -31.310932200 49.810844400 6.950821000
v -21.543745100 50.194862400 6.950821000
v -16.554538800 50.327026400 6.950821000
v -31.486511300 44.950180000 6.950821000
v 28.348861700 18.322097800 6.950821000
v 28.185337000 23.052494000 6.950821000
v 20.787429800 54.184326200 6.950821000
v 25.749319000 54.010932900 6.950821000
v 25.716049200 48.756195100 6.950821000
v 25.795026700 43.310836800 6.950821000
v 15.758110000 54.486587500 6.950821000
v 27.863481500 27.853057800 6.950821000
v 26.555850900 37.950721700 6.950821000
v 27.314409200 32.779624900 6.950821000
v -31.928649900 35.160648300 6.950821000
v -32.229602800 30.329155000 6.950821000
v -32.477878600 11.601993500 6.950821000
v -9.769388200 3.707338300 6.950821000
v -32.107585900 7.336725200 6.950821000
v -22.797222200 5.354805000 6.950821000
v 15.848439200 4.282062500 6.950821000
v -4.802902260 1.130273800 6.950821000
v 28.407712900 13.586277000 6.950821000
v -28.183153200 21.134330700 6.950821000
v 32.647260600 8.831407500 6.950821000
v -28.042228700 25.745933500 6.950821000
v 5.443835220 50.744071900 6.950821000
v -2.402226010 45.240493800 6.950821000
v -6.970027960 45.880996700 6.950821000
v 23.831045100 22.567428600 6.950821000
v -21.747097100 45.404899600 6.950821000
v -16.803678500 45.670398700 6.950821000
v -11.863037100 45.900486000 6.950821000
v 10.502105680 50.485137900 6.950821000
v 23.488658900 27.163963300 6.950821000
v 15.508634500 49.710952700 6.950821000
v 20.563735900 48.864402800 6.950821000
v -26.818410900 40.228492700 6.950821000
v 22.901500700 31.884422300 6.950821000
v 19.875825800 42.663944200 6.950821000
v -27.113256500 35.241886100 6.950821000
v 21.865545200 36.878570500 6.950821000
v -28.044395500 12.311908700 6.950821000
v -27.709713000 30.488834400 6.950821000
v 7.388763870 -0.199386600 6.950821000
v 24.091482100 4.280572900 6.950821000
v -27.674730300 8.253536200 6.950821000
v 28.320808400 4.154838500 6.950821000
v -6.205943140 4.927377700 6.950821000
v 28.408414800 8.855573600 6.950821000
v 4.462077100 3.353120800 6.950821000
v -23.750413900 21.427566500 6.950821000
v 24.022443700 18.000869700 6.950821000
v 2.192839520 46.921131100 6.950821000
v -26.628885300 45.157417300 6.950821000
v 5.695119110 47.044258100 6.950821000
v -3.253782790 41.290485400 6.950821000
v -7.488215480 41.594432800 6.950821000
v -23.637548500 25.857990300 6.950821000
v -12.042075200 41.394809700 6.950821000
v -21.848411600 40.360984800 6.950821000
v 9.997416940 46.427543600 6.950821000
v -16.847126000 40.868774400 6.950821000
v 19.037639600 26.343360900 6.950821000
v -23.785347000 17.054348000 6.950821000
v 14.587879100 45.089599600 6.950821000
v 18.536268200 30.705459600 6.950821000
v -21.780937200 34.777431500 6.950821000
v -23.454162600 30.241653400 6.950821000
v 17.576349200 34.948520600 6.950821000
v 19.949934000 4.331590600 6.950821000
v 15.758593500 38.761917100 6.950821000
v -19.064657200 9.583068800 6.950821000
v 8.280271970 3.789495500 6.950821000
v 5.566281040 6.761661500 6.950821000
v -14.448267000 6.604639000 6.950821000
v -23.303644200 8.998888000 6.950821000
v 24.136201800 13.419042600 6.950821000
v 19.339761700 21.970478000 6.950821000
v -19.136159900 26.088783300 6.950821000
v -19.292005600 21.622497500 6.950821000
v 1.287873173 44.067840600 6.950821000
v -10.595853800 7.493377700 6.950821000
v 5.112663470 43.441669500 6.950821000
v -3.277803930 5.891330700 6.950821000
v 8.927713840 42.665550200 6.950821000
v -3.607341330 37.650226600 6.950821000
v -7.506969490 37.571655300 6.950821000
v -11.744193100 36.998252900 6.950821000
v 14.137924200 29.566280400 6.950821000
v -19.682613400 30.472827900 6.950821000
v 13.613822900 33.254547100 6.950821000
v 12.629222800 36.347843200 6.950821000
v 19.951557100 8.729656200 6.950821000
v 11.810882530 8.018699600 6.950821000
v 19.597276700 17.587677000 6.950821000
v -6.843257940 8.764186800 6.950821000
v 24.176130300 8.826887100 6.950821000
v -19.472946200 17.331371300 6.950821000
v -23.648218200 12.898073200 6.950821000
v 14.400354300 25.478622400 6.950821000
v -14.914764400 21.483131400 6.950821000
v 0.576632110 40.598335300 6.950821000
v 12.641420300 41.251655600 6.950821000
v 10.693748440 38.245021800 6.950821000
v -13.787088400 26.403156300 6.950821000
v 7.717955550 39.282783500 6.950821000
v -19.415788700 13.320213300 6.950821000
v -3.832724610 34.657882700 6.950821000
v -6.843454400 33.652137700 6.950821000
v 9.923650230 32.567390400 6.950821000
v -15.265251200 31.498725900 6.950821000
v 9.904963930 35.667987800 6.950821000
v 7.339633910 11.054874400 6.950821000
v -15.461839700 13.575838100 6.950821000
v 6.908493010 36.082435600 6.950821000
v -2.198052920 9.635082200 6.950821000
v -11.809148800 13.637773500 6.950821000
v -15.134567300 10.112340900 6.950821000
v 9.723718610 29.006523100 6.950821000
v -0.008497040 36.898918100 6.950821000
v -9.492049300 23.770328500 6.950821000
v 3.628953180 36.492576600 6.950821000
v -9.501176900 29.063087400 6.950821000
v 15.476527200 12.768478400 6.950821000
v 14.667944900 21.270050000 6.950821000
v -8.164352500 12.598524100 6.950821000
v -15.409710000 17.340911900 6.950821000
v -10.947392500 20.440410600 6.950821000
v 9.633786170 24.860282900 6.950821000
v 5.130997150 29.486511200 6.950821000
v -5.184557950 29.860469800 6.950821000
v -0.924473320 32.554733300 6.950821000
v 1.831740880 12.573345200 6.950821000
v 10.417618720 16.262409200 6.950821000
v -3.915395300 24.353233300 6.950821000
v 6.501848660 32.886928500 6.950821000
v 5.924992530 14.946121200 6.950821000
v 5.008530100 24.820766400 6.950821000
v -8.282018700 16.360267600 6.950821000
v 0.976656400 25.433284700 6.950821000
v -3.898995440 13.825439400 6.950821000
v -7.628529580 19.105579400 6.950821000
v 9.714410750 20.492492700 6.950821000
v 0.799367390 28.760013600 6.950821000
v -0.130182540 16.212211600 6.950821000
v -11.627211600 16.939346300 6.950821000
v -2.788170370 19.252960200 6.950821000
v -0.371773990 22.132278400 6.950821000
v 4.108962980 19.663261400 6.950821000
v -41.043521900 5.251606000 6.950821000
v 45.617538400 3.551740600 6.950821000
v -13.384739000 -51.456344600 6.950821000
v -15.997449900 -51.621639300 6.950821000
v 13.668261500 -51.181480400 6.950821000
v 15.588961600 -51.697948500 6.950821000
v 16.491530400 -49.758155800 6.950821000
v -17.520181700 -50.403884900 6.950821000
v -45.225608900 -0.633801500 6.950821000
v -17.603464200 -45.192655600 6.950821000
v 17.440783500 -44.311492900 6.950821000
v -39.657417300 -3.665966000 6.950821000
v 13.601237300 -42.269607600 6.950821000
v -35.091220900 -29.642019300 6.950821000
v 32.534099500 -0.745960200 6.950821000
v 21.722618100 -34.963151900 6.950821000
v 16.390204400 -36.965480800 6.950821000
v 10.332071270 -39.226951600 6.950821000
v -33.798156800 -12.158761990 6.950821000
v 13.005383500 -32.721082700 6.950821000
v 22.526433900 -31.644528400 6.950821000
v 31.203304300 -21.274861350 6.950821000
v -28.187866200 16.626781500 6.950821000
v -29.801563300 -11.225752840 6.950821000
v -33.681598700 -21.752731340 6.950821000
v -33.271705700 -27.707804700 6.950821000
v -23.848421100 -35.284618400 6.950821000
v 7.179597820 -32.345048000 6.950821000
v -27.660322200 -14.764199030 6.950821000
v -2.005757370 -33.154172900 6.950821000
v -24.881996200 -16.456014736 6.950821000
v -14.563064600 -20.321826470 6.950821000
v -18.534210200 6.006849300 6.950821000
v 3.278937070 -25.677242290 6.950821000
v -18.059850700 -3.088086100 6.950821000
v -16.408538900 36.078880300 6.950821000
v 19.820768300 13.156101200 6.950821000
v -13.779031800 2.883932100 6.950821000
v -9.186402400 -15.420306820 6.950821000
v -0.575241600 -24.063585770 6.950821000
v 15.159528700 -19.290049800 6.950821000
v -10.853653000 32.746738400 6.950821000
v -7.161940610 26.577766400 6.950821000
v -11.516656000 10.763181700 6.950821000
v 4.267252410 39.997547100 6.950821000
v 15.061345100 17.033550200 6.950821000
v 15.792403200 8.457757900 6.950821000
v 18.438043600 -16.086499138 6.950821000
v -11.488786700 -4.721859900 6.950821000
v 14.424817000 -7.179232610 6.950821000
v 11.261123620 12.100778600 6.950821000
v 11.914556470 4.012056300 6.950821000
v -5.908329050 21.662483200 6.950821000
v -2.047693290 27.029521900 6.950821000
v 1.003316960 0.140819500 6.950821000
v -1.347761670 3.430610600 6.950821000
v 3.457512940 33.030300100 6.950821000
v 8.290457690 7.376529700 6.950821000
v -5.441734350 17.063938100 6.950821000
v 1.187080230 6.416166300 6.950821000
v 3.847669330 9.198482500 6.950821000
v 5.920307360 -61.382835400 9.096268000
v 7.568905790 -60.016044600 8.402466000
v -5.742763560 -61.382846800 9.096283000
v -7.391361270 -60.016044600 8.402466000
v 0.684026320 -39.339899100 -43.625000000
v 1.961045319 -40.045913700 -43.625000000
v 3.295096360 -38.395349500 -43.625000000
v 26.858921000 -22.089311140 -43.625000000
v 7.724998440 -34.026968000 -43.625000000
v 24.218439100 -23.838052290 -43.625000000
v 18.859399800 -27.247764600 -43.625000000
v 13.336300800 -30.559615100 -43.625000000
v 32.077751100 -18.453475610 -43.625000000
v 39.751316000 -12.348250880 -43.625000000
v 5.325077500 -36.305990200 -43.625000000
v 21.559219300 -25.553089160 -43.625000000
v 42.370948800 -9.904880540 -43.625000000
v 37.195407800 -14.501217620 -43.625000000
v 29.485227500 -20.302860040 -43.625000000
v 16.129510800 -28.912413600 -43.625000000
v -26.704799700 -21.783343810 -43.625000000
v -24.039194100 -23.647340310 -43.625000000
v -21.379707400 -25.477079410 -43.625000000
v -18.717689600 -27.283148800 -43.625000000
v -10.719538700 -32.663272900 -43.625000000
v -34.807148000 -16.292268618 -43.625000000
v -32.097274800 -18.034971130 -43.625000000
v -13.378597300 -30.861071600 -43.625000000
v -5.640490090 -36.316484500 -43.625000000
v -42.392059400 -10.206450950 -43.625000000
v -37.464237200 -14.638809100 -43.625000000
v -29.388971400 -19.896624580 -43.625000000
v 0.512354580 -36.417118100 -43.625000000
v -0.864805500 -38.422075300 -43.625000000
v 10.485196080 -32.217939400 -43.625000000
v 34.648796000 -16.527697230 -43.625000000
v 39.756160700 -6.936762820 -43.625000000
v 22.765934000 -21.328265200 -43.625000000
v 17.508606900 -24.592987070 -43.625000000
v 27.846933300 -17.870600710 -43.625000000
v 5.326672280 -30.753414200 -43.625000000
v 20.171012800 -22.973491680 -43.625000000
v 25.333301500 -19.642444860 -43.625000000
v 30.295764900 -16.002027287 -43.625000000
v 14.795188900 -26.158520710 -43.625000000
v 37.382427200 -9.421837820 -43.625000000
v -8.106298500 -34.492080700 -43.625000000
v -39.934570300 -12.712303180 -43.625000000
v -16.049934400 -29.075983100 -43.625000000
v -11.965063100 -28.360834100 -43.625000000
v -30.398609200 -15.072165030 -43.625000000
v -19.834045400 -22.971849930 -43.625000000
v -25.033769600 -19.179672020 -43.625000000
v -33.201286400 -13.183793800 -43.625000000
v -22.430631700 -21.115594880 -43.625000000
v -27.674373700 -17.157326712 -43.625000000
v -35.896946000 -12.003677860 -43.625000000
v 3.218287372 -34.359661100 -43.625000000
v -39.639171600 -7.903684630 -43.625000000
v 32.685344700 -13.984888810 -43.625000000
v 8.923892940 -29.154387500 -43.625000000
v -17.229097400 -24.791071910 -43.625000000
v 16.253015500 -21.866206180 -43.625000000
v 18.846416400 -20.328098310 -43.625000000
v 13.606469100 -23.316865460 -43.625000000
v 21.374063500 -18.778378500 -43.625000000
v 23.833608600 -17.205173506 -43.625000000
v 26.222270900 -15.518208040 -43.625000000
v 34.820865600 -6.748199480 -43.625000000
v -6.709305800 -32.003161400 -43.625000000
v -18.263137900 -20.535338650 -43.625000000
v -20.779779500 -18.680581820 -43.625000000
v -23.299554900 -16.731228544 -43.625000000
v -28.563303000 -12.276947510 -43.625000000
v -25.865182900 -14.627875460 -43.625000000
v -31.710270000 -9.377209200 -43.625000000
v -9.322250400 -30.167356500 -43.625000000
v -14.606420600 -26.581749000 -43.625000000
v 11.966203650 -27.659009900 -43.625000000
v -2.207006970 -35.832088500 -43.625000000
v -37.852790900 -10.417749900 -43.625000000
v 1.724889719 -29.749057800 -43.625000000
v 35.031288100 -11.783641350 -43.625000000
v 30.615003500 -11.666549220 -43.625000000
v -13.154618300 -24.083832750 -43.625000000
v -28.483791400 -7.471061720 -43.625000000
v 7.987824880 -25.720237750 -43.625000000
v 5.087753260 -26.333370220 -43.625000000
v -5.247036490 -29.435912100 -43.625000000
v 24.631477300 -13.253527650 -43.625000000
v 22.400058700 -14.742442500 -43.625000000
v 15.096314400 -19.091202270 -43.625000000
v 17.602862300 -17.606590640 -43.625000000
v 20.057374900 -16.128969087 -43.625000000
v -35.392776500 -9.150693910 -43.625000000
v -21.496639300 -14.411510720 -43.625000000
v -23.927101200 -12.341737280 -43.625000000
v -4.252196820 -33.877996500 -43.625000000
v -19.083618200 -16.323631568 -43.625000000
v -26.333778400 -10.016776100 -43.625000000
v -10.546884600 -25.840749750 -43.625000000
v -7.907713000 -27.617706300 -43.625000000
v -15.729089800 -22.334197530 -43.625000000
v 28.448028500 -13.681568870 -43.625000000
v 0.106291730 -33.481344200 -43.625000000
v 10.856562580 -24.621835720 -43.625000000
v -3.516304530 -37.915386200 -43.625000000
v 28.473552700 -9.615603460 -43.625000000
v -14.229654300 -19.886224520 -43.625000000
v 9.982122390 -21.574546830 -43.625000000
v -24.032383000 -7.930971160 -43.625000000
v -11.716314400 -21.572837840 -43.625000000
v 21.168828900 -12.050789850 -43.625000000
v 16.392842300 -14.834356200 -43.625000000
v 23.204008100 -11.406669630 -43.625000000
v -21.907686300 -10.215083140 -43.625000000
v -17.324899700 -13.996715560 -43.625000000
v 11.599798170 -17.658779400 -43.625000000
v -2.584603820 -31.334334400 -43.625000000
v -1.123732360 -28.389963200 -43.625000000
v -6.523431810 -24.980893150 -43.625000000
v -9.147549700 -23.265408050 -43.625000000
v -16.670675300 -18.158675920 -43.625000000
v 12.564330100 -20.443885100 -43.625000000
v 7.385891880 -22.371206300 -43.625000000
v 2.359816813 -26.230514540 -43.625000000
v 26.498237600 -11.428098220 -43.625000000
v 32.704677500 -9.343038100 -43.625000000
v 27.253969200 -5.645775800 -43.625000000
v 31.895919800 -4.505745900 -43.625000000
v -23.327884700 -3.596177100 -43.625000000
v -12.757216500 -17.435667528 -43.625000000
v 6.960864510 -19.261737840 -43.625000000
v 17.605838700 -10.337330350 -43.625000000
v -21.765895900 -6.132680900 -43.625000000
v -10.307602000 -18.984412210 -43.625000000
v 0.008995740 -25.456496250 -43.625000000
v 12.868250800 -13.752551090 -43.625000000
v 20.482765200 -8.928620830 -43.625000000
v -17.776044900 -9.892266290 -43.625000000
v 4.620809760 -19.632498040 -43.625000000
v -7.778650300 -20.602151880 -43.625000000
v -3.855416810 -26.708876600 -43.625000000
v -5.190354380 -22.266564380 -43.625000000
v -15.043556200 -15.819615258 -43.625000000
v 9.261526550 -18.597546830 -43.625000000
v 24.007865900 -8.826303500 -43.625000000
v -32.591579500 -4.781947100 -43.625000000
v 23.805334100 -4.957884800 -43.625000000
v -11.382825900 -14.940080300 -43.625000000
v -20.246227300 -2.217404400 -43.625000000
v 6.505094020 -16.376289128 -43.625000000
v 4.550495110 -16.968581750 -43.625000000
v 11.497278180 -11.437892930 -43.625000000
v -8.954286600 -16.243835105 -43.625000000
v 15.940752000 -7.266089450 -43.625000000
v -18.526716300 -6.742202770 -43.625000000
v -6.437305490 -17.868621240 -43.625000000
v -2.552688630 -23.908967030 -43.625000000
v -3.895459210 -19.554806720 -43.625000000
v 4.707783420 -22.806115640 -43.625000000
v -15.451274900 -11.638014330 -43.625000000
v 8.566160640 -15.685163929 -43.625000000
v -13.464710300 -9.288321990 -43.625000000
v 5.641453950 -13.787107240 -43.625000000
v -16.572013900 -1.531125100 -43.625000000
v -7.727406540 -13.403599040 -43.625000000
v 11.210123980 -7.345943460 -43.625000000
v 3.842645850 -15.064665210 -43.625000000
v -5.104571380 -15.137105720 -43.625000000
v -2.633020910 -16.851277514 -43.625000000
v 2.258613158 -19.442949070 -43.625000000
v -16.122842800 -7.114424720 -43.625000000
v -14.284017600 -4.318811400 -43.625000000
v -8.781519000 -8.600042830 -43.625000000
v 2.251315180 -13.471089620 -43.625000000
v -6.105614700 -10.486894620 -43.625000000
v -3.595552000 -12.431688320 -43.625000000
v 1.703254545 -22.891859070 -43.625000000
v 7.912750690 -12.424900550 -43.625000000
v 2.796968484 -16.805357783 -43.625000000
v -0.194874560 -18.387205380 -43.625000000
v -1.271201880 -21.218048590 -43.625000000
v -6.721653020 -4.841795900 -43.625000000
v -4.050254380 -7.685885440 -43.625000000
v -1.794564280 -9.877059950 -43.625000000
v 5.995682920 -9.873182790 -43.625000000
v 0.857829530 -15.736899747 -43.625000000
v -3.152894060 -2.620572100 -43.625000000
v -1.473444740 -5.597831700 -43.625000000
v 0.334301670 -11.757383360 -43.625000000
v 2.260511675 -9.476436150 -43.625000000
v 0.185336790 -1.015327500 -43.625000000
v 28.477073600 -2.682540900 -43.625000000
v 19.398685400 -4.562648800 -43.625000000
v -1.288832940 -14.224663510 -43.625000000
v -11.330707600 -2.240428900 -43.625000000
v 24.773681600 -1.345274000 -43.625000000
v -29.806079900 -4.933305800 -43.625000000
v 13.342884000 -4.763071100 -43.625000000
v 7.825115170 -8.485877050 -43.625000000
v -25.944255900 -5.404224400 -43.625000000
v 45.462425200 -6.385969200 -43.625000000
v 0.238703690 -7.597183240 -43.625000000
v -4.757298980 0.874597500 -43.625000000
v -21.557504700 0.799316400 -43.625000000
v -18.044719700 1.897182500 -43.625000000
v -1.385469470 2.566333800 -43.625000000
v 1.905521416 -4.694922500 -43.625000000
v 41.931076000 -4.722336800 -43.625000000
v 33.776956500 -1.351547300 -43.625000000
v -45.288284300 -6.605254190 -43.625000000
v -40.948379600 -4.970090900 -43.625000000
v -36.760818500 -5.225380000 -43.625000000
v -45.146511100 68.660720800 -43.625000000
v -45.235920000 63.807464600 -43.625000000
v -45.296051100 58.919624300 -43.625000000
v -45.370544500 49.076721200 -43.625000000
v -45.448501600 39.217044800 -43.625000000
v -45.563816100 29.321285200 -43.625000000
v -45.680168200 19.390884400 -43.625000000
v -45.676258100 9.476566300 -43.625000000
v -45.541950300 -0.627498600 -43.625000000
v -45.624553700 4.494087200 -43.625000000
v -45.696563800 14.433784500 -43.625000000
v -45.334209500 54.005493200 -43.625000000
v -45.399036400 44.142513300 -43.625000000
v -45.496387500 34.276947000 -43.625000000
v -45.630008700 24.352108000 -43.625000000
v 45.453910800 -0.522041300 -43.625000000
v 45.806327800 38.934349000 -43.625000000
v 45.970382700 24.297828700 -43.625000000
v 45.889396600 14.550882300 -43.625000000
v 45.971927600 19.426433500 -43.625000000
v 45.955680800 29.157558400 -43.625000000
v 45.901336600 34.033905000 -43.625000000
v 29.809665600 67.965873700 -43.625000000
v 24.475059500 67.779869100 -43.625000000
v 19.251304600 68.256584200 -43.625000000
v 14.121576300 68.743797300 -43.625000000
v -0.718893800 69.208686800 -43.625000000
v -5.648465670 69.186515800 -43.625000000
v -10.596569100 69.137611400 -43.625000000
v -15.545425500 69.080093400 -43.625000000
v -20.497903900 69.019050600 -43.625000000
v -25.442539300 68.959968600 -43.625000000
v -30.376960800 68.899345400 -43.625000000
v -35.306942000 68.832435600 -43.625000000
v 4.202545370 69.184867800 -43.625000000
v 9.130562270 69.046768200 -43.625000000
v 45.073825800 68.529693600 -43.625000000
v 7.792690240 -5.549467100 -43.625000000
v -28.072748200 -2.626825300 -43.625000000
v 15.705406200 -1.860090300 -43.625000000
v 26.120851500 2.237371400 -43.625000000
v -25.077398300 -0.653557800 -43.625000000
v -22.939304400 4.034746200 -43.625000000
v -9.754484200 2.390182500 -43.625000000
v -6.468027150 4.498191800 -43.625000000
v 10.398526160 -2.637476000 -43.625000000
v 21.007753300 -0.084783600 -43.625000000
v 3.290581190 0.592269900 -43.625000000
v -14.726806700 3.251096700 -43.625000000
v 1.890020633 4.028833400 -43.625000000
v 29.968019400 0.610752100 -43.625000000
v -41.163936700 -0.261682500 -43.625000000
v 40.436679800 -0.245157300 -43.625000000
v -40.622432700 54.244445800 -43.625000000
v -41.283763900 4.670986200 -43.625000000
v -40.834606200 39.430847200 -43.625000000
v -40.732635500 44.360252400 -43.625000000
v -41.455017100 14.569719300 -43.625000000
v -41.395603200 9.626077600 -43.625000000
v -40.974140200 34.476291600 -43.625000000
v -41.153896400 29.479213700 -43.625000000
v -41.320819900 24.480060600 -43.625000000
v -41.429233600 19.510929100 -43.625000000
v -40.666603100 49.306785600 -43.625000000
v -40.528022800 59.134628300 -43.625000000
v 45.765872900 9.625160200 -43.625000000
v 45.561515800 48.812973000 -43.625000000
v 41.997810300 24.460903200 -43.625000000
v 45.697811100 43.849693300 -43.625000000
v 45.429798100 53.754859900 -43.625000000
v 41.829418100 34.005783100 -43.625000000
v 45.293617200 58.683761600 -43.625000000
v 41.873592300 14.958990100 -43.625000000
v 45.572540200 4.614225400 -43.625000000
v 42.007274600 19.712398500 -43.625000000
v 41.957084600 29.209865600 -43.625000000
v 40.085449200 68.442443800 -43.625000000
v 35.012161200 68.234634400 -43.625000000
v 23.788219400 61.582473700 -43.625000000
v -25.809383400 64.385017400 -43.625000000
v -30.681835200 64.254615800 -43.625000000
v 18.038747800 63.423309300 -43.625000000
v -11.105323800 64.796882600 -43.625000000
v -20.910507200 64.519966100 -43.625000000
v -6.211007150 64.926078800 -43.625000000
v 12.983345900 64.335990900 -43.625000000
v -1.376739780 65.009681700 -43.625000000
v -15.997881000 64.663444500 -43.625000000
v -35.546455400 64.122177100 -43.625000000
v 8.148000680 64.801284800 -43.625000000
v 3.398485390 65.003006000 -43.625000000
v 5.240615090 -2.542245900 -43.625000000
v -40.399543800 63.976005500 -43.625000000
v 45.169933300 63.605552700 -43.625000000
v -40.227611600 68.753242500 -43.625000000
v 7.900461160 -0.433487000 -43.625000000
v -26.925136600 2.591985700 -43.625000000
v -24.005584800 7.539997100 -43.625000000
v 17.461105300 1.660970700 -43.625000000
v 12.577637600 0.192480100 -43.625000000
v 22.380561800 3.808446900 -43.625000000
v -2.858829060 6.281093600 -43.625000000
v -19.304935500 5.106866800 -43.625000000
v 40.271179200 63.490074100 -43.625000000
v 5.018956630 5.079454400 -43.625000000
v 35.644115400 2.192121500 -43.625000000
v 41.203186000 5.176601400 -43.625000000
v 41.640304500 10.133842500 -43.625000000
v -13.402814900 6.821180300 -43.625000000
v -35.888164600 49.507499700 -43.625000000
v -35.825046600 54.449302700 -43.625000000
v -35.924247800 44.517459900 -43.625000000
v -37.140178700 9.843256000 -43.625000000
v -36.800426500 29.497001600 -43.625000000
v -36.405708300 34.545539800 -43.625000000
v -37.277126300 14.715936600 -43.625000000
v -37.101833400 24.498630500 -43.625000000
v -36.059612300 39.545806900 -43.625000000
v -36.861171800 4.922317500 -43.625000000
v -37.263927500 19.580001800 -43.625000000
v 41.674125600 38.824569700 -43.625000000
v 41.176887500 48.662460300 -43.625000000
v 40.866558000 53.611824000 -43.625000000
v 37.953586500 15.456031800 -43.625000000
v 38.111560800 20.000442500 -43.625000000
v 38.104381500 24.553455300 -43.625000000
v 38.003189100 29.165935500 -43.625000000
v 41.457119000 43.701854700 -43.625000000
v 30.177625600 -7.244887370 -43.625000000
v 29.956596300 62.621795600 -43.625000000
v -26.045179400 59.723136900 -43.625000000
v -30.887165100 59.512702900 -43.625000000
v -1.922472990 60.852394100 -43.625000000
v -21.186946900 59.962310800 -43.625000000
v -16.312662200 60.218872100 -43.625000000
v 19.760326300 57.143150300 -43.625000000
v 7.128176650 60.717483500 -43.625000000
v 2.651849711 60.899963400 -43.625000000
v -11.448791500 60.477867100 -43.625000000
v 11.611133540 60.195716800 -43.625000000
v -6.623838460 60.709846500 -43.625000000
v 15.958436000 59.107711800 -43.625000000
v 35.244228300 63.165290800 -43.625000000
v 40.543430300 58.543991100 -43.625000000
v -36.591350600 -0.025064500 -43.625000000
v -31.480224600 0.246637300 -43.625000000
v -35.704605100 59.319343600 -43.625000000
v -28.118982400 6.483427000 -43.625000000
v 9.941770520 1.878992100 -43.625000000
v -8.741621100 8.360525100 -43.625000000
v -20.189678200 8.413848900 -43.625000000
v 0.752107470 7.824989300 -43.625000000
v 27.466018600 5.794864600 -43.625000000
v 37.572944600 10.886533700 -43.625000000
v -16.581064300 9.066638900 -43.625000000
v 36.334812100 53.197738600 -43.625000000
v 37.836395200 33.832370700 -43.625000000
v -32.434169800 5.423814800 -43.625000000
v -33.193267900 19.601654000 -43.625000000
v -33.170669600 14.888605100 -43.625000000
v -31.024002100 39.519699100 -43.625000000
v -31.797962200 34.361278500 -43.625000000
v -30.982124400 54.674522400 -43.625000000
v 34.295131600 20.265052800 -43.625000000
v 34.172527300 16.041923500 -43.625000000
v -33.005413100 24.376297000 -43.625000000
v -32.546028200 29.269355800 -43.625000000
v -32.936851500 10.200754200 -43.625000000
v 36.871837600 48.250312800 -43.625000000
v 34.251634600 24.555645000 -43.625000000
v 37.289920800 43.356155400 -43.625000000
v -30.911670700 44.636547100 -43.625000000
v -30.961708100 49.720672600 -43.625000000
v 37.610984800 38.542755100 -43.625000000
v 26.295162200 56.174568200 -43.625000000
v 2.031964356 56.841918900 -43.625000000
v -2.286543410 56.738525400 -43.625000000
v 13.906279500 55.318077100 -43.625000000
v 10.230908830 56.280563300 -43.625000000
v 6.167746750 56.771308900 -43.625000000
v -16.417490000 55.772148100 -43.625000000
v -11.594317500 56.191062900 -43.625000000
v -21.274200500 55.341758700 -43.625000000
v -6.859162370 56.527320800 -43.625000000
v 16.925362600 53.810813900 -43.625000000
v 30.912555700 57.484046900 -43.625000000
v 36.849403300 6.401123000 -43.625000000
v 35.734889900 58.157150300 -43.625000000
v 7.919573270 3.119701400 -43.625000000
v 14.158123900 3.371730800 -43.625000000
v 23.645420000 7.530134200 -43.625000000
v 28.726881000 9.376504900 -43.625000000
v -24.710146000 11.359987200 -43.625000000
v -4.362315690 10.008123400 -43.625000000
v 4.475942100 8.643434500 -43.625000000
v 15.320017800 6.903335600 -43.625000000
v 33.622417400 11.839670200 -43.625000000
v 34.086444800 28.999748200 -43.625000000
v -29.113174500 15.127872500 -43.625000000
v -27.460399700 33.610622400 -43.625000000
v -29.196580900 19.591236100 -43.625000000
v -28.561698900 28.733985900 -43.625000000
v 30.492233200 20.456378900 -43.625000000
v -28.788208000 10.751966500 -43.625000000
v -29.046876900 24.115016900 -43.625000000
v 30.418340600 24.423564900 -43.625000000
v 32.693752300 47.569686900 -43.625000000
v -25.151170800 39.109203300 -43.625000000
v -25.763427800 44.918048800 -43.625000000
v 23.927597000 49.801033000 -43.625000000
v 33.215232800 42.802867900 -43.625000000
v 1.639703119 52.729789700 -43.625000000
v -2.439605270 52.617622400 -43.625000000
v 5.391509740 53.014167800 -43.625000000
v 33.862194000 33.524742100 -43.625000000
v 12.174367870 51.717750500 -43.625000000
v -6.901169810 52.406219500 -43.625000000
v 8.992742980 52.543640100 -43.625000000
v 14.933336200 50.772659300 -43.625000000
v -11.493711500 51.960380500 -43.625000000
v -21.130270000 50.657211300 -43.625000000
v 31.442089000 4.098735800 -43.625000000
v 27.777753800 51.291976900 -43.625000000
v 24.918249100 11.180915800 -43.625000000
v 32.690105400 7.853996300 -43.625000000
v 8.026499240 5.468013700 -43.625000000
v -26.037395500 50.062736500 -43.625000000
v -26.102008900 54.956153900 -43.625000000
v -16.940713900 12.289230300 -43.625000000
v 11.853054960 8.054445300 -43.625000000
v -0.578985490 12.403335600 -43.625000000
v 29.862062400 12.958545700 -43.625000000
v -9.246031800 12.621582000 -43.625000000
v 19.981456700 9.237369500 -43.625000000
v 30.617364800 16.661964400 -43.625000000
v -20.788559000 11.918117500 -43.625000000
v 30.171270300 28.694095600 -43.625000000
v 31.924673000 52.407302800 -43.625000000
v 19.200593900 51.542366000 -43.625000000
v -25.244686200 19.579811100 -43.625000000
v -23.871416100 31.976985900 -43.625000000
v -25.179260300 23.806793200 -43.625000000
v -24.848806400 27.963699300 -43.625000000
v 26.692993100 24.179676000 -43.625000000
v -21.419382100 35.263710000 -43.625000000
v 29.194168100 42.088756500 -43.625000000
v -25.103689200 15.400678600 -43.625000000
v -19.597883300 41.386364000 -43.625000000
v -2.474663290 48.599319400 -43.625000000
v 1.973795110 47.859039300 -43.625000000
v 29.555795600 37.566795300 -43.625000000
v -6.744301830 48.428886400 -43.625000000
v 5.136772840 49.922592100 -43.625000000
v 10.840326270 48.003181400 -43.625000000
v 17.160790400 47.340885100 -43.625000000
v -11.089687400 47.824462900 -43.625000000
v -15.729990000 46.966541300 -43.625000000
v 29.879543300 33.076751700 -43.625000000
v 28.660036100 46.621353100 -43.625000000
v -20.622783700 45.899215700 -43.625000000
v -17.281040200 15.822090100 -43.625000000
v 26.310125300 14.547380400 -43.625000000
v -21.159080500 15.657394400 -43.625000000
v -4.963675060 14.031242400 -43.625000000
v 16.321844100 10.762229900 -43.625000000
v 4.229827730 12.663614300 -43.625000000
v 26.220758400 20.270652800 -43.625000000
v 26.212583500 28.191364300 -43.625000000
v 20.949483800 44.558338200 -43.625000000
v -21.327421200 19.584995300 -43.625000000
v -21.196544700 27.450004600 -43.625000000
v -21.304359500 23.593803400 -43.625000000
v -0.255014690 42.859771700 -43.625000000
v -18.917419500 31.901248900 -43.625000000
v 4.532840220 41.478904700 -43.625000000
v -6.228693040 44.548728900 -43.625000000
v -17.694017400 37.329311400 -43.625000000
v 25.200660700 41.260955800 -43.625000000
v -10.302000100 43.739761300 -43.625000000
v 9.723303760 44.256919800 -43.625000000
v 25.507984100 36.887779200 -43.625000000
v -13.094691300 12.470661100 -43.625000000
v 25.825935300 32.489685000 -43.625000000
v 8.217428650 8.717771500 -43.625000000
v 24.755840300 45.536224400 -43.625000000
v 21.278268800 13.204471600 -43.625000000
v 8.517471280 12.495677900 -43.625000000
v -13.553176000 15.944549500 -43.625000000
v 12.555283500 11.857057600 -43.625000000
v 0.423772060 17.545654300 -43.625000000
v 27.740230500 17.070407900 -43.625000000
v 23.397027900 23.153675100 -43.625000000
v 22.251440000 27.300212800 -43.625000000
v -14.767408400 42.748104100 -43.625000000
v -10.099911700 16.099601700 -43.625000000
v 17.192975000 43.860263800 -43.625000000
v 0.026324470 38.960853600 -43.625000000
v -4.834617650 40.805038400 -43.625000000
v -17.530462300 23.542846700 -43.625000000
v -17.271854400 27.882736200 -43.625000000
v -14.336904600 29.944183300 -43.625000000
v 8.751546820 40.115493800 -43.625000000
v -9.101659800 39.709831200 -43.625000000
v 12.965575200 39.710811600 -43.625000000
v 21.201419800 40.472435000 -43.625000000
v 21.400114000 36.201496100 -43.625000000
v 21.706405600 31.778240200 -43.625000000
v -13.430529600 38.690494500 -43.625000000
v -17.507656100 19.609497100 -43.625000000
v 23.112396200 17.060985600 -43.625000000
v 17.156950900 39.897323600 -43.625000000
v 17.456985400 15.101221100 -43.625000000
v 18.082983900 26.166587800 -43.625000000
v -3.353955300 18.494422900 -43.625000000
v -3.040298970 36.340393100 -43.625000000
v -7.845074700 35.572498300 -43.625000000
v 3.373725260 37.572238900 -43.625000000
v 4.625292500 17.056209600 -43.625000000
v -13.929969800 23.343399000 -43.625000000
v -10.969907800 30.790271700 -43.625000000
v 7.687733140 35.113937400 -43.625000000
v 17.519590300 31.083778400 -43.625000000
v 17.212255400 35.630542700 -43.625000000
v -13.840417900 19.636226600 -43.625000000
v -10.309166000 19.670997600 -43.625000000
v -12.041380000 34.708374000 -43.625000000
v 8.997729270 16.679130500 -43.625000000
v 19.146270700 20.431827500 -43.625000000
v 12.780560500 35.277847300 -43.625000000
v 1.135738930 22.205619800 -43.625000000
v -6.794023550 19.453670500 -43.625000000
v 13.819945300 25.728004400 -43.625000000
v -3.085844080 31.469894400 -43.625000000
v 1.328473294 34.515640200 -43.625000000
v 3.958202680 32.342960300 -43.625000000
v -10.407820700 27.053661300 -43.625000000
v 13.285569200 30.583274800 -43.625000000
v -7.102616350 31.310218800 -43.625000000
v -6.599696200 23.172622700 -43.625000000
v 13.998771600 20.800651500 -43.625000000
v 9.113506280 30.021060900 -43.625000000
v -2.700052770 27.086082400 -43.625000000
v 0.822085820 31.261169400 -43.625000000
v -2.794448410 22.796089200 -43.625000000
v 5.701152530 25.575653100 -43.625000000
v 9.622377360 25.576900500 -43.625000000
v 9.480574100 21.088604000 -43.625000000
v 13.339097000 16.129329700 -43.625000000
v 1.840410733 26.972335800 -43.625000000
v 5.351438250 28.950252500 -43.625000000
v -6.666560210 27.163391100 -43.625000000
v -2.266676460 -38.997129500 -43.625000000
v 1.931005472 -37.061483400 -43.625000000
v 22.348705300 53.808074900 -43.625000000
v 37.137706700 -3.765292200 -43.625000000
v 20.411809900 48.283546400 -43.625000000
v 17.018342000 49.890701300 -43.625000000
v -16.225965500 51.329185500 -43.625000000
v 33.591028200 38.105037700 -43.625000000
v -19.632654200 -12.169910920 -43.625000000
v -19.987800600 -8.306004540 -43.625000000
v 13.957072200 47.397022200 -43.625000000
v 7.723842580 48.862579300 -43.625000000
v -15.805763300 33.483478500 -43.625000000
v -21.284442900 30.496505700 -43.625000000
v 26.570613800 -7.971385970 -43.625000000
v -19.336013800 -4.796842600 -43.625000000
v 14.008021300 -16.348160310 -43.625000000
v 18.814138400 -13.296178120 -43.625000000
v -16.034263600 6.053039500 -43.625000000
v -13.100488700 0.474521600 -43.625000000
v 5.981862030 45.434513100 -43.625000000
v 13.416186300 43.753662100 -43.625000000
v -16.853044500 -4.371669800 -43.625000000
v 10.715332950 -15.026948700 -43.625000000
v 15.115061700 -12.099786770 -43.625000000
v -13.336627000 -13.575282350 -43.625000000
v -10.819303500 -11.839619170 -43.625000000
v 18.798950200 5.426153200 -43.625000000
v -11.596291600 5.110025400 -43.625000000
v -13.811416700 26.927230800 -43.625000000
v -8.092516900 -0.806948700 -43.625000000
v -11.558784500 -6.800638210 -43.625000000
v -2.959146540 45.378929100 -43.625000000
v -9.918685900 -4.623766000 -43.625000000
v 10.009492840 -12.924550310 -43.625000000
v 13.468794800 -9.513207930 -43.625000000
v 4.056688510 -11.565793530 -43.625000000
v 5.184763630 21.491462700 -43.625000000
v 9.664746730 -9.798541560 -43.625000000
v -12.941417700 9.284845300 -43.625000000
v -10.295906100 23.302978500 -43.625000000
v 4.411099400 -7.344392790 -43.625000000
v 11.085639920 4.733598700 -43.625000000
v -7.334274330 16.550235700 -43.625000000
v 5.967835870 2.057838400 -43.625000000
v -50.000000000 -25.997892390 4.192490000
v -50.000000000 -24.858214390 -1.546188000
v -50.000000000 -20.765047090 -9.251633000
v -50.000000000 -19.763012420 -12.449081000
v -50.000000000 -15.190079230 -24.187012000
v -50.000000000 -17.671008480 -18.392914000
v -50.000000000 -24.568269740 -4.037643000
v -50.000000000 -18.735732810 -15.456879000
v -50.000000000 -13.857370390 -27.013855000
v -50.000000000 29.279094700 -39.296829000
v -50.000000000 39.068836200 -39.228729000
v -50.000000000 48.933425900 -39.058868000
v -50.000000000 58.828949000 -38.875214000
v -50.000000000 63.734588600 -38.789322000
v -50.000000000 9.491916600 -39.054947000
v -50.000000000 19.420330000 -39.106766000
v -50.000000000 -0.378149000 -39.391693000
v -50.000000000 14.439256700 -39.032196000
v -50.000000000 4.605443900 -39.283646000
v -50.000000000 43.984416900 -39.167694000
v -50.000000000 24.364700300 -39.236191000
v -50.000000000 34.170162200 -39.313400000
v -50.000000000 53.886909500 -38.971848000
v -50.000000000 -6.014805800 -38.891663000
v -50.000000000 38.502506200 2.536636000
v -50.000000000 8.702760700 2.620865000
v -50.000000000 53.458633400 2.352814000
v -50.000000000 63.436058000 2.059937000
v -50.000000000 -6.795775430 0.871109000
v -50.000000000 -17.016603364 3.301849000
v -50.000000000 23.538482700 2.614868000
v -50.000000000 -12.203862680 2.459671000
v -50.000000000 -1.197876900 1.980652000
v -50.000000000 3.798704100 2.449707000
v -50.000000000 13.616224300 2.666107000
v -50.000000000 18.560062400 2.662415000
v -50.000000000 28.512077300 2.595200000
v -50.000000000 33.497776000 2.575195000
v -50.000000000 43.471248600 2.525436000
v -50.000000000 48.443229700 2.473190000
v -50.000000000 68.410247800 1.941849000
v -50.000000000 58.456840500 2.208405000
v -50.000000000 68.147750800 -18.665329000
v -50.000000000 68.437179600 -23.740067000
v -50.000000000 68.591362000 -28.743286000
v -50.000000000 68.639267000 -33.721191000
v -50.000000000 -21.968713770 -5.597107000
v -50.000000000 -16.453838273 -21.310211000
v -50.000000000 -25.430714620 1.308014000
v -50.000000000 -14.945307150 -17.044907000
v -50.000000000 -21.729593290 1.041443000
v -50.000000000 -10.920038240 -32.632736000
v -50.000000000 -12.434191720 -29.820389000
v -50.000000000 -16.630892935 -11.301270000
v -50.000000000 -11.087260260 -25.128723000
v -50.000000000 -15.691961004 -14.195831000
v -50.000000000 -9.003311650 -35.520020000
v -50.000000000 -3.842570300 -35.004730000
v -50.000000000 -6.339385000 -32.943024000
v -50.000000000 -11.927761570 -13.013550000
v -50.000000000 -12.510101330 -16.049332000
v -50.000000000 -21.476429000 3.985382000
v -50.000000000 -8.097527520 -30.413391000
v -50.000000000 -13.718048820 -19.760696000
v -50.000000000 -18.075512780 -4.753616000
v -50.000000000 -12.417161480 -22.490738000
v -50.000000000 -17.277798011 -8.114777000
v -50.000000000 -14.932461390 -4.453781000
v -50.000000000 -9.542721760 -20.770401000
v -50.000000000 -2.653971700 -32.597229000
v -50.000000000 -3.903120100 -30.752365000
v -50.000000000 -6.669880880 -25.595093000
v -50.000000000 -10.815748230 -17.910080000
v -50.000000000 -5.294628200 -28.330505000
v -50.000000000 -18.254531870 -0.626999000
v -50.000000000 -13.907186280 -10.553207000
v -50.000000000 -13.126597180 -7.219727000
v -50.000000000 -6.070568100 -19.958328000
v -50.000000000 -3.367215200 -23.514221000
v -50.000000000 -0.946561800 -29.276428000
v -50.000000000 0.165107700 -32.171555000
v -50.000000000 -2.386619600 -26.712585000
v -50.000000000 -7.792489070 -15.225876000
v -50.000000000 -3.162781700 -13.662598000
v -50.000000000 -2.312507600 -17.935989000
v -50.000000000 0.038476900 -24.939651000
v -50.000000000 -1.125976600 -20.928604000
v -50.000000000 2.331043200 -27.587036000
v -50.000000000 -7.625978480 -11.387360000
v -50.000000000 -10.031703960 -9.531387000
v -50.000000000 -1.254541400 -10.597733000
v -50.000000000 2.542480500 -21.496674000
v -50.000000000 -7.424679770 -6.484650000
v -50.000000000 4.139684700 -31.042526000
v -50.000000000 -5.192485800 -9.829147000
v -50.000000000 -10.185984150 -3.553024000
v -50.000000000 5.710151700 -25.085358000
v -50.000000000 68.611862200 -38.686737000
v -50.000000000 53.936142000 -34.399048000
v -50.000000000 4.692995100 -35.038437000
v -50.000000000 39.122257200 -34.983002000
v -50.000000000 24.693050400 -34.993927000
v -50.000000000 14.662696800 -34.456955000
v -50.000000000 34.285438500 -35.162003000
v -50.000000000 48.953018200 -34.623947000
v -50.000000000 19.764492000 -34.755402000
v -50.000000000 29.530399300 -35.189865000
v -50.000000000 44.005695300 -34.836426000
v -50.000000000 9.572212200 -34.403885000
v -50.000000000 58.893173200 -34.178497000
v -50.000000000 38.483539600 -1.791763000
v -50.000000000 23.593246400 -1.653351000
v -50.000000000 33.504554700 -1.740814000
v -50.000000000 4.414094900 -1.916885000
v -50.000000000 13.797605500 -1.601166000
v -50.000000000 9.035106600 -1.673996000
v -50.000000000 -4.159452500 -3.936096000
v -50.000000000 -0.045293800 -2.547958000
v -50.000000000 28.538970900 -1.688797000
v -50.000000000 58.289619400 -2.520859000
v -50.000000000 43.410522400 -1.822067000
v -50.000000000 53.281021100 -2.154434000
v -50.000000000 48.319107000 -1.915970000
v -50.000000000 18.660053200 -1.596588000
v -50.000000000 63.485137900 -24.284683000
v -50.000000000 63.789260900 -33.950150000
v -50.000000000 67.846511800 -13.528625000
v -50.000000000 68.039619400 -8.300812000
v -50.000000000 62.941284200 -19.342529000
v -50.000000000 63.717399600 -29.119965000
v -50.000000000 -13.726758020 -1.495468000
v -50.000000000 1.600601200 -10.553085000
v -50.000000000 29.873031600 -31.270432000
v -50.000000000 34.311718000 -31.253006000
v -50.000000000 39.044673900 -30.926208000
v -50.000000000 43.897926300 -30.644043000
v -50.000000000 48.836082400 -30.343719000
v -50.000000000 53.822357200 -29.978561000
v -50.000000000 25.198448200 -30.948242000
v -50.000000000 15.196722000 -30.006073000
v -50.000000000 20.350997900 -30.551804000
v -50.000000000 9.383195900 -29.071640000
v -50.000000000 28.512134500 -5.954102000
v -50.000000000 23.589077000 -5.875534000
v -50.000000000 33.447303800 -6.011948000
v -50.000000000 38.382885000 -6.052826000
v -50.000000000 43.259635900 -6.087387000
v -50.000000000 48.074592600 -6.183365000
v -50.000000000 52.887588500 -6.472900000
v -50.000000000 18.716453500 -5.823547000
v -50.000000000 -2.438747400 -7.780045000
v -50.000000000 1.063762700 -6.682343000
v -50.000000000 5.001047100 -6.213867000
v -50.000000000 9.332933400 -5.986023000
v -50.000000000 13.937767000 -5.853592000
v -50.000000000 63.244598400 -2.908524000
v -50.000000000 61.726440400 -13.803528000
v -50.000000000 58.807441700 -29.554825000
v -50.000000000 58.537612900 -25.019135000
v -50.000000000 57.983856200 -20.653778000
v -50.000000000 62.788436900 -8.034775000
v -50.000000000 5.289545000 -10.550888000
v -50.000000000 4.999923700 -15.157074000
v -50.000000000 38.742897000 -26.926331000
v -50.000000000 34.106464400 -27.596558000
v -50.000000000 48.573471100 -26.198822000
v -50.000000000 43.644962300 -26.572693000
v -50.000000000 16.469383200 -25.733566000
v -50.000000000 21.245609300 -26.391510000
v -50.000000000 30.417030300 -27.610962000
v -50.000000000 25.991287200 -26.909271000
v -50.000000000 9.529529600 -10.307098000
v -50.000000000 52.332229600 -10.484085000
v -50.000000000 47.791465700 -10.309799000
v -50.000000000 33.326458000 -10.294968000
v -50.000000000 38.244689900 -10.321838000
v -50.000000000 28.397403700 -10.194382000
v -50.000000000 43.081485700 -10.300430000
v -50.000000000 14.037984800 -10.049393000
v -50.000000000 57.826972900 -7.123215000
v -50.000000000 23.513572700 -10.057404000
v -50.000000000 18.723762500 -9.972595000
v -50.000000000 56.934227000 -16.784317000
v -50.000000000 53.047218300 -21.649857000
v -50.000000000 56.880874600 -11.252548000
v -50.000000000 68.270629900 -3.129974000
v -50.000000000 9.742010100 -14.513672000
v -50.000000000 12.007944100 -24.469940000
v -50.000000000 43.317676500 -22.605759000
v -50.000000000 32.510108900 -23.819870000
v -50.000000000 17.712093300 -21.693405000
v -50.000000000 38.211959800 -23.018448000
v -50.000000000 53.523223900 -25.699722000
v -50.000000000 22.220981600 -22.294296000
v -50.000000000 27.076107000 -22.860046000
v -50.000000000 38.110984800 -14.615189000
v -50.000000000 14.135013600 -14.029877000
v -50.000000000 42.991199500 -14.502686000
v -50.000000000 51.940353400 -14.253952000
v -50.000000000 47.643829300 -14.362747000
v -50.000000000 33.123420700 -14.617050000
v -50.000000000 18.659656500 -13.987671000
v -50.000000000 52.394683800 -17.884445000
v -50.000000000 28.169185600 -14.432037000
v -50.000000000 23.321319600 -14.171310000
v -50.000000000 55.389167800 -14.118622000
v -50.000000000 1.443897200 -17.252792000
v -50.000000000 8.579929300 -22.195938000
v -50.000000000 6.432010600 -19.339050000
v -50.000000000 13.750938400 -20.780289000
v -50.000000000 43.060550700 -18.618622000
v -50.000000000 38.034156800 -18.886230000
v -50.000000000 32.851291600 -19.040329000
v -50.000000000 18.422309900 -17.870911000
v -50.000000000 10.478117000 -18.656296000
v -50.000000000 48.197288500 -22.222931000
v -50.000000000 27.769306200 -18.681366000
v -50.000000000 47.819267300 -18.320297000
v -50.000000000 22.928024300 -18.246567000
v -50.000000000 14.325840000 -17.633621000
v -50.000000000 0.209152200 -35.538300000
v -50.000000000 -21.766224400 -1.729080000
v -50.000000000 -9.588755140 -27.764984000
v -50.000000000 -8.245884910 -23.081787000
v -50.000000000 1.145626100 -14.073242000
v 50.000000000 -22.941123980 -4.609039000
v 50.000000000 -15.096315040 -25.240372000
v 50.000000000 -12.249972360 -31.068512000
v 50.000000000 -20.575395840 -10.528046000
v 50.000000000 -21.733775150 -7.593628000
v 50.000000000 -24.943433780 1.306351000
v 50.000000000 -18.346243990 -16.444397000
v 50.000000000 -13.822625170 -28.088715000
v 50.000000000 -23.998615280 -1.604599000
v 50.000000000 -19.426358470 -13.492447000
v 50.000000000 -16.249975456 -22.314163000
v 50.000000000 -8.533840190 -39.515579000
v 50.000000000 -9.946311010 -34.191040000
v 50.000000000 -17.312911405 -19.367401000
v 50.000000000 -15.753933741 -13.194687000
v 50.000000000 -19.299066800 -4.367554000
v 50.000000000 -12.292328850 -24.619751000
v 50.000000000 -25.846157090 4.171585000
v 50.000000000 -11.028168220 -27.330719000
v 50.000000000 -17.895968330 -7.263748000
v 50.000000000 -20.510340470 1.317657000
v 50.000000000 -20.008814590 -1.468018000
v 50.000000000 -13.330643670 -21.873596000
v 50.000000000 -16.800575687 -10.158707000
v 50.000000000 -6.418444600 -37.246490000
v 50.000000000 -14.087482940 -19.021103000
v 50.000000000 -12.969508900 -9.838104000
v 50.000000000 -13.462960970 -6.407547000
v 50.000000000 -10.625720040 -21.609390000
v 50.000000000 -16.320475204 -3.994949000
v 50.000000000 -16.001532568 -1.845398000
v 50.000000000 -9.796920790 -23.884140000
v 50.000000000 -15.963345005 0.911880000
v 50.000000000 -14.848773250 -16.140656000
v 50.000000000 -10.211005700 -29.850204000
v 50.000000000 -11.206263560 -16.027222000
v 50.000000000 -8.141655940 -22.376862000
v 50.000000000 -11.945179000 -3.211792000
v 50.000000000 -8.278297440 -8.020340000
v 50.000000000 -10.783476840 -18.968506000
v 50.000000000 -12.005628600 -12.998840000
v 50.000000000 -7.510172860 -16.142105000
v 50.000000000 -8.178235070 -12.820145000
v 50.000000000 -11.367138880 0.017197000
v 50.000000000 -6.878083240 -4.902756000
v 50.000000000 -8.053684250 -26.683411000
v 50.000000000 -9.616125600 -10.078461000
v 50.000000000 -3.660453800 -35.186584000
v 50.000000000 48.757301300 -38.876083000
v 50.000000000 58.746254000 -38.797043000
v 50.000000000 43.761127500 -38.976639000
v 50.000000000 53.743011500 -38.818069000
v 50.000000000 63.688362100 -38.749985000
v 50.000000000 68.587699900 -38.670975000
v 50.000000000 33.824035600 -39.211334000
v 50.000000000 24.012172700 -39.274200000
v 50.000000000 28.891792300 -39.281967000
v 50.000000000 38.759769400 -39.108154000
v 50.000000000 14.228824600 -38.951813000
v 50.000000000 19.122604400 -39.190811000
v 50.000000000 -3.754210500 -16.467911000
v 50.000000000 -3.531809800 -29.519058000
v 50.000000000 -11.329495440 3.447571000
v 50.000000000 -0.646552100 -33.229324000
v 50.000000000 -1.094053300 -39.286453000
v 50.000000000 -3.756135000 -11.578644000
v 50.000000000 -4.052704800 -20.580582000
v 50.000000000 -6.316828700 2.919830000
v 50.000000000 1.566188800 -30.407745000
v 50.000000000 43.514541600 -34.382736000
v 50.000000000 33.539482100 -34.887329000
v 50.000000000 48.600555400 -34.122055000
v 50.000000000 53.707511900 -34.039642000
v 50.000000000 58.798118600 -34.003738000
v 50.000000000 23.911224400 -35.007416000
v 50.000000000 9.185028100 -38.481567000
v 50.000000000 14.488857300 -34.521332000
v 50.000000000 38.450172400 -34.679291000
v 50.000000000 28.677269000 -35.011444000
v 50.000000000 19.173580200 -34.876297000
v 50.000000000 38.753360700 2.741440000
v 50.000000000 53.655258200 2.391342000
v 50.000000000 8.918352100 2.539810000
v 50.000000000 -1.236018200 2.562073000
v 50.000000000 3.847785900 2.497208000
v 50.000000000 28.848613700 2.794083000
v 50.000000000 23.890403700 2.776108000
v 50.000000000 13.935573600 2.633026000
v 50.000000000 43.727054600 2.661499000
v 50.000000000 33.789596500 2.801605000
v 50.000000000 18.921932200 2.722305000
v 50.000000000 48.693809500 2.547241000
v 50.000000000 68.495101900 1.989487000
v 50.000000000 58.595390300 2.248795000
v 50.000000000 -6.307659200 -1.103058000
v 50.000000000 0.243045800 -17.828751000
v 50.000000000 -0.948023800 -25.409561000
v 50.000000000 5.425167100 -32.615402000
v 50.000000000 9.829767200 -33.845245000
v 50.000000000 33.087192500 -30.661316000
v 50.000000000 37.916400900 -30.377991000
v 50.000000000 42.993148800 -29.868500000
v 50.000000000 48.286956800 -29.286209000
v 50.000000000 53.636787400 -29.327225000
v 50.000000000 28.363349900 -30.804932000
v 50.000000000 14.810251200 -30.259827000
v 50.000000000 19.236110700 -30.657028000
v 50.000000000 23.753116600 -30.815430000
v 50.000000000 63.735183700 -33.877167000
v 50.000000000 63.537788400 2.111923000
v 50.000000000 34.147949200 -1.295624000
v 50.000000000 39.004589100 -1.357376000
v 50.000000000 -0.930411400 -1.976334000
v 50.000000000 4.404438000 -1.943024000
v 50.000000000 9.568307900 -1.801971000
v 50.000000000 19.542331700 -1.468048000
v 50.000000000 43.916042300 -1.531616000
v 50.000000000 48.823280300 -1.802628000
v 50.000000000 29.297916400 -1.293991000
v 50.000000000 24.433235200 -1.343628000
v 50.000000000 14.584882700 -1.617767000
v 50.000000000 53.715293900 -2.140869000
v 50.000000000 -0.390638400 -21.717209000
v 50.000000000 1.137956600 -14.185379000
v 50.000000000 7.134698900 -24.463852000
v 50.000000000 6.460727700 -28.364288000
v 50.000000000 3.535846700 -37.554276000
v 50.000000000 10.504379300 -29.516998000
v 50.000000000 19.232887300 -26.528046000
v 50.000000000 23.526798200 -26.634445000
v 50.000000000 42.061790500 -25.625961000
v 50.000000000 47.797622700 -23.990067000
v 50.000000000 53.771476700 -24.846573000
v 50.000000000 37.151207000 -26.244186000
v 50.000000000 32.501335100 -26.500519000
v 50.000000000 27.952884700 -26.616562000
v 50.000000000 58.821838400 -29.341583000
v 50.000000000 39.157550800 -5.306885000
v 50.000000000 43.943412800 -5.540604000
v 50.000000000 34.472999600 -5.289459000
v 50.000000000 48.731895400 -5.993210000
v 50.000000000 29.768871300 -5.360733000
v 50.000000000 25.022216800 -5.449356000
v 50.000000000 15.340681100 -5.843613000
v 50.000000000 20.227321600 -5.591675000
v 50.000000000 10.352361700 -6.145737000
v 50.000000000 5.170282400 -6.242630000
v 50.000000000 -0.738926900 -7.158432000
v 50.000000000 58.610839800 -2.490295000
v 50.000000000 68.343444800 -8.106186000
v 50.000000000 68.141319300 -13.269699000
v 50.000000000 68.540824900 -28.702606000
v 50.000000000 67.996246300 -18.451233000
v 50.000000000 68.310936000 -23.622406000
v 50.000000000 68.459533700 -3.023666000
v 50.000000000 -16.207363381 3.907089000
v 50.000000000 11.016557700 -25.524567000
v 50.000000000 -7.488434810 -19.530945000
v 50.000000000 4.045074400 -19.442673000
v 50.000000000 63.517982500 -2.793976000
v 50.000000000 2.876144400 -11.433167000
v 50.000000000 15.064970000 -26.197952000
v 50.000000000 3.358675000 -23.101028000
v 50.000000000 23.162956200 -22.410126000
v 50.000000000 44.296901700 -20.290878000
v 50.000000000 40.483528100 -21.746277000
v 50.000000000 50.356048600 -19.188370000
v 50.000000000 27.466358200 -22.358902000
v 50.000000000 58.801269500 -25.010910000
v 50.000000000 36.261390700 -22.189621000
v 50.000000000 43.830429100 -9.300751000
v 50.000000000 39.290603600 -9.055817000
v 50.000000000 16.309143100 -10.021820000
v 50.000000000 11.309728600 -10.893295000
v 50.000000000 31.876041400 -22.302338000
v 50.000000000 53.521682700 -6.589600000
v 50.000000000 34.927730500 -9.338425000
v 50.000000000 30.332641600 -9.504547000
v 50.000000000 6.322753900 -10.277817000
v 50.000000000 21.011344900 -9.712448000
v 50.000000000 25.668266300 -9.580109000
v 50.000000000 62.908103900 -12.959213000
v 50.000000000 63.386299100 -24.159760000
v 50.000000000 62.035995500 -18.619415000
v 50.000000000 63.675468400 -29.035019000
v 50.000000000 63.327735900 -7.789154000
v 50.000000000 11.389133400 -21.838440000
v 50.000000000 4.896972600 -16.126007000
v 50.000000000 15.168125100 -22.313889000
v 50.000000000 8.372774100 -17.524536000
v 50.000000000 19.061889600 -22.428009000
v 50.000000000 43.006858800 -15.741913000
v 50.000000000 46.498996700 -17.248138000
v 50.000000000 26.913913700 -18.049728000
v 50.000000000 54.822349500 -20.448746000
v 50.000000000 42.275238000 -18.031860000
v 50.000000000 43.583282500 -12.763016000
v 50.000000000 48.378799400 -9.962967000
v 50.000000000 11.759214400 -15.870651000
v 50.000000000 39.613231600 -12.499283000
v 50.000000000 58.388290400 -7.232025000
v 50.000000000 31.344085700 -18.025513000
v 50.000000000 39.507007600 -15.236023000
v 50.000000000 17.601123800 -14.128754000
v 50.000000000 26.325092300 -13.778580000
v 50.000000000 30.946353900 -13.758636000
v 50.000000000 21.860820800 -13.872925000
v 50.000000000 57.809509300 -11.942352000
v 50.000000000 56.624565100 -16.359329000
v 50.000000000 35.661472300 -18.144455000
v 50.000000000 11.636341100 -18.511795000
v 50.000000000 14.968460100 -18.568939000
v 50.000000000 22.609268200 -18.132797000
v 50.000000000 58.510467500 -21.464157000
v 50.000000000 51.972160300 -14.999359000
v 50.000000000 47.698539700 -13.708160000
v 50.000000000 52.961982700 -10.864731000
v 50.000000000 68.599624600 -33.689774000
v 50.000000000 -10.571950450 -37.026688000
v 50.000000000 -21.061162960 4.147980000
v 50.000000000 -4.207219100 -40.087997000
v 50.000000000 -6.934545530 -31.059006000
v 50.000000000 2.672451000 -26.827240000
v 50.000000000 -1.127207800 -28.448883000
v 50.000000000 -4.950239200 -24.909897000
v 50.000000000 7.710582700 -20.827789000
v 50.000000000 39.423168200 -18.316376000
v 50.000000000 18.573242200 -18.307480000
v 50.000000000 35.874061600 -13.795288000
v 50.000000000 9.339870400 -14.347504000
v 50.000000000 5.942417100 -13.222458000
v 50.000000000 14.006271300 -14.829971000
v 0.123672690 -65.109527600 43.625000000
# Exported from Abaqus INP
# translation: 0.0, 0.0, 0.0
f 1 374 42
f 1 49 374
f 42 43 2
f 42 374 43
f 49 375 374
f 49 48 375
f 374 44 43
f 374 375 44
f 48 376 375
f 48 47 376
f 375 45 44
f 375 376 45
f 47 46 376
f 47 4 46
f 376 3 45
f 376 46 3
f 5 377 50
f 5 57 377
f 50 51 6
f 50 377 51
f 57 378 377
f 57 56 378
f 377 52 51
f 377 378 52
f 56 379 378
f 56 55 379
f 378 53 52
f 378 379 53
f 55 54 379
f 55 8 54
f 379 7 53
f 379 54 7
f 4 380 58
f 4 69 380
f 58 381 59
f 58 380 381
f 59 382 60
f 59 381 382
f 60 383 61
f 60 382 383
f 61 384 62
f 61 383 384
f 62 63 7
f 62 384 63
f 69 68 380
f 69 10 68
f 380 67 381
f 380 68 67
f 381 66 382
f 381 67 66
f 382 65 383
f 382 66 65
f 383 64 384
f 383 65 64
f 384 9 63
f 384 64 9
f 4 385 46
f 4 73 385
f 46 70 3
f 46 385 70
f 73 386 385
f 73 72 386
f 385 71 70
f 385 386 71
f 72 11 386
f 72 13 11
f 386 12 71
f 386 11 12
f 3 387 74
f 3 70 387
f 74 388 75
f 74 387 388
f 75 76 8
f 75 388 76
f 70 389 387
f 70 71 389
f 387 390 388
f 387 389 390
f 388 77 76
f 388 390 77
f 71 79 389
f 71 12 79
f 389 78 390
f 389 79 78
f 390 14 77
f 390 78 14
f 15 391 80
f 15 142 391
f 80 392 81
f 80 391 392
f 81 393 82
f 81 392 393
f 82 394 83
f 82 393 394
f 83 395 84
f 83 394 395
f 84 396 85
f 84 395 396
f 85 397 86
f 85 396 397
f 86 398 87
f 86 397 398
f 87 399 88
f 87 398 399
f 88 400 89
f 88 399 400
f 89 401 90
f 89 400 401
f 90 402 91
f 90 401 402
f 91 403 92
f 91 402 403
f 92 404 93
f 92 403 404
f 93 405 94
f 93 404 405
f 94 406 95
f 94 405 406
f 95 96 16
f 95 406 96
f 142 407 391
f 142 141 407
f 391 408 392
f 391 407 408
f 392 409 393
f 392 408 409
f 393 410 394
f 393 409 410
f 394 411 395
f 394 410 411
f 395 412 396
f 395 411 412
f 396 413 397
f 396 412 413
f 397 414 398
f 397 413 414
f 398 415 399
f 398 414 415
f 399 416 400
f 399 415 416
f 400 417 401
f 400 416 417
f 401 418 402
f 401 417 418
f 402 419 403
f 402 418 419
f 403 420 404
f 403 419 420
f 404 421 405
f 404 420 421
f 405 422 406
f 405 421 422
f 406 97 96
f 406 422 97
f 141 423 407
f 141 140 423
f 407 424 408
f 407 423 424
f 408 425 409
f 408 424 425
f 409 426 410
f 409 425 426
f 410 427 411
f 410 426 427
f 411 428 412
f 411 427 428
f 412 429 413
f 412 428 429
f 413 430 414
f 413 429 430
f 414 431 415
f 414 430 431
f 415 432 416
f 415 431 432
f 416 433 417
f 416 432 433
f 417 434 418
f 417 433 434
f 418 435 419
f 418 434 435
f 419 436 420
f 419 435 436
f 420 437 421
f 420 436 437
f 421 438 422
f 421 437 438
f 422 98 97
f 422 438 98
f 140 439 423
f 140 139 439
f 423 440 424
f 423 439 440
f 424 441 425
f 424 440 441
f 425 442 426
f 425 441 442
f 426 443 427
f 426 442 443
f 427 444 428
f 427 443 444
f 428 445 429
f 428 444 445
f 429 446 430
f 429 445 446
f 430 447 431
f 430 446 447
f 431 448 432
f 431 447 448
f 432 449 433
f 432 448 449
f 433 450 434
f 433 449 450
f 434 451 435
f 434 450 451
f 435 452 436
f 435 451 452
f 436 453 437
f 436 452 453
f 437 454 438
f 437 453 454
f 438 99 98
f 438 454 99
f 139 455 439
f 139 138 455
f 439 456 440
f 439 455 456
f 440 457 441
f 440 456 457
f 441 458 442
f 441 457 458
f 442 459 443
f 442 458 459
f 443 460 444
f 443 459 460
f 444 461 445
f 444 460 461
f 445 462 446
f 445 461 462
f 446 463 447
f 446 462 463
f 447 464 448
f 447 463 464
f 448 465 449
f 448 464 465
f 449 466 450
f 449 465 466
f 450 467 451
f 450 466 467
f 451 468 452
f 451 467 468
f 452 469 453
f 452 468 469
f 453 470 454
f 453 469 470
f 454 100 99
f 454 470 100
f 138 471 455
f 138 137 471
f 455 472 456
f 455 471 472
f 456 473 457
f 456 472 473
f 457 474 458
f 457 473 474
f 458 475 459
f 458 474 475
f 459 476 460
f 459 475 476
f 460 477 461
f 460 476 477
f 461 478 462
f 461 477 478
f 462 479 463
f 462 478 479
f 463 480 464
f 463 479 480
f 464 481 465
f 464 480 481
f 465 482 466
f 465 481 482
f 466 483 467
f 466 482 483
f 467 484 468
f 467 483 484
f 468 485 469
f 468 484 485
f 469 486 470
f 469 485 486
f 470 101 100
f 470 486 101
f 137 487 471
f 137 136 487
f 471 488 472
f 471 487 488
f 472 489 473
f 472 488 489
f 473 490 474
f 473 489 490
f 474 491 475
f 474 490 491
f 475 492 476
f 475 491 492
f 476 493 477
f 476 492 493
f 477 494 478
f 477 493 494
f 478 495 479
f 478 494 495
f 479 496 480
f 479 495 496
f 480 497 481
f 480 496 497
f 481 498 482
f 481 497 498
f 482 499 483
f 482 498 499
f 483 500 484
f 483 499 500
f 484 501 485
f 484 500 501
f 485 502 486
f 485 501 502
f 486 102 101
f 486 502 102
f 136 503 487
f 136 135 503
f 487 504 488
f 487 503 504
f 488 505 489
f 488 504 505
f 489 506 490
f 489 505 506
f 490 507 491
f 490 506 507
f 491 508 492
f 491 507 508
f 492 509 493
f 492 508 509
f 493 510 494
f 493 509 510
f 494 511 495
f 494 510 511
f 495 512 496
f 495 511 512
f 496 513 497
f 496 512 513
f 497 514 498
f 497 513 514
f 498 515 499
f 498 514 515
f 499 516 500
f 499 515 516
f 500 517 501
f 500 516 517
f 501 518 502
f 501 517 518
f 502 103 102
f 502 518 103
f 135 519 503
f 135 134 519
f 503 520 504
f 503 519 520
f 504 521 505
f 504 520 521
f 505 522 506
f 505 521 522
f 506 523 507
f 506 522 523
f 507 524 508
f 507 523 524
f 508 525 509
f 508 524 525
f 509 526 510
f 509 525 526
f 510 527 511
f 510 526 527
f 511 528 512
f 511 527 528
f 512 529 513
f 512 528 529
f 513 530 514
f 513 529 530
f 514 531 515
f 514 530 531
f 515 532 516
f 515 531 532
f 516 533 517
f 516 532 533
f 517 534 518
f 517 533 534
f 518 104 103
f 518 534 104
f 134 535 519
f 134 133 535
f 519 536 520
f 519 535 536
f 520 537 521
f 520 536 537
f 521 538 522
f 521 537 538
f 522 539 523
f 522 538 539
f 523 540 524
f 523 539 540
f 524 541 525
f 524 540 541
f 525 542 526
f 525 541 542
f 526 543 527
f 526 542 543
f 527 544 528
f 527 543 544
f 528 545 529
f 528 544 545
f 529 546 530
f 529 545 546
f 530 547 531
f 530 546 547
f 531 548 532
f 531 547 548
f 532 549 533
f 532 548 549
f 533 550 534
f 533 549 550
f 534 105 104
f 534 550 105
f 133 551 535
f 133 132 551
f 535 552 536
f 535 551 552
f 536 553 537
f 536 552 553
f 537 554 538
f 537 553 554
f 538 555 539
f 538 554 555
f 539 556 540
f 539 555 556
f 540 557 541
f 540 556 557
f 541 558 542
f 541 557 558
f 542 559 543
f 542 558 559
f 543 560 544
f 543 559 560
f 544 561 545
f 544 560 561
f 545 562 546
f 545 561 562
f 546 563 547
f 546 562 563
f 547 564 548
f 547 563 564
f 548 565 549
f 548 564 565
f 549 566 550
f 549 565 566
f 550 106 105
f 550 566 106
f 132 567 551
f 132 131 567
f 551 568 552
f 551 567 568
f 552 569 553
f 552 568 569
f 553 570 554
f 553 569 570
f 554 571 555
f 554 570 571
f 555 572 556
f 555 571 572
f 556 573 557
f 556 572 573
f 557 574 558
f 557 573 574
f 558 575 559
f 558 574 575
f 559 576 560
f 559 575 576
f 560 577 561
f 560 576 577
f 561 578 562
f 561 577 578
f 562 579 563
f 562 578 579
f 563 580 564
f 563 579 580
f 564 581 565
f 564 580 581
f 565 582 566
f 565 581 582
f 566 107 106
f 566 582 107
f 131 583 567
f 131 130 583
f 567 584 568
f 567 583 584
f 568 585 569
f 568 584 585
f 569 586 570
f 569 585 586
f 570 587 571
f 570 586 587
f 571 588 572
f 571 587 588
f 572 589 573
f 572 588 589
f 573 590 574
f 573 589 590
f 574 591 575
f 574 590 591
f 575 592 576
f 575 591 592
f 576 593 577
f 576 592 593
f 577 594 578
f 577 593 594
f 578 595 579
f 578 594 595
f 579 596 580
f 579 595 596
f 580 597 581
f 580 596 597
f 581 598 582
f 581 597 598
f 582 108 107
f 582 598 108
f 130 599 583
f 130 129 599
f 583 600 584
f 583 599 600
f 584 601 585
f 584 600 601
f 585 602 586
f 585 601 602
f 586 603 587
f 586 602 603
f 587 604 588
f 587 603 604
f 588 605 589
f 588 604 605
f 589 606 590
f 589 605 606
f 590 607 591
f 590 606 607
f 591 608 592
f 591 607 608
f 592 609 593
f 592 608 609
f 593 610 594
f 593 609 610
f 594 611 595
f 594 610 611
f 595 612 596
f 595 611 612
f 596 613 597
f 596 612 613
f 597 614 598
f 597 613 614
f 598 109 108
f 598 614 109
f 129 615 599
f 129 128 615
f 599 616 600
f 599 615 616
f 600 617 601
f 600 616 617
f 601 618 602
f 601 617 618
f 602 619 603
f 602 618 619
f 603 620 604
f 603 619 620
f 604 621 605
f 604 620 621
f 605 622 606
f 605 621 622
f 606 623 607
f 606 622 623
f 607 624 608
f 607 623 624
f 608 625 609
f 608 624 625
f 609 626 610
f 609 625 626
f 610 627 611
f 610 626 627
f 611 628 612
f 611 627 628
f 612 629 613
f 612 628 629
f 613 630 614
f 613 629 630
f 614 110 109
f 614 630 110
f 128 631 615
f 128 127 631
f 615 632 616
f 615 631 632
f 616 633 617
f 616 632 633
f 617 634 618
f 617 633 634
f 618 635 619
f 618 634 635
f 619 636 620
f 619 635 636
f 620 637 621
f 620 636 637
f 621 638 622
f 621 637 638
f 622 639 623
f 622 638 639
f 623 640 624
f 623 639 640
f 624 641 625
f 624 640 641
f 625 642 626
f 625 641 642
f 626 643 627
f 626 642 643
f 627 644 628
f 627 643 644
f 628 645 629
f 628 644 645
f 629 646 630
f 629 645 646
f 630 111 110
f 630 646 111
f 127 124 631
f 127 17 124
f 631 123 632
f 631 124 123
f 632 122 633
f 632 123 122
f 633 121 634
f 633 122 121
f 634 120 635
f 634 121 120
f 635 119 636
f 635 120 119
f 636 118 637
f 636 119 118
f 637 117 638
f 637 118 117
f 638 116 639
f 638 117 116
f 639 115 640
f 639 116 115
f 640 114 641
f 640 115 114
f 641 113 642
f 641 114 113
f 642 112 643
f 642 113 112
f 643 6 644
f 643 112 6
f 644 126 645
f 644 6 126
f 645 125 646
f 645 126 125
f 646 9 111
f 646 125 9
f 18 647 143
f 18 205 647
f 143 648 144
f 143 647 648
f 144 649 145
f 144 648 649
f 145 650 146
f 145 649 650
f 146 651 147
f 146 650 651
f 147 652 148
f 147 651 652
f 148 653 149
f 148 652 653
f 149 654 150
f 149 653 654
f 150 655 151
f 150 654 655
f 151 656 152
f 151 655 656
f 152 657 153
f 152 656 657
f 153 658 154
f 153 657 658
f 154 659 155
f 154 658 659
f 155 660 156
f 155 659 660
f 156 661 157
f 156 660 661
f 157 662 158
f 157 661 662
f 158 159 19
f 158 662 159
f 205 663 647
f 205 204 663
f 647 664 648
f 647 663 664
f 648 665 649
f 648 664 665
f 649 666 650
f 649 665 666
f 650 667 651
f 650 666 667
f 651 668 652
f 651 667 668
f 652 669 653
f 652 668 669
f 653 670 654
f 653 669 670
f 654 671 655
f 654 670 671
f 655 672 656
f 655 671 672
f 656 673 657
f 656 672 673
f 657 674 658
f 657 673 674
f 658 675 659
f 658 674 675
f 659 676 660
f 659 675 676
f 660 677 661
f 660 676 677
f 661 678 662
f 661 677 678
f 662 160 159
f 662 678 160
f 204 679 663
f 204 203 679
f 663 680 664
f 663 679 680
f 664 681 665
f 664 680 681
f 665 682 666
f 665 681 682
f 666 683 667
f 666 682 683
f 667 684 668
f 667 683 684
f 668 685 669
f 668 684 685
f 669 686 670
f 669 685 686
f 670 687 671
f 670 686 687
f 671 688 672
f 671 687 688
f 672 689 673
f 672 688 689
f 673 690 674
f 673 689 690
f 674 691 675
f 674 690 691
f 675 692 676
f 675 691 692
f 676 693 677
f 676 692 693
f 677 694 678
f 677 693 694
f 678 161 160
f 678 694 161
f 203 695 679
f 203 202 695
f 679 696 680
f 679 695 696
f 680 697 681
f 680 696 697
f 681 698 682
f 681 697 698
f 682 699 683
f 682 698 699
f 683 700 684
f 683 699 700
f 684 701 685
f 684 700 701
f 685 702 686
f 685 701 702
f 686 703 687
f 686 702 703
f 687 704 688
f 687 703 704
f 688 705 689
f 688 704 705
f 689 706 690
f 689 705 706
f 690 707 691
f 690 706 707
f 691 708 692
f 691 707 708
f 692 709 693
f 692 708 709
f 693 710 694
f 693 709 710
f 694 162 161
f 694 710 162
f 202 711 695
f 202 201 711
f 695 712 696
f 695 711 712
f 696 713 697
f 696 712 713
f 697 714 698
f 697 713 714
f 698 715 699
f 698 714 715
f 699 716 700
f 699 715 716
f 700 717 701
f 700 716 717
f 701 718 702
f 701 717 718
f 702 719 703
f 702 718 719
f 703 720 704
f 703 719 720
f 704 721 705
f 704 720 721
f 705 722 706
f 705 721 722
f 706 723 707
f 706 722 723
f 707 724 708
f 707 723 724
f 708 725 709
f 708 724 725
f 709 726 710
f 709 725 726
f 710 163 162
f 710 726 163
f 201 727 711
f 201 200 727
f 711 728 712
f 711 727 728
f 712 729 713
f 712 728 729
f 713 730 714
f 713 729 730
f 714 731 715
f 714 730 731
f 715 732 716
f 715 731 732
f 716 733 717
f 716 732 733
f 717 734 718
f 717 733 734
f 718 735 719
f 718 734 735
f 719 736 720
f 719 735 736
f 720 737 721
f 720 736 737
f 721 738 722
f 721 737 738
f 722 739 723
f 722 738 739
f 723 740 724
f 723 739 740
f 724 741 725
f 724 740 741
f 725 742 726
f 725 741 742
f 726 164 163
f 726 742 164
f 200 743 727
f 200 199 743
f 727 744 728
f 727 743 744
f 728 745 729
f 728 744 745
f 729 746 730
f 729 745 746
f 730 747 731
f 730 746 747
f 731 748 732
f 731 747 748
f 732 749 733
f 732 748 749
f 733 750 734
f 733 749 750
f 734 751 735
f 734 750 751
f 735 752 736
f 735 751 752
f 736 753 737
f 736 752 753
f 737 754 738
f 737 753 754
f 738 755 739
f 738 754 755
f 739 756 740
f 739 755 756
f 740 757 741
f 740 756 757
f 741 758 742
f 741 757 758
f 742 165 164
f 742 758 165
f 199 759 743
f 199 198 759
f 743 760 744
f 743 759 760
f 744 761 745
f 744 760 761
f 745 762 746
f 745 761 762
f 746 763 747
f 746 762 763
f 747 764 748
f 747 763 764
f 748 765 749
f 748 764 765
f 749 766 750
f 749 765 766
f 750 767 751
f 750 766 767
f 751 768 752
f 751 767 768
f 752 769 753
f 752 768 769
f 753 770 754
f 753 769 770
f 754 771 755
f 754 770 771
f 755 772 756
f 755 771 772
f 756 773 757
f 756 772 773
f 757 774 758
f 757 773 774
f 758 166 165
f 758 774 166
f 198 775 759
f 198 197 775
f 759 776 760
f 759 775 776
f 760 777 761
f 760 776 777
f 761 778 762
f 761 777 778
f 762 779 763
f 762 778 779
f 763 780 764
f 763 779 780
f 764 781 765
f 764 780 781
f 765 782 766
f 765 781 782
f 766 783 767
f 766 782 783
f 767 784 768
f 767 783 784
f 768 785 769
f 768 784 785
f 769 786 770
f 769 785 786
f 770 787 771
f 770 786 787
f 771 788 772
f 771 787 788
f 772 789 773
f 772 788 789
f 773 790 774
f 773 789 790
f 774 167 166
f 774 790 167
f 197 791 775
f 197 196 791
f 775 792 776
f 775 791 792
f 776 793 777
f 776 792 793
f 777 794 778
f 777 793 794
f 778 795 779
f 778 794 795
f 779 796 780
f 779 795 796
f 780 797 781
f 780 796 797
f 781 798 782
f 781 797 798
f 782 799 783
f 782 798 799
f 783 800 784
f 783 799 800
f 784 801 785
f 784 800 801
f 785 802 786
f 785 801 802
f 786 803 787
f 786 802 803
f 787 804 788
f 787 803 804
f 788 805 789
f 788 804 805
f 789 806 790
f 789 805 806
f 790 168 167
f 790 806 168
f 196 807 791
f 196 195 807
f 791 808 792
f 791 807 808
f 792 809 793
f 792 808 809
f 793 810 794
f 793 809 810
f 794 811 795
f 794 810 811
f 795 812 796
f 795 811 812
f 796 813 797
f 796 812 813
f 797 814 798
f 797 813 814
f 798 815 799
f 798 814 815
f 799 816 800
f 799 815 816
f 800 817 801
f 800 816 817
f 801 818 802
f 801 817 818
f 802 819 803
f 802 818 819
f 803 820 804
f 803 819 820
f 804 821 805
f 804 820 821
f 805 822 806
f 805 821 822
f 806 169 168
f 806 822 169
f 195 823 807
f 195 194 823
f 807 824 808
f 807 823 824
f 808 825 809
f 808 824 825
f 809 826 810
f 809 825 826
f 810 827 811
f 810 826 827
f 811 828 812
f 811 827 828
f 812 829 813
f 812 828 829
f 813 830 814
f 813 829 830
f 814 831 815
f 814 830 831
f 815 832 816
f 815 831 832
f 816 833 817
f 816 832 833
f 817 834 818
f 817 833 834
f 818 835 819
f 818 834 835
f 819 836 820
f 819 835 836
f 820 837 821
f 820 836 837
f 821 838 822
f 821 837 838
f 822 170 169
f 822 838 170
f 194 839 823
f 194 193 839
f 823 840 824
f 823 839 840
f 824 841 825
f 824 840 841
f 825 842 826
f 825 841 842
f 826 843 827
f 826 842 843
f 827 844 828
f 827 843 844
f 828 845 829
f 828 844 845
f 829 846 830
f 829 845 846
f 830 847 831
f 830 846 847
f 831 848 832
f 831 847 848
f 832 849 833
f 832 848 849
f 833 850 834
f 833 849 850
f 834 851 835
f 834 850 851
f 835 852 836
f 835 851 852
f 836 853 837
f 836 852 853
f 837 854 838
f 837 853 854
f 838 171 170
f 838 854 171
f 193 855 839
f 193 192 855
f 839 856 840
f 839 855 856
f 840 857 841
f 840 856 857
f 841 858 842
f 841 857 858
f 842 859 843
f 842 858 859
f 843 860 844
f 843 859 860
f 844 861 845
f 844 860 861
f 845 862 846
f 845 861 862
f 846 863 847
f 846 862 863
f 847 864 848
f 847 863 864
f 848 865 849
f 848 864 865
f 849 866 850
f 849 865 866
f 850 867 851
f 850 866 867
f 851 868 852
f 851 867 868
f 852 869 853
f 852 868 869
f 853 870 854
f 853 869 870
f 854 172 171
f 854 870 172
f 192 871 855
f 192 191 871
f 855 872 856
f 855 871 872
f 856 873 857
f 856 872 873
f 857 874 858
f 857 873 874
f 858 875 859
f 858 874 875
f 859 876 860
f 859 875 876
f 860 877 861
f 860 876 877
f 861 878 862
f 861 877 878
f 862 879 863
f 862 878 879
f 863 880 864
f 863 879 880
f 864 881 865
f 864 880 881
f 865 882 866
f 865 881 882
f 866 883 867
f 866 882 883
f 867 884 868
f 867 883 884
f 868 885 869
f 868 884 885
f 869 886 870
f 869 885 886
f 870 173 172
f 870 886 173
f 191 887 871
f 191 190 887
f 871 888 872
f 871 887 888
f 872 889 873
f 872 888 889
f 873 890 874
f 873 889 890
f 874 891 875
f 874 890 891
f 875 892 876
f 875 891 892
f 876 893 877
f 876 892 893
f 877 894 878
f 877 893 894
f 878 895 879
f 878 894 895
f 879 896 880
f 879 895 896
f 880 897 881
f 880 896 897
f 881 898 882
f 881 897 898
f 882 899 883
f 882 898 899
f 883 900 884
f 883 899 900
f 884 901 885
f 884 900 901
f 885 902 886
f 885 901 902
f 886 174 173
f 886 902 174
f 190 176 887
f 190 10 176
f 887 175 888
f 887 176 175
f 888 1 889
f 888 175 1
f 889 189 890
f 889 1 189
f 890 188 891
f 890 189 188
f 891 187 892
f 891 188 187
f 892 186 893
f 892 187 186
f 893 185 894
f 893 186 185
f 894 184 895
f 894 185 184
f 895 183 896
f 895 184 183
f 896 182 897
f 896 183 182
f 897 181 898
f 897 182 181
f 898 180 899
f 898 181 180
f 899 179 900
f 899 180 179
f 900 178 901
f 900 179 178
f 901 177 902
f 901 178 177
f 902 20 174
f 902 177 20
f 8 903 54
f 8 76 903
f 54 206 7
f 54 903 206
f 76 904 903
f 76 77 904
f 903 207 206
f 903 904 207
f 77 21 904
f 77 14 21
f 904 22 207
f 904 21 22
f 16 905 208
f 16 96 905
f 208 906 209
f 208 905 906
f 209 907 210
f 209 906 907
f 210 908 211
f 210 907 908
f 211 909 212
f 211 908 909
f 212 205 18
f 212 909 205
f 96 910 905
f 96 97 910
f 905 911 906
f 905 910 911
f 906 912 907
f 906 911 912
f 907 913 908
f 907 912 913
f 908 914 909
f 908 913 914
f 909 204 205
f 909 914 204
f 97 915 910
f 97 98 915
f 910 916 911
f 910 915 916
f 911 917 912
f 911 916 917
f 912 918 913
f 912 917 918
f 913 919 914
f 913 918 919
f 914 203 204
f 914 919 203
f 98 920 915
f 98 99 920
f 915 921 916
f 915 920 921
f 916 922 917
f 916 921 922
f 917 923 918
f 917 922 923
f 918 924 919
f 918 923 924
f 919 202 203
f 919 924 202
f 99 925 920
f 99 100 925
f 920 926 921
f 920 925 926
f 921 927 922
f 921 926 927
f 922 928 923
f 922 927 928
f 923 929 924
f 923 928 929
f 924 201 202
f 924 929 201
f 100 930 925
f 100 101 930
f 925 931 926
f 925 930 931
f 926 932 927
f 926 931 932
f 927 933 928
f 927 932 933
f 928 934 929
f 928 933 934
f 929 200 201
f 929 934 200
f 101 935 930
f 101 102 935
f 930 936 931
f 930 935 936
f 931 937 932
f 931 936 937
f 932 938 933
f 932 937 938
f 933 939 934
f 933 938 939
f 934 199 200
f 934 939 199
f 102 940 935
f 102 103 940
f 935 941 936
f 935 940 941
f 936 942 937
f 936 941 942
f 937 943 938
f 937 942 943
f 938 944 939
f 938 943 944
f 939 198 199
f 939 944 198
f 103 945 940
f 103 104 945
f 940 946 941
f 940 945 946
f 941 947 942
f 941 946 947
f 942 948 943
f 942 947 948
f 943 949 944
f 943 948 949
f 944 197 198
f 944 949 197
f 104 950 945
f 104 105 950
f 945 951 946
f 945 950 951
f 946 952 947
f 946 951 952
f 947 953 948
f 947 952 953
f 948 954 949
f 948 953 954
f 949 196 197
f 949 954 196
f 105 955 950
f 105 106 955
f 950 956 951
f 950 955 956
f 951 957 952
f 951 956 957
f 952 958 953
f 952 957 958
f 953 959 954
f 953 958 959
f 954 195 196
f 954 959 195
f 106 960 955
f 106 107 960
f 955 961 956
f 955 960 961
f 956 962 957
f 956 961 962
f 957 963 958
f 957 962 963
f 958 964 959
f 958 963 964
f 959 194 195
f 959 964 194
f 107 965 960
f 107 108 965
f 960 966 961
f 960 965 966
f 961 967 962
f 961 966 967
f 962 968 963
f 962 967 968
f 963 969 964
f 963 968 969
f 964 193 194
f 964 969 193
f 108 970 965
f 108 109 970
f 965 971 966
f 965 970 971
f 966 972 967
f 966 971 972
f 967 973 968
f 967 972 973
f 968 974 969
f 968 973 974
f 969 192 193
f 969 974 192
f 109 975 970
f 109 110 975
f 970 976 971
f 970 975 976
f 971 977 972
f 971 976 977
f 972 978 973
f 972 977 978
f 973 979 974
f 973 978 979
f 974 191 192
f 974 979 191
f 110 980 975
f 110 111 980
f 975 981 976
f 975 980 981
f 976 982 977
f 976 981 982
f 977 983 978
f 977 982 983
f 978 984 979
f 978 983 984
f 979 190 191
f 979 984 190
f 111 64 980
f 111 9 64
f 980 65 981
f 980 64 65
f 981 66 982
f 981 65 66
f 982 67 983
f 982 66 67
f 983 68 984
f 983 67 68
f 984 10 190
f 984 68 10
f 14 985 213
f 14 78 985
f 213 214 23
f 213 985 214
f 78 986 985
f 78 79 986
f 985 215 214
f 985 986 215
f 79 216 986
f 79 12 216
f 986 24 215
f 986 216 24
f 23 217 25
f 23 214 217
f 214 218 217
f 214 215 218
f 215 26 218
f 215 24 26
f 27 987 219
f 27 274 987
f 219 988 220
f 219 987 988
f 220 989 221
f 220 988 989
f 221 990 222
f 221 989 990
f 222 991 223
f 222 990 991
f 223 992 224
f 223 991 992
f 224 993 225
f 224 992 993
f 225 994 226
f 225 993 994
f 226 995 227
f 226 994 995
f 227 996 228
f 227 995 996
f 228 997 229
f 228 996 997
f 229 998 230
f 229 997 998
f 230 999 231
f 230 998 999
f 231 1000 232
f 231 999 1000
f 232 1001 233
f 232 1000 1001
f 233 1002 234
f 233 1001 1002
f 234 1003 235
f 234 1002 1003
f 235 1004 236
f 235 1003 1004
f 236 1005 237
f 236 1004 1005
f 237 238 28
f 237 1005 238
f 274 1006 987
f 274 273 1006
f 987 1007 988
f 987 1006 1007
f 988 1008 989
f 988 1007 1008
f 989 1009 990
f 989 1008 1009
f 990 1010 991
f 990 1009 1010
f 991 1011 992
f 991 1010 1011
f 992 1012 993
f 992 1011 1012
f 993 1013 994
f 993 1012 1013
f 994 1014 995
f 994 1013 1014
f 995 1015 996
f 995 1014 1015
f 996 1016 997
f 996 1015 1016
f 997 1017 998
f 997 1016 1017
f 998 1018 999
f 998 1017 1018
f 999 1019 1000
f 999 1018 1019
f 1000 1020 1001
f 1000 1019 1020
f 1001 1021 1002
f 1001 1020 1021
f 1002 1022 1003
f 1002 1021 1022
f 1003 1023 1004
f 1003 1022 1023
f 1004 1024 1005
f 1004 1023 1024
f 1005 239 238
f 1005 1024 239
f 273 1025 1006
f 273 272 1025
f 1006 1026 1007
f 1006 1025 1026
f 1007 1027 1008
f 1007 1026 1027
f 1008 1028 1009
f 1008 1027 1028
f 1009 1029 1010
f 1009 1028 1029
f 1010 1030 1011
f 1010 1029 1030
f 1011 1031 1012
f 1011 1030 1031
f 1012 1032 1013
f 1012 1031 1032
f 1013 1033 1014
f 1013 1032 1033
f 1014 1034 1015
f 1014 1033 1034
f 1015 1035 1016
f 1015 1034 1035
f 1016 1036 1017
f 1016 1035 1036
f 1017 1037 1018
f 1017 1036 1037
f 1018 1038 1019
f 1018 1037 1038
f 1019 1039 1020
f 1019 1038 1039
f 1020 1040 1021
f 1020 1039 1040
f 1021 1041 1022
f 1021 1040 1041
f 1022 1042 1023
f 1022 1041 1042
f 1023 1043 1024
f 1023 1042 1043
f 1024 240 239
f 1024 1043 240
f 272 1044 1025
f 272 271 1044
f 1025 1045 1026
f 1025 1044 1045
f 1026 1046 1027
f 1026 1045 1046
f 1027 1047 1028
f 1027 1046 1047
f 1028 1048 1029
f 1028 1047 1048
f 1029 1049 1030
f 1029 1048 1049
f 1030 1050 1031
f 1030 1049 1050
f 1031 1051 1032
f 1031 1050 1051
f 1032 1052 1033
f 1032 1051 1052
f 1033 1053 1034
f 1033 1052 1053
f 1034 1054 1035
f 1034 1053 1054
f 1035 1055 1036
f 1035 1054 1055
f 1036 1056 1037
f 1036 1055 1056
f 1037 1057 1038
f 1037 1056 1057
f 1038 1058 1039
f 1038 1057 1058
f 1039 1059 1040
f 1039 1058 1059
f 1040 1060 1041
f 1040 1059 1060
f 1041 1061 1042
f 1041 1060 1061
f 1042 1062 1043
f 1042 1061 1062
f 1043 241 240
f 1043 1062 241
f 271 1063 1044
f 271 270 1063
f 1044 1064 1045
f 1044 1063 1064
f 1045 1065 1046
f 1045 1064 1065
f 1046 1066 1047
f 1046 1065 1066
f 1047 1067 1048
f 1047 1066 1067
f 1048 1068 1049
f 1048 1067 1068
f 1049 1069 1050
f 1049 1068 1069
f 1050 1070 1051
f 1050 1069 1070
f 1051 1071 1052
f 1051 1070 1071
f 1052 1072 1053
f 1052 1071 1072
f 1053 1073 1054
f 1053 1072 1073
f 1054 1074 1055
f 1054 1073 1074
f 1055 1075 1056
f 1055 1074 1075
f 1056 1076 1057
f 1056 1075 1076
f 1057 1077 1058
f 1057 1076 1077
f 1058 1078 1059
f 1058 1077 1078
f 1059 1079 1060
f 1059 1078 1079
f 1060 1080 1061
f 1060 1079 1080
f 1061 1081 1062
f 1061 1080 1081
f 1062 242 241
f 1062 1081 242
f 270 1082 1063
f 270 269 1082
f 1063 1083 1064
f 1063 1082 1083
f 1064 1084 1065
f 1064 1083 1084
f 1065 1085 1066
f 1065 1084 1085
f 1066 1086 1067
f 1066 1085 1086
f 1067 1087 1068
f 1067 1086 1087
f 1068 1088 1069
f 1068 1087 1088
f 1069 1089 1070
f 1069 1088 1089
f 1070 1090 1071
f 1070 1089 1090
f 1071 1091 1072
f 1071 1090 1091
f 1072 1092 1073
f 1072 1091 1092
f 1073 1093 1074
f 1073 1092 1093
f 1074 1094 1075
f 1074 1093 1094
f 1075 1095 1076
f 1075 1094 1095
f 1076 1096 1077
f 1076 1095 1096
f 1077 1097 1078
f 1077 1096 1097
f 1078 1098 1079
f 1078 1097 1098
f 1079 1099 1080
f 1079 1098 1099
f 1080 1100 1081
f 1080 1099 1100
f 1081 243 242
f 1081 1100 243
f 269 1101 1082
f 269 268 1101
f 1082 1102 1083
f 1082 1101 1102
f 1083 1103 1084
f 1083 1102 1103
f 1084 1104 1085
f 1084 1103 1104
f 1085 1105 1086
f 1085 1104 1105
f 1086 1106 1087
f 1086 1105 1106
f 1087 1107 1088
f 1087 1106 1107
f 1088 1108 1089
f 1088 1107 1108
f 1089 1109 1090
f 1089 1108 1109
f 1090 1110 1091
f 1090 1109 1110
f 1091 1111 1092
f 1091 1110 1111
f 1092 1112 1093
f 1092 1111 1112
f 1093 1113 1094
f 1093 1112 1113
f 1094 1114 1095
f 1094 1113 1114
f 1095 1115 1096
f 1095 1114 1115
f 1096 1116 1097
f 1096 1115 1116
f 1097 1117 1098
f 1097 1116 1117
f 1098 1118 1099
f 1098 1117 1118
f 1099 1119 1100
f 1099 1118 1119
f 1100 244 243
f 1100 1119 244
f 268 1120 1101
f 268 267 1120
f 1101 1121 1102
f 1101 1120 1121
f 1102 1122 1103
f 1102 1121 1122
f 1103 1123 1104
f 1103 1122 1123
f 1104 1124 1105
f 1104 1123 1124
f 1105 1125 1106
f 1105 1124 1125
f 1106 1126 1107
f 1106 1125 1126
f 1107 1127 1108
f 1107 1126 1127
f 1108 1128 1109
f 1108 1127 1128
f 1109 1129 1110
f 1109 1128 1129
f 1110 1130 1111
f 1110 1129 1130
f 1111 1131 1112
f 1111 1130 1131
f 1112 1132 1113
f 1112 1131 1132
f 1113 1133 1114
f 1113 1132 1133
f 1114 1134 1115
f 1114 1133 1134
f 1115 1135 1116
f 1115 1134 1135
f 1116 1136 1117
f 1116 1135 1136
f 1117 1137 1118
f 1117 1136 1137
f 1118 1138 1119
f 1118 1137 1138
f 1119 245 244
f 1119 1138 245
f 267 1139 1120
f 267 266 1139
f 1120 1140 1121
f 1120 1139 1140
f 1121 1141 1122
f 1121 1140 1141
f 1122 1142 1123
f 1122 1141 1142
f 1123 1143 1124
f 1123 1142 1143
f 1124 1144 1125
f 1124 1143 1144
f 1125 1145 1126
f 1125 1144 1145
f 1126 1146 1127
f 1126 1145 1146
f 1127 1147 1128
f 1127 1146 1147
f 1128 1148 1129
f 1128 1147 1148
f 1129 1149 1130
f 1129 1148 1149
f 1130 1150 1131
f 1130 1149 1150
f 1131 1151 1132
f 1131 1150 1151
f 1132 1152 1133
f 1132 1151 1152
f 1133 1153 1134
f 1133 1152 1153
f 1134 1154 1135
f 1134 1153 1154
f 1135 1155 1136
f 1135 1154 1155
f 1136 1156 1137
f 1136 1155 1156
f 1137 1157 1138
f 1137 1156 1157
f 1138 246 245
f 1138 1157 246
f 266 265 1139
f 266 30 265
f 1139 264 1140
f 1139 265 264
f 1140 263 1141
f 1140 264 263
f 1141 262 1142
f 1141 263 262
f 1142 261 1143
f 1142 262 261
f 1143 260 1144
f 1143 261 260
f 1144 259 1145
f 1144 260 259
f 1145 258 1146
f 1145 259 258
f 1146 257 1147
f 1146 258 257
f 1147 256 1148
f 1147 257 256
f 1148 255 1149
f 1148 256 255
f 1149 254 1150
f 1149 255 254
f 1150 253 1151
f 1150 254 253
f 1151 252 1152
f 1151 253 252
f 1152 251 1153
f 1152 252 251
f 1153 250 1154
f 1153 251 250
f 1154 249 1155
f 1154 250 249
f 1155 248 1156
f 1155 249 248
f 1156 247 1157
f 1156 248 247
f 1157 29 246
f 1157 247 29
f 7 1158 62
f 7 206 1158
f 62 1159 61
f 62 1158 1159
f 61 1160 60
f 61 1159 1160
f 60 1161 59
f 60 1160 1161
f 59 1162 58
f 59 1161 1162
f 58 73 4
f 58 1162 73
f 206 1163 1158
f 206 207 1163
f 1158 1164 1159
f 1158 1163 1164
f 1159 1165 1160
f 1159 1164 1165
f 1160 1166 1161
f 1160 1165 1166
f 1161 1167 1162
f 1161 1166 1167
f 1162 72 73
f 1162 1167 72
f 207 276 1163
f 207 22 276
f 1163 275 1164
f 1163 276 275
f 1164 31 1165
f 1164 275 31
f 1165 278 1166
f 1165 31 278
f 1166 277 1167
f 1166 278 277
f 1167 13 72
f 1167 277 13
f 24 1168 279
f 24 216 1168
f 279 280 32
f 279 1168 280
f 216 11 1168
f 216 12 11
f 1168 13 280
f 1168 11 13
f 22 1169 281
f 22 21 1169
f 281 282 33
f 281 1169 282
f 21 213 1169
f 21 14 213
f 1169 23 282
f 1169 213 23
f 25 282 23
f 25 283 282
f 283 33 282
f 283 34 33
f 26 1170 218
f 26 286 1170
f 218 1171 217
f 218 1170 1171
f 217 283 25
f 217 1171 283
f 286 1172 1170
f 286 36 1172
f 1170 1173 1171
f 1170 1172 1173
f 1171 34 283
f 1171 1173 34
f 36 285 1172
f 36 37 285
f 1172 284 1173
f 1172 285 284
f 1173 35 34
f 1173 284 35
f 24 286 26
f 24 279 286
f 279 36 286
f 279 32 36
f 38 1174 287
f 38 289 1174
f 287 1175 288
f 287 1174 1175
f 288 281 33
f 288 1175 281
f 289 275 1174
f 289 31 275
f 1174 276 1175
f 1174 275 276
f 1175 22 281
f 1175 276 22
f 32 1176 290
f 32 280 1176
f 290 1177 291
f 290 1176 1177
f 291 289 38
f 291 1177 289
f 280 277 1176
f 280 13 277
f 1176 278 1177
f 1176 277 278
f 1177 31 289
f 1177 278 31
f 38 292 39
f 38 287 292
f 287 293 292
f 287 288 293
f 288 40 293
f 288 33 40
f 35 33 34
f 35 40 33
f 39 291 38
f 39 295 291
f 295 290 291
f 295 294 290
f 294 32 290
f 294 41 32
f 41 36 32
f 41 37 36
f 1180 45 1178
f 1180 44 45
f 1179 1183 1185
f 1179 1184 1183
f 1178 1185 1180
f 1178 1179 1185
f 55 1181 1182
f 55 56 1181
f 1182 8 55
f 1182 75 8
f 301 57 5
f 301 1186 57
f 1182 1179 75
f 1182 1184 1179
f 1186 56 57
f 1186 1181 56
f 3 1178 45
f 3 74 1178
f 74 1179 1178
f 74 75 1179
f 297 1187 1188
f 297 296 1187
f 296 43 1187
f 296 2 43
f 1187 44 1180
f 1187 43 44
f 298 1188 1183
f 298 297 1188
f 1189 299 1184
f 1189 300 299
f 300 1186 301
f 300 1189 1186
f 1183 299 298
f 1183 1184 299
f 1182 1189 1184
f 1182 1181 1189
f 1188 1180 1185
f 1188 1187 1180
f 5 1219 301
f 5 1220 1219
f 1202 117 1203
f 1202 116 117
f 189 42 1190
f 189 1 42
f 1199 182 183
f 1199 1193 182
f 1195 179 180
f 1195 1198 179
f 1193 181 182
f 1193 1200 181
f 1192 185 186
f 1192 1191 185
f 1227 1194 1813
f 1227 1192 1194
f 1807 1213 1221
f 1807 2 1213
f 1393 1417 1430
f 1393 1394 1417
f 1213 296 1215
f 1213 2 296
f 1216 298 1217
f 1216 297 298
f 1190 188 189
f 1190 1808 188
f 1809 188 1808
f 1809 187 188
f 1191 184 185
f 1191 1197 184
f 1197 183 184
f 1197 1199 183
f 1231 1255 1228
f 1231 1252 1255
f 180 1200 1195
f 180 181 1200
f 1270 1294 1298
f 1270 1268 1294
f 178 1198 1196
f 178 179 1198
f 1326 1349 1394
f 1326 1329 1349
f 1273 20 177
f 1273 302 20
f 177 1196 1273
f 177 178 1196
f 1223 1199 1230
f 1223 1193 1199
f 1215 297 1216
f 1215 296 297
f 1230 1197 1226
f 1230 1199 1197
f 1217 1245 1242
f 1217 1218 1245
f 1236 1205 1206
f 1236 1812 1205
f 1354 1392 1357
f 1354 1370 1392
f 1361 1342 1276
f 1361 1824 1342
f 332 1471 1474
f 332 331 1471
f 228 1470 227
f 228 1463 1470
f 1510 1460 1462
f 1510 1513 1460
f 1480 317 1487
f 1480 318 317
f 315 1481 316
f 315 1478 1481
f 318 1488 319
f 318 1480 1488
f 1461 233 1511
f 1461 232 233
f 234 1511 233
f 234 1512 1511
f 320 1489 321
f 320 1479 1489
f 237 321 1489
f 237 28 321
f 1536 1582 1583
f 1536 1531 1582
f 1479 319 1488
f 1479 320 319
f 1462 1560 1510
f 1462 1506 1560
f 1460 230 1462
f 1460 229 230
f 1433 1450 1440
f 1433 1439 1450
f 1417 1364 1404
f 1417 1394 1364
f 1474 333 332
f 1474 1522 333
f 1463 229 1460
f 1463 228 229
f 1539 1480 1487
f 1539 1541 1480
f 225 1465 224
f 225 1459 1465
f 224 1466 223
f 224 1465 1466
f 1467 223 1466
f 1467 222 223
f 222 1468 221
f 222 1467 1468
f 220 1468 1469
f 220 221 1468
f 322 219 1507
f 322 27 219
f 1211 124 1491
f 1211 123 124
f 1212 122 1210
f 1212 121 122
f 1232 1207 1208
f 1232 1234 1207
f 1239 1206 1202
f 1239 1236 1206
f 1261 1232 1240
f 1261 1259 1232
f 1286 1258 1259
f 1286 1829 1258
f 1260 1288 1263
f 1260 1289 1288
f 1277 1305 1283
f 1277 1304 1305
f 1365 1420 1406
f 1365 1350 1420
f 1406 1384 1365
f 1406 1432 1384
f 1834 1385 1370
f 1834 1399 1385
f 1464 1515 1509
f 1464 1470 1515
f 1517 1466 1465
f 1517 1514 1466
f 330 1472 1473
f 330 329 1472
f 1590 1523 1558
f 1590 1472 1523
f 1564 1519 1518
f 1564 1563 1519
f 1477 325 324
f 1477 1524 325
f 324 1525 1477
f 324 323 1525
f 112 50 6
f 112 1201 50
f 1806 1237 1204
f 1806 1810 1237
f 114 1237 1810
f 114 1205 1237
f 116 1206 115
f 116 1202 1206
f 118 1203 117
f 118 1207 1203
f 1207 119 1208
f 1207 118 119
f 1208 120 1209
f 1208 119 120
f 1210 123 1211
f 1210 122 123
f 1201 5 50
f 1201 1805 5
f 186 1194 1192
f 186 187 1194
f 2 1190 42
f 2 1807 1190
f 1192 1222 1191
f 1192 1227 1222
f 1195 1225 1198
f 1195 1228 1225
f 1194 1809 1224
f 1194 187 1809
f 1229 1198 1225
f 1229 1196 1198
f 1229 1273 1196
f 1229 1300 1273
f 1221 1808 1807
f 1221 1809 1808
f 1306 1275 1280
f 1306 1303 1275
f 1252 1223 1249
f 1252 1231 1223
f 1193 1231 1200
f 1193 1223 1231
f 1221 1302 1248
f 1221 1213 1302
f 113 1201 112
f 113 1806 1201
f 115 1205 114
f 115 1206 1205
f 1261 1277 1283
f 1261 1264 1277
f 1278 1816 1266
f 1278 1828 1816
f 1233 1202 1203
f 1233 1239 1202
f 1214 301 1219
f 1214 300 301
f 1215 1302 1213
f 1215 1246 1302
f 1828 1264 1816
f 1828 1277 1264
f 1208 1240 1232
f 1208 1209 1240
f 121 1209 120
f 121 1212 1209
f 1211 1274 1241
f 1211 1491 1274
f 1210 1241 1235
f 1210 1211 1241
f 1491 1325 1274
f 1491 341 1325
f 1212 1235 1238
f 1212 1210 1235
f 1238 1209 1212
f 1238 1240 1209
f 1191 1226 1197
f 1191 1222 1226
f 300 1218 299
f 300 1214 1218
f 1216 1242 1244
f 1216 1217 1242
f 1331 1327 1352
f 1331 1308 1327
f 299 1217 298
f 299 1218 1217
f 1263 1236 1239
f 1263 1262 1236
f 1270 1242 1268
f 1270 1244 1242
f 1260 1239 1233
f 1260 1263 1239
f 1805 1220 5
f 1805 1204 1220
f 1204 1267 1220
f 1204 1237 1267
f 1221 1224 1809
f 1221 1248 1224
f 1303 1276 1275
f 1303 1361 1276
f 1255 1275 1256
f 1255 1280 1275
f 1244 1215 1216
f 1244 1246 1215
f 1250 1226 1251
f 1250 1230 1226
f 1228 1256 1225
f 1228 1255 1256
f 1200 1228 1195
f 1200 1231 1228
f 1257 1300 1229
f 1257 1322 1300
f 1244 1272 1246
f 1244 1270 1272
f 1258 1233 1234
f 1258 1260 1233
f 1234 1203 1207
f 1234 1233 1203
f 1218 1243 1245
f 1218 1214 1243
f 1265 1241 1274
f 1265 1266 1241
f 1812 1237 1205
f 1812 1267 1237
f 1247 1214 1219
f 1247 1243 1214
f 1267 1291 1220
f 1267 1293 1291
f 1258 1289 1260
f 1258 1829 1289
f 1259 1234 1232
f 1259 1258 1234
f 1274 1301 1265
f 1274 1325 1301
f 1230 1249 1223
f 1230 1250 1249
f 1268 1245 1269
f 1268 1242 1245
f 1248 1253 1813
f 1248 1815 1253
f 1302 1815 1248
f 1302 1297 1815
f 1222 1251 1226
f 1222 1254 1251
f 1298 1272 1270
f 1298 1320 1272
f 1254 1227 1281
f 1254 1222 1227
f 1225 1257 1229
f 1225 1256 1257
f 1256 1276 1257
f 1256 1275 1276
f 1253 1819 1281
f 1253 1292 1819
f 1813 1224 1248
f 1813 1194 1224
f 1249 1279 1252
f 1249 1282 1279
f 1303 1326 1374
f 1303 1306 1326
f 1322 1276 1342
f 1322 1257 1276
f 1331 1315 1308
f 1331 1335 1315
f 1278 1307 1304
f 1278 1827 1307
f 1240 1264 1261
f 1240 1238 1264
f 1262 1812 1236
f 1262 1293 1812
f 1269 1243 1271
f 1269 1245 1243
f 1315 1829 1286
f 1315 1289 1829
f 1343 1307 1827
f 1343 1363 1307
f 1301 1323 1290
f 1301 1345 1323
f 1266 1235 1241
f 1266 1816 1235
f 1291 1219 1220
f 1291 1247 1219
f 1280 1252 1279
f 1280 1255 1252
f 1304 1327 1305
f 1304 1328 1327
f 1247 1271 1243
f 1247 1296 1271
f 1250 1282 1249
f 1250 1285 1282
f 1287 1293 1262
f 1287 1339 1293
f 1227 1253 1281
f 1227 1813 1253
f 1284 1251 1254
f 1284 1818 1251
f 302 1324 303
f 302 1273 1324
f 1491 17 341
f 1491 124 17
f 1283 1259 1261
f 1283 1286 1259
f 1328 1307 1376
f 1328 1304 1307
f 1272 1820 1297
f 1272 1320 1820
f 1332 1330 1310
f 1332 1353 1330
f 1285 1251 1818
f 1285 1250 1251
f 1308 1286 1283
f 1308 1315 1286
f 1283 1327 1308
f 1283 1305 1327
f 1281 1284 1254
f 1281 1819 1284
f 1280 1309 1306
f 1280 1279 1309
f 1287 1263 1288
f 1287 1262 1263
f 1269 1299 1295
f 1269 1271 1299
f 1295 1268 1269
f 1295 1294 1268
f 1325 1345 1301
f 1325 1381 1345
f 1266 1290 1278
f 1266 1265 1290
f 1291 1296 1247
f 1291 1312 1296
f 1317 1819 1292
f 1317 1337 1819
f 1815 1292 1253
f 1815 1317 1292
f 1312 1426 1296
f 1312 1348 1426
f 1316 1315 1335
f 1316 1289 1315
f 1296 1299 1271
f 1296 1426 1299
f 1297 1246 1272
f 1297 1302 1246
f 1311 1284 1819
f 1311 1313 1284
f 1823 1818 1314
f 1823 1285 1818
f 1354 1335 1331
f 1354 1357 1335
f 1293 1312 1291
f 1293 1339 1312
f 1300 1324 1273
f 1300 1344 1324
f 1322 1344 1300
f 1322 1362 1344
f 1405 1393 1430
f 1405 1375 1393
f 1401 1392 1403
f 1401 1388 1392
f 1410 1397 1377
f 1410 1831 1397
f 1304 1828 1278
f 1304 1277 1828
f 1316 1288 1289
f 1316 1287 1288
f 1319 1830 1341
f 1319 1360 1830
f 1279 1310 1309
f 1279 1282 1310
f 1377 1363 1343
f 1377 1397 1363
f 1318 1295 1321
f 1318 1294 1295
f 1306 1329 1326
f 1306 1309 1329
f 1298 1341 1320
f 1298 1319 1341
f 1319 1294 1318
f 1319 1298 1294
f 1313 1818 1284
f 1313 1314 1818
f 1309 1330 1329
f 1309 1310 1330
f 1823 1282 1285
f 1823 1310 1282
f 1369 1355 1356
f 1369 1368 1355
f 1299 1321 1295
f 1299 1340 1321
f 1815 1820 1317
f 1815 1297 1820
f 1311 1337 1822
f 1311 1819 1337
f 1313 1333 1334
f 1313 1311 1333
f 1362 1342 1375
f 1362 1322 1342
f 1379 1377 1343
f 1379 1395 1377
f 303 1380 304
f 303 1324 1380
f 1380 1344 1378
f 1380 1324 1344
f 1325 340 1381
f 1325 341 340
f 1440 1498 1438
f 1440 1497 1498
f 1408 1447 1422
f 1408 1425 1447
f 1328 1350 1352
f 1328 1376 1350
f 1379 1827 1323
f 1379 1343 1827
f 1383 1351 1366
f 1383 1364 1351
f 1310 1314 1332
f 1310 1823 1314
f 1339 1316 1336
f 1339 1287 1316
f 1331 1367 1354
f 1331 1352 1367
f 1382 1360 1373
f 1382 1830 1360
f 1314 1334 1332
f 1314 1313 1334
f 1822 1346 1347
f 1822 1337 1346
f 1329 1351 1349
f 1329 1330 1351
f 1335 1336 1316
f 1335 1357 1336
f 1346 1830 1347
f 1346 1341 1830
f 1317 1346 1337
f 1317 1820 1346
f 1318 1360 1319
f 1318 1338 1360
f 1359 1388 1371
f 1359 1372 1388
f 1832 1318 1321
f 1832 1338 1318
f 1340 1426 1359
f 1340 1299 1426
f 1340 1832 1321
f 1340 1359 1832
f 1346 1320 1341
f 1346 1820 1320
f 1411 1378 1409
f 1411 1380 1378
f 1362 1378 1344
f 1362 1396 1378
f 1398 1395 1379
f 1398 1408 1395
f 1334 1356 1355
f 1334 1333 1356
f 1348 1339 1336
f 1348 1312 1339
f 1393 1361 1374
f 1393 1824 1361
f 1432 1451 1441
f 1432 1542 1451
f 1349 1364 1394
f 1349 1351 1364
f 1353 1351 1330
f 1353 1366 1351
f 1332 1355 1353
f 1332 1334 1355
f 1353 1368 1366
f 1353 1355 1368
f 1347 1356 1822
f 1347 1391 1356
f 1336 1372 1348
f 1336 1357 1372
f 1392 1372 1357
f 1392 1388 1372
f 1367 1350 1365
f 1367 1352 1350
f 1338 1373 1360
f 1338 1358 1373
f 1348 1359 1426
f 1348 1372 1359
f 1375 1396 1362
f 1375 1405 1396
f 1376 1363 1397
f 1376 1307 1363
f 1326 1393 1374
f 1326 1394 1393
f 1432 1421 1384
f 1432 1441 1421
f 1399 1384 1421
f 1399 1834 1384
f 1366 1843 1383
f 1366 1368 1843
f 1354 1834 1370
f 1354 1367 1834
f 1403 1418 1413
f 1403 1385 1418
f 1368 1386 1843
f 1368 1369 1386
f 1391 1830 1382
f 1391 1347 1830
f 1400 1501 1415
f 1400 1414 1501
f 1824 1375 1342
f 1824 1393 1375
f 1433 1417 1404
f 1433 1440 1417
f 1409 1396 1419
f 1409 1378 1396
f 1410 1395 1821
f 1410 1377 1395
f 1424 305 1411
f 1424 306 305
f 1379 1345 1398
f 1379 1323 1345
f 304 1411 305
f 304 1380 1411
f 1381 339 1412
f 1381 340 339
f 1369 1391 1407
f 1369 1356 1391
f 1442 1826 1436
f 1442 1423 1826
f 1384 1367 1365
f 1384 1834 1367
f 1389 1373 1358
f 1389 1836 1373
f 1414 1842 1402
f 1414 1400 1842
f 1373 1387 1382
f 1373 1836 1387
f 1382 1407 1391
f 1382 1387 1407
f 1415 1407 1387
f 1415 1492 1407
f 1371 1401 1390
f 1371 1388 1401
f 1390 1402 1842
f 1390 1401 1402
f 1358 1390 1389
f 1358 1371 1390
f 1407 1386 1369
f 1407 1492 1386
f 1434 1444 1419
f 1434 1452 1444
f 1408 1412 1425
f 1408 1398 1412
f 1424 1409 1435
f 1424 1411 1409
f 1423 1833 1831
f 1423 1428 1833
f 1423 1410 1826
f 1423 1831 1410
f 1381 1398 1345
f 1381 1412 1398
f 1492 1501 1544
f 1492 1415 1501
f 1399 1431 1841
f 1399 1421 1431
f 1389 1400 1836
f 1389 1842 1400
f 1449 1416 1493
f 1449 1439 1416
f 1401 1413 1402
f 1401 1403 1413
f 1403 1370 1385
f 1403 1392 1370
f 1434 1430 1438
f 1434 1405 1430
f 1383 1404 1364
f 1383 1850 1404
f 1583 1539 1536
f 1583 1581 1539
f 1428 1420 1833
f 1428 1406 1420
f 1443 1422 1447
f 1443 1436 1422
f 1412 338 1425
f 1412 339 338
f 1419 1435 1409
f 1419 1444 1435
f 1428 1432 1406
f 1428 1542 1432
f 1402 1427 1414
f 1402 1413 1427
f 1418 1427 1413
f 1418 1429 1427
f 1492 1493 1386
f 1492 1544 1493
f 1415 1836 1400
f 1415 1387 1836
f 1437 1414 1427
f 1437 1490 1414
f 1417 1438 1430
f 1417 1440 1438
f 1399 1418 1385
f 1399 1841 1418
f 1405 1419 1396
f 1405 1434 1419
f 1376 1420 1350
f 1376 1833 1420
f 1841 1429 1418
f 1841 1445 1429
f 1454 1428 1423
f 1454 1542 1428
f 1447 1453 1443
f 1447 1814 1453
f 1422 1395 1408
f 1422 1821 1395
f 1455 1436 1443
f 1455 1442 1436
f 306 1446 307
f 306 1424 1446
f 1425 337 1458
f 1425 338 337
f 1437 1429 1457
f 1437 1427 1429
f 1457 1490 1437
f 1457 1543 1490
f 1431 1441 1448
f 1431 1421 1441
f 1478 314 1482
f 1478 315 314
f 1416 1433 1850
f 1416 1439 1433
f 1456 1444 1500
f 1456 1435 1444
f 1435 1446 1424
f 1435 1456 1446
f 1804 307 1446
f 1804 308 307
f 1443 1503 1455
f 1443 1453 1503
f 1494 1496 1852
f 1494 1548 1496
f 1536 1487 1481
f 1536 1539 1487
f 1459 226 1464
f 1459 225 226
f 1445 1431 1448
f 1445 1841 1431
f 1452 1438 1498
f 1452 1434 1438
f 1592 1552 1555
f 1592 1837 1552
f 1669 1601 1644
f 1669 1631 1601
f 1410 1436 1826
f 1410 1821 1436
f 1458 1504 1814
f 1458 1811 1504
f 1485 1537 1534
f 1485 1483 1537
f 1852 1439 1449
f 1852 1450 1439
f 1486 309 1533
f 1486 310 309
f 1447 1458 1814
f 1447 1425 1458
f 1599 1494 1547
f 1599 1634 1494
f 227 1464 226
f 227 1470 1464
f 313 1482 314
f 313 1484 1482
f 1442 1499 1505
f 1442 1455 1499
f 1441 1495 1448
f 1441 1451 1495
f 310 1483 311
f 310 1486 1483
f 1556 1503 1453
f 1556 1598 1503
f 1575 1504 1811
f 1575 1803 1504
f 1442 1454 1423
f 1442 1505 1454
f 1522 334 333
f 1522 1526 334
f 1457 1445 1502
f 1457 1429 1445
f 336 1458 337
f 336 1811 1458
f 1473 331 330
f 1473 1471 331
f 232 1506 231
f 232 1461 1506
f 231 1462 230
f 231 1506 1462
f 1509 1459 1464
f 1509 1508 1459
f 1509 1568 1508
f 1509 1569 1568
f 1569 1617 1568
f 1569 1612 1617
f 1566 1514 1517
f 1566 1565 1514
f 328 1475 1523
f 328 327 1475
f 327 1476 1475
f 327 326 1476
f 1469 219 220
f 1469 1507 219
f 323 1507 1525
f 323 322 1507
f 1553 1495 1851
f 1553 1448 1495
f 1514 1467 1466
f 1514 1518 1467
f 329 1523 1472
f 329 328 1523
f 1554 1505 1499
f 1554 1592 1505
f 1471 1529 1474
f 1471 1527 1529
f 1455 1550 1499
f 1455 1503 1550
f 1519 1467 1518
f 1519 1468 1467
f 326 1524 1476
f 326 325 1524
f 1520 1468 1519
f 1520 1469 1468
f 1497 1450 1549
f 1497 1440 1450
f 1521 1579 1562
f 1521 1633 1579
f 1581 1625 1584
f 1581 1624 1625
f 1487 316 1481
f 1487 317 316
f 1484 1534 1538
f 1484 1485 1534
f 1817 1444 1452
f 1817 1500 1444
f 311 1485 312
f 311 1483 1485
f 312 1484 313
f 312 1485 1484
f 1589 1532 1538
f 1589 1585 1532
f 1446 1600 1804
f 1446 1456 1600
f 1481 1531 1536
f 1481 1478 1531
f 1479 1633 1489
f 1479 1579 1633
f 237 1633 236
f 237 1489 1633
f 1512 235 1521
f 1512 234 235
f 1547 1493 1544
f 1547 1449 1493
f 1493 1843 1386
f 1493 1416 1843
f 1449 1494 1852
f 1449 1547 1494
f 1502 1448 1553
f 1502 1445 1448
f 1532 1478 1482
f 1532 1531 1478
f 1586 1620 1588
f 1586 1645 1620
f 1498 1817 1452
f 1498 1551 1817
f 1474 1557 1522
f 1474 1529 1557
f 1483 1535 1537
f 1483 1486 1535
f 1457 1546 1543
f 1457 1502 1546
f 1631 1557 1601
f 1631 1591 1557
f 1600 1533 1804
f 1600 1559 1533
f 1811 335 1575
f 1811 336 335
f 1555 1542 1454
f 1555 1451 1542
f 1451 1552 1495
f 1451 1555 1552
f 1525 1469 1520
f 1525 1507 1469
f 1508 1465 1459
f 1508 1517 1465
f 1635 1592 1554
f 1635 1837 1592
f 1510 1567 1513
f 1510 1604 1567
f 1513 1463 1460
f 1513 1516 1463
f 1580 1621 1560
f 1580 1623 1621
f 1562 1512 1521
f 1562 1572 1512
f 1516 1470 1463
f 1516 1515 1470
f 1502 1597 1546
f 1502 1553 1597
f 1476 1528 1475
f 1476 1578 1528
f 1530 1472 1590
f 1530 1473 1472
f 1613 1563 1564
f 1613 1614 1563
f 1477 1573 1524
f 1477 1574 1573
f 1574 1525 1520
f 1574 1477 1525
f 236 1521 235
f 236 1633 1521
f 334 1575 335
f 334 1526 1575
f 1520 1563 1574
f 1520 1519 1563
f 1453 1504 1556
f 1453 1814 1504
f 1527 1473 1530
f 1527 1471 1473
f 1565 1518 1514
f 1565 1564 1518
f 1475 1558 1523
f 1475 1528 1558
f 1591 1522 1557
f 1591 1526 1522
f 1729 1835 1672
f 1729 1725 1835
f 1595 1835 1641
f 1595 1672 1835
f 1517 1568 1566
f 1517 1508 1568
f 1586 1537 1535
f 1586 1588 1537
f 1482 1538 1532
f 1482 1484 1538
f 308 1533 309
f 308 1804 1533
f 1486 1559 1535
f 1486 1533 1559
f 1551 1497 1545
f 1551 1498 1497
f 1541 1488 1480
f 1541 1540 1488
f 1584 1540 1541
f 1584 1619 1540
f 1700 1677 1596
f 1700 1702 1677
f 1626 1582 1630
f 1626 1583 1582
f 1540 1479 1488
f 1540 1579 1479
f 1561 1512 1572
f 1561 1511 1512
f 1580 1506 1461
f 1580 1560 1506
f 1501 1543 1544
f 1501 1490 1543
f 1497 1638 1545
f 1497 1549 1638
f 1593 1549 1496
f 1593 1638 1549
f 1543 1547 1544
f 1543 1599 1547
f 1569 1515 1571
f 1569 1509 1515
f 1450 1496 1549
f 1450 1852 1496
f 1592 1454 1505
f 1592 1555 1454
f 1636 1456 1500
f 1636 1600 1456
f 1602 1645 1586
f 1602 1677 1645
f 1643 1597 1553
f 1643 1674 1597
f 1529 1601 1557
f 1529 1576 1601
f 1499 1595 1554
f 1499 1550 1595
f 1636 1559 1600
f 1636 1602 1559
f 1803 1556 1504
f 1803 1640 1556
f 1598 1550 1503
f 1598 1639 1550
f 1535 1602 1586
f 1535 1559 1602
f 1541 1581 1584
f 1541 1539 1581
f 1511 1580 1461
f 1511 1561 1580
f 1579 1619 1562
f 1579 1540 1619
f 1574 1614 1573
f 1574 1563 1614
f 1652 1656 1653
f 1652 1707 1656
f 1632 1558 1605
f 1632 1590 1558
f 1530 1577 1527
f 1530 1603 1577
f 1585 1531 1532
f 1585 1582 1531
f 1513 1570 1516
f 1513 1567 1570
f 1646 1603 1668
f 1646 1577 1603
f 1681 1651 1650
f 1681 1685 1651
f 1610 1569 1571
f 1610 1612 1569
f 1650 1612 1610
f 1650 1651 1612
f 1571 1516 1570
f 1571 1515 1516
f 1495 1594 1851
f 1495 1552 1594
f 1623 1660 1659
f 1623 1609 1660
f 1572 1609 1561
f 1572 1616 1609
f 1524 1578 1476
f 1524 1573 1578
f 1576 1527 1577
f 1576 1529 1527
f 1608 1577 1646
f 1608 1576 1577
f 1590 1603 1530
f 1590 1632 1603
f 1605 1528 1606
f 1605 1558 1528
f 1606 1578 1628
f 1606 1528 1578
f 1560 1604 1510
f 1560 1621 1604
f 1657 1682 1658
f 1657 1705 1682
f 1588 1534 1537
f 1588 1587 1534
f 1657 1627 1620
f 1657 1658 1627
f 1587 1538 1534
f 1587 1589 1538
f 1803 1526 1591
f 1803 1575 1526
f 1594 1837 1635
f 1594 1552 1837
f 1548 1593 1496
f 1548 1637 1593
f 1620 1675 1657
f 1620 1645 1675
f 1576 1644 1601
f 1576 1608 1644
f 1554 1641 1635
f 1554 1595 1641
f 1551 1596 1817
f 1551 1700 1596
f 1636 1677 1602
f 1636 1596 1677
f 1642 1634 1599
f 1642 1697 1634
f 1640 1598 1556
f 1640 1671 1598
f 1639 1595 1550
f 1639 1672 1595
f 1546 1599 1543
f 1546 1642 1599
f 1566 1615 1565
f 1566 1618 1615
f 1607 1604 1647
f 1607 1567 1604
f 1606 1648 1605
f 1606 1656 1648
f 1614 1653 1628
f 1614 1613 1653
f 1607 1570 1567
f 1607 1611 1570
f 1611 1571 1570
f 1611 1610 1571
f 1561 1623 1580
f 1561 1609 1623
f 1674 1670 1701
f 1674 1643 1670
f 1655 1618 1617
f 1655 1654 1618
f 1613 1565 1615
f 1613 1564 1565
f 1628 1573 1614
f 1628 1578 1573
f 1618 1568 1617
f 1618 1566 1568
f 1584 1616 1619
f 1584 1625 1616
f 1562 1616 1572
f 1562 1619 1616
f 1695 1729 1699
f 1695 1752 1729
f 1613 1652 1653
f 1613 1615 1652
f 1668 1632 1667
f 1668 1603 1632
f 1588 1627 1587
f 1588 1620 1627
f 1587 1622 1589
f 1587 1627 1622
f 1659 1621 1623
f 1659 1663 1621
f 1589 1629 1585
f 1589 1622 1629
f 1664 1691 1666
f 1664 1687 1691
f 1689 1718 1688
f 1689 1692 1718
f 1624 1583 1626
f 1624 1581 1583
f 1616 1660 1609
f 1616 1625 1660
f 1630 1585 1629
f 1630 1582 1585
f 1656 1628 1653
f 1656 1606 1628
f 1665 1626 1630
f 1665 1662 1626
f 1662 1624 1626
f 1662 1661 1624
f 1630 1666 1665
f 1630 1629 1666
f 1640 1591 1631
f 1640 1803 1591
f 1674 1857 1597
f 1674 1858 1857
f 1500 1596 1636
f 1500 1817 1596
f 1593 1723 1638
f 1593 1673 1723
f 1671 1639 1598
f 1671 1699 1639
f 1670 1594 1840
f 1670 1643 1594
f 1704 1732 1733
f 1704 1711 1732
f 1546 1857 1642
f 1546 1597 1857
f 1778 1782 1753
f 1778 1796 1782
f 1675 1677 1702
f 1675 1645 1677
f 1858 1701 1737
f 1858 1674 1701
f 1604 1663 1647
f 1604 1621 1663
f 1679 1611 1607
f 1679 1649 1611
f 1605 1667 1632
f 1605 1648 1667
f 1649 1610 1611
f 1649 1650 1610
f 1651 1617 1612
f 1651 1655 1617
f 1706 1680 1649
f 1706 1734 1680
f 1654 1615 1618
f 1654 1652 1615
f 1648 1693 1667
f 1648 1690 1693
f 1713 1707 1683
f 1713 1690 1707
f 1652 1683 1707
f 1652 1654 1683
f 1658 1622 1627
f 1658 1664 1622
f 1664 1629 1622
f 1664 1666 1629
f 1687 1719 1691
f 1687 1716 1719
f 1625 1661 1660
f 1625 1624 1661
f 1686 1663 1688
f 1686 1647 1663
f 1647 1679 1607
f 1647 1686 1679
f 1687 1658 1682
f 1687 1664 1658
f 1679 1706 1649
f 1679 1708 1706
f 1662 1694 1692
f 1662 1665 1694
f 1765 1744 1763
f 1765 1745 1744
f 1646 1676 1608
f 1646 1678 1676
f 1671 1631 1669
f 1671 1640 1631
f 1644 1695 1669
f 1644 1825 1695
f 1840 1735 1670
f 1840 1728 1735
f 1699 1672 1639
f 1699 1729 1672
f 1717 1733 1751
f 1717 1704 1733
f 1593 1854 1673
f 1593 1637 1854
f 1698 1638 1723
f 1698 1545 1638
f 1730 1748 1705
f 1730 1839 1748
f 1608 1825 1644
f 1608 1676 1825
f 1700 1545 1698
f 1700 1551 1545
f 1650 1680 1681
f 1650 1649 1680
f 1646 1696 1678
f 1646 1668 1696
f 1685 1655 1651
f 1685 1684 1655
f 1676 1717 1825
f 1676 1704 1717
f 1684 1654 1655
f 1684 1683 1654
f 1710 1680 1709
f 1710 1681 1680
f 1777 1746 1849
f 1777 1839 1746
f 1720 1690 1713
f 1720 1693 1690
f 1696 1711 1678
f 1696 1721 1711
f 1666 1694 1665
f 1666 1691 1694
f 1768 1757 1765
f 1768 1759 1757
f 1659 1688 1663
f 1659 1689 1688
f 1662 1689 1661
f 1662 1692 1689
f 1689 1660 1661
f 1689 1659 1660
f 1693 1668 1667
f 1693 1696 1668
f 1722 1691 1719
f 1722 1694 1691
f 1714 1688 1718
f 1714 1686 1688
f 1708 1686 1714
f 1708 1679 1686
f 1724 1694 1722
f 1724 1692 1694
f 1699 1669 1695
f 1699 1671 1669
f 1704 1678 1711
f 1704 1676 1678
f 1764 1741 1844
f 1764 1838 1741
f 1642 1703 1697
f 1642 1857 1703
f 1848 1796 1778
f 1848 1787 1796
f 1751 1767 1760
f 1751 1780 1767
f 1705 1675 1730
f 1705 1657 1675
f 1730 1702 1750
f 1730 1675 1702
f 1858 1703 1857
f 1858 1862 1703
f 1727 1726 1703
f 1727 1860 1726
f 1681 1712 1685
f 1681 1710 1712
f 1716 1682 1731
f 1716 1687 1682
f 1656 1690 1648
f 1656 1707 1690
f 1706 1736 1734
f 1706 1708 1736
f 1734 1709 1680
f 1734 1755 1709
f 1715 1683 1684
f 1715 1713 1683
f 1685 1715 1684
f 1685 1712 1715
f 1708 1738 1736
f 1708 1714 1738
f 1712 1740 1741
f 1712 1710 1740
f 1763 1742 1772
f 1763 1744 1742
f 1744 1719 1742
f 1744 1722 1719
f 1693 1721 1696
f 1693 1720 1721
f 1711 1743 1732
f 1711 1721 1743
f 1758 1844 1776
f 1758 1764 1844
f 1736 1759 1847
f 1736 1738 1759
f 1750 1839 1730
f 1750 1746 1839
f 1692 1756 1718
f 1692 1724 1756
f 1756 1714 1718
f 1756 1738 1714
f 1840 1835 1728
f 1840 1641 1835
f 1725 1728 1835
f 1725 1771 1728
f 1726 1637 1697
f 1726 1854 1637
f 1849 1723 1673
f 1849 1746 1723
f 1737 1862 1858
f 1737 1769 1862
f 1735 1701 1670
f 1735 1749 1701
f 1786 1766 1863
f 1786 1790 1766
f 1731 1705 1748
f 1731 1682 1705
f 1742 1716 1753
f 1742 1719 1716
f 1710 1739 1740
f 1710 1709 1739
f 1751 1752 1717
f 1751 1760 1752
f 1846 1728 1771
f 1846 1735 1728
f 1755 1739 1709
f 1755 1773 1739
f 1749 1737 1701
f 1749 1769 1737
f 1745 1722 1744
f 1745 1724 1722
f 1757 1738 1756
f 1757 1759 1738
f 1766 1727 1863
f 1766 1860 1727
f 1741 1715 1712
f 1741 1838 1715
f 1780 1781 1799
f 1780 1754 1781
f 1764 1720 1838
f 1764 1743 1720
f 1838 1713 1715
f 1838 1720 1713
f 1754 1732 1758
f 1754 1733 1732
f 1756 1745 1757
f 1756 1724 1745
f 1746 1698 1723
f 1746 1750 1698
f 1854 1860 1747
f 1854 1726 1860
f 1753 1731 1778
f 1753 1716 1731
f 1801 1798 1800
f 1801 1802 1798
f 1750 1700 1698
f 1750 1702 1700
f 1729 1760 1725
f 1729 1752 1760
f 1752 1825 1717
f 1752 1695 1825
f 1802 1793 1791
f 1802 1801 1793
f 1762 1741 1740
f 1762 1844 1741
f 1774 1754 1758
f 1774 1781 1754
f 1740 1761 1762
f 1740 1739 1761
f 1743 1758 1732
f 1743 1764 1758
f 1847 1734 1736
f 1847 1755 1734
f 1771 1760 1767
f 1771 1725 1760
f 1758 1845 1774
f 1758 1776 1845
f 1763 1768 1765
f 1763 1789 1768
f 1853 1790 1787
f 1853 1766 1790
f 1771 1770 1846
f 1771 1767 1770
f 1733 1780 1751
f 1733 1754 1780
f 1759 1775 1847
f 1759 1768 1775
f 1761 1784 1762
f 1761 1785 1784
f 1767 1799 1770
f 1767 1780 1799
f 1779 1769 1749
f 1779 1794 1769
f 1753 1772 1742
f 1753 1782 1772
f 1789 1775 1768
f 1789 1859 1775
f 1775 1755 1847
f 1775 1773 1755
f 1781 1855 1795
f 1781 1774 1855
f 1776 1762 1784
f 1776 1844 1762
f 1747 1777 1849
f 1747 1853 1777
f 1748 1778 1731
f 1748 1848 1778
f 1777 1787 1848
f 1777 1853 1787
f 1863 1769 1786
f 1863 1862 1769
f 1799 1795 1792
f 1799 1781 1795
f 1784 1788 1845
f 1784 1856 1788
f 1772 1791 1783
f 1772 1782 1791
f 1790 1796 1787
f 1790 1802 1796
f 1772 1789 1763
f 1772 1783 1789
f 1773 1761 1739
f 1773 1785 1761
f 1788 1774 1845
f 1788 1855 1774
f 1856 1785 1797
f 1856 1784 1785
f 1775 1785 1773
f 1775 1859 1785
f 1794 1786 1769
f 1794 1798 1786
f 1747 1766 1853
f 1747 1860 1766
f 1800 1795 1855
f 1800 1861 1795
f 1798 1790 1786
f 1798 1802 1790
f 1802 1782 1796
f 1802 1791 1782
f 1797 1859 1783
f 1797 1785 1859
f 1770 1792 1779
f 1770 1799 1792
f 1800 1794 1861
f 1800 1798 1794
f 1801 1855 1788
f 1801 1800 1855
f 1791 1797 1783
f 1791 1793 1797
f 1794 1792 1861
f 1794 1779 1792
f 1788 1793 1801
f 1788 1856 1793
f 1810 113 114
f 1810 1806 113
f 1805 1806 1204
f 1805 1201 1806
f 1816 1238 1235
f 1816 1264 1238
f 1822 1333 1311
f 1822 1356 1333
f 1827 1290 1323
f 1827 1278 1290
f 1833 1397 1831
f 1833 1376 1397
f 1371 1338 1832
f 1371 1358 1338
f 1839 1848 1748
f 1839 1777 1848
f 1840 1635 1641
f 1840 1594 1635
f 1843 1850 1383
f 1843 1416 1850
f 1846 1749 1735
f 1846 1779 1749
f 1673 1747 1849
f 1673 1854 1747
f 1643 1851 1594
f 1643 1553 1851
f 1697 1548 1634
f 1697 1637 1548
f 1862 1727 1703
f 1862 1863 1727
f 1865 49 175
f 1865 48 49
f 48 1864 47
f 48 1865 1864
f 47 69 4
f 47 1864 69
f 10 1864 176
f 10 69 1864
f 53 63 1866
f 53 7 63
f 51 1867 126
f 51 52 1867
f 52 1866 1867
f 52 53 1866
f 1866 9 125
f 1866 63 9
f 2114 343 342
f 2114 2171 343
f 1977 2001 2445
f 1977 2453 2001
f 154 1876 153
f 154 1899 1876
f 1869 210 211
f 1869 1868 210
f 1868 209 210
f 1868 1897 209
f 153 1882 152
f 153 1876 1882
f 1880 158 2066
f 1880 157 158
f 1877 157 1880
f 1877 156 157
f 1900 1877 1880
f 1900 1909 1877
f 155 1899 154
f 155 1881 1899
f 1900 2066 2073
f 1900 1880 2066
f 1935 1959 1936
f 1935 1962 1959
f 1977 1957 2446
f 1977 1956 1957
f 2002 2019 1997
f 2002 2058 2019
f 2095 2152 2097
f 2095 2145 2152
f 2094 349 348
f 2094 2099 349
f 348 2146 2094
f 348 347 2146
f 347 2144 2146
f 347 346 2144
f 346 2147 2144
f 346 345 2147
f 2144 2205 2146
f 2144 2199 2205
f 247 2154 2114
f 247 248 2154
f 1881 156 1877
f 1881 155 156
f 1871 152 1882
f 1871 151 152
f 1900 1932 1909
f 1900 2432 1932
f 151 1873 150
f 151 1871 1873
f 1927 1901 1929
f 1927 1905 1901
f 149 1874 148
f 149 1879 1874
f 1875 147 1883
f 1875 146 147
f 146 1898 145
f 146 1875 1898
f 145 1872 144
f 145 1898 1872
f 144 1878 143
f 144 1872 1878
f 143 1870 18
f 143 1878 1870
f 1897 2430 1896
f 1897 1868 2430
f 209 2429 208
f 209 1897 2429
f 2429 16 208
f 2429 1970 16
f 15 2075 358
f 15 80 2075
f 82 1894 1911
f 82 83 1894
f 81 1911 1893
f 81 82 1911
f 1889 1920 1894
f 1889 1917 1920
f 1889 83 84
f 1889 1894 83
f 84 1890 1889
f 84 85 1890
f 1895 85 86
f 1895 1890 85
f 1905 1874 1879
f 1905 1902 1874
f 1908 1875 1883
f 1908 1942 1875
f 87 1885 1884
f 87 88 1885
f 1919 1884 1916
f 1919 1895 1884
f 89 1887 1886
f 89 90 1887
f 1891 91 92
f 1891 1912 91
f 373 265 30
f 373 2078 265
f 2110 263 2111
f 2110 262 263
f 371 2079 372
f 371 2080 2079
f 370 2080 371
f 370 2089 2080
f 369 2089 370
f 369 2081 2089
f 368 2081 369
f 368 2090 2081
f 2090 367 2082
f 2090 368 367
f 258 2105 257
f 258 2106 2105
f 2138 2091 2083
f 2138 2137 2091
f 1934 1918 1915
f 1934 1935 1918
f 1890 1917 1889
f 1890 1914 1917
f 1937 1949 1939
f 1937 1963 1949
f 1916 1935 1936
f 1916 1918 1935
f 1974 1994 2065
f 1974 1998 1994
f 247 342 29
f 247 2114 342
f 2155 248 249
f 2155 2154 248
f 2181 2114 2154
f 2181 2171 2114
f 2100 251 2101
f 2100 250 251
f 252 2101 251
f 252 2102 2101
f 2098 351 350
f 2098 2095 351
f 2097 353 352
f 2097 2096 353
f 2068 2121 2459
f 2068 2122 2121
f 256 2112 255
f 256 2104 2112
f 2134 2081 2090
f 2134 2141 2081
f 259 2106 258
f 259 2107 2106
f 2240 2224 2188
f 2240 2209 2224
f 2209 2305 2208
f 2209 2240 2305
f 2109 262 2110
f 2109 261 262
f 265 2172 264
f 265 2078 2172
f 95 1970 1892
f 95 16 1970
f 94 1892 1910
f 94 95 1892
f 18 1869 212
f 18 1870 1869
f 2430 1878 1921
f 2430 1870 1878
f 1971 1967 1947
f 1971 1990 1967
f 150 1879 149
f 150 1873 1879
f 90 1912 1887
f 90 91 1912
f 148 1883 147
f 148 1874 1883
f 88 1886 1885
f 88 89 1886
f 1910 1940 1888
f 1910 1933 1940
f 93 1910 1888
f 93 94 1910
f 1902 1883 1874
f 1902 1908 1883
f 1909 1881 1877
f 1909 1946 1881
f 1936 1960 1938
f 1936 1959 1960
f 1871 1903 1906
f 1871 1882 1903
f 1884 86 87
f 1884 1895 86
f 1895 1914 1890
f 1895 1919 1914
f 1908 1969 1942
f 1908 1928 1969
f 1872 1924 1904
f 1872 1898 1924
f 92 1888 1891
f 92 93 1888
f 1894 1944 1911
f 1894 1920 1944
f 1938 1914 1919
f 1938 1937 1914
f 1878 1904 1921
f 1878 1872 1904
f 1893 80 81
f 1893 2075 80
f 1922 2075 1893
f 1922 2076 2075
f 1933 1892 1961
f 1933 1910 1892
f 1907 1882 1876
f 1907 1903 1882
f 1932 2074 1993
f 1932 2432 2074
f 1899 1946 1923
f 1899 1881 1946
f 1873 1906 1901
f 1873 1871 1906
f 1901 1879 1873
f 1901 1905 1879
f 1942 1898 1875
f 1942 1924 1898
f 1981 1955 2445
f 1981 1987 1955
f 1906 1929 1901
f 1906 1930 1929
f 1888 1913 1891
f 1888 1940 1913
f 1902 1928 1908
f 1902 1926 1928
f 1930 1953 1954
f 1930 1931 1953
f 1967 1923 1947
f 1967 1907 1923
f 1876 1923 1907
f 1876 1899 1923
f 1915 1887 1925
f 1915 1886 1887
f 1958 1922 1944
f 1958 2077 1922
f 1925 1912 1941
f 1925 1887 1912
f 1886 1918 1885
f 1886 1915 1918
f 1885 1916 1884
f 1885 1918 1916
f 1957 1927 1929
f 1957 1956 1927
f 2011 2222 2077
f 2011 2223 2222
f 1937 1917 1914
f 1937 1939 1917
f 1911 1922 1893
f 1911 1944 1922
f 1943 1892 1970
f 1943 1961 1892
f 1968 1983 1982
f 1968 1945 1983
f 1903 1930 1906
f 1903 1931 1930
f 1952 1940 1933
f 1952 1965 1940
f 1915 1966 1934
f 1915 1925 1966
f 1925 1948 1966
f 1925 1941 1948
f 1926 1905 1927
f 1926 1902 1905
f 1913 1965 1964
f 1913 1940 1965
f 2206 2057 1992
f 2206 1993 2057
f 1926 1956 1955
f 1926 1927 1956
f 1907 1931 1903
f 1907 1967 1931
f 1992 2061 2012
f 1992 2057 2061
f 2206 1932 1993
f 2206 1991 1932
f 2130 2074 2432
f 2130 2183 2074
f 1947 1946 1991
f 1947 1923 1946
f 1936 1919 1916
f 1936 1938 1919
f 1954 1929 1930
f 1954 1957 1929
f 2011 1958 1939
f 2011 2077 1958
f 2062 2065 2116
f 2062 1949 2065
f 1920 1939 1958
f 1920 1917 1939
f 1924 1951 1904
f 1924 1950 1951
f 1941 1891 1913
f 1941 1912 1891
f 1942 1950 1924
f 1942 1969 1950
f 1943 1896 1968
f 1943 1897 1896
f 1951 1945 1904
f 1951 1989 1945
f 1945 1921 1904
f 1945 1968 1921
f 1990 1931 1967
f 1990 1953 1931
f 1941 1964 1948
f 1941 1913 1964
f 2088 2136 2135
f 2088 2085 2136
f 1978 1954 1953
f 1978 1976 1954
f 1973 1950 1969
f 1973 1988 1950
f 1961 1968 1982
f 1961 1943 1968
f 1984 1964 1965
f 1984 1985 1964
f 1964 1975 1948
f 1964 1985 1975
f 2038 2462 2460
f 2038 2047 2462
f 1955 1928 1926
f 1955 1987 1928
f 1974 1960 1979
f 1974 1963 1960
f 1987 1969 1928
f 1987 1973 1969
f 1934 1962 1935
f 1934 1986 1962
f 2087 359 2086
f 2087 360 359
f 1963 1938 1960
f 1963 1937 1938
f 2065 1963 1974
f 2065 1949 1963
f 1970 1897 1943
f 1970 2429 1897
f 1933 1982 1952
f 1933 1961 1982
f 1972 1948 1975
f 1972 1966 1948
f 1966 1986 1934
f 1966 1972 1986
f 1951 1988 2024
f 1951 1950 1988
f 2117 2124 2176
f 2117 2058 2124
f 2206 1947 1991
f 2206 1971 1947
f 1949 2011 1939
f 1949 2062 2011
f 2028 2026 2043
f 2028 2015 2026
f 1979 1959 2437
f 1979 1960 1959
f 2445 2452 1981
f 2445 2001 2452
f 1996 1973 2009
f 1996 1988 1973
f 2015 2009 2026
f 2015 1996 2009
f 1979 1998 1974
f 1979 2438 1998
f 1954 2446 1957
f 1954 1976 2446
f 1987 2009 1973
f 1987 1981 2009
f 1995 1986 1972
f 1995 2008 1986
f 2311 2301 2363
f 2311 2268 2301
f 2010 1953 1990
f 2010 1978 1953
f 1962 2437 1959
f 1962 1980 2437
f 2451 2020 2036
f 2451 2444 2020
f 2008 1962 1986
f 2008 1980 1962
f 2005 1975 1985
f 2005 1999 1975
f 2013 2008 1995
f 2013 2454 2008
f 2006 1965 1952
f 2006 1984 1965
f 2000 2006 1983
f 2000 2022 2006
f 1989 1983 1945
f 1989 2000 1983
f 2007 1985 1984
f 2007 2005 1985
f 1999 1972 1975
f 1999 1995 1972
f 2024 1989 1951
f 2024 2042 1989
f 2006 1982 1983
f 2006 1952 1982
f 2443 2012 2010
f 2443 1992 2012
f 1991 1909 1932
f 1991 1946 1909
f 1971 1992 2443
f 1971 2206 1992
f 2130 1900 2073
f 2130 2432 1900
f 2068 2047 2052
f 2068 2459 2047
f 2004 1988 1996
f 2004 2024 1988
f 1997 1976 2002
f 1997 2446 1976
f 1980 2003 2437
f 1980 2025 2003
f 1998 2014 1994
f 1998 2444 2014
f 2003 2020 2438
f 2003 2036 2020
f 2030 2013 2018
f 2030 2455 2013
f 2032 2015 2028
f 2032 2016 2015
f 2031 2019 2063
f 2031 2464 2019
f 1978 2002 1976
f 1978 2010 2002
f 2008 2025 1980
f 2008 2454 2025
f 2444 2438 2020
f 2444 1998 2438
f 2016 1996 2015
f 2016 2004 1996
f 2018 1995 1999
f 2018 2013 1995
f 1984 2022 2007
f 1984 2006 2022
f 2035 2024 2004
f 2035 2042 2024
f 2454 2027 2025
f 2454 2455 2027
f 2092 363 2084
f 2092 364 363
f 2063 2058 2117
f 2063 2019 2058
f 2040 2033 2041
f 2040 2030 2033
f 2021 1999 2005
f 2021 2018 1999
f 2464 1997 2019
f 2464 2453 1997
f 2453 2017 2001
f 2453 2464 2017
f 2050 2028 2043
f 2050 2465 2028
f 2003 2027 2036
f 2003 2025 2027
f 2029 2444 2451
f 2029 2014 2444
f 2033 2018 2021
f 2033 2030 2018
f 2005 2023 2021
f 2005 2007 2023
f 2007 2046 2023
f 2007 2022 2046
f 2044 2045 2035
f 2044 2051 2045
f 2042 2022 2000
f 2042 2046 2022
f 2026 2463 2043
f 2026 2452 2463
f 1981 2026 2009
f 1981 2452 2026
f 2044 2039 2051
f 2044 2032 2039
f 2465 2032 2028
f 2465 2039 2032
f 2119 2065 1994
f 2119 2116 2065
f 2102 253 2103
f 2102 252 253
f 2027 2037 2036
f 2027 2460 2037
f 2127 2473 2182
f 2127 2125 2473
f 2035 2016 2044
f 2035 2004 2016
f 2048 2038 2040
f 2048 2047 2038
f 2021 2034 2033
f 2021 2023 2034
f 2455 2040 2038
f 2455 2030 2040
f 2035 2046 2042
f 2035 2045 2046
f 2027 2038 2460
f 2027 2455 2038
f 2048 2052 2047
f 2048 2053 2052
f 2050 2467 2064
f 2050 2043 2467
f 2034 2041 2033
f 2034 2059 2041
f 2463 2001 2017
f 2463 2452 2001
f 2045 2059 2034
f 2045 2051 2059
f 2023 2045 2034
f 2023 2046 2045
f 2052 2071 2068
f 2052 2056 2071
f 2053 2056 2052
f 2053 2072 2056
f 2040 2049 2048
f 2040 2041 2049
f 2051 2054 2059
f 2051 2039 2054
f 2067 2054 2055
f 2067 2049 2054
f 2031 2064 2467
f 2031 2115 2064
f 2041 2054 2049
f 2041 2059 2054
f 2146 2198 2094
f 2146 2205 2198
f 2470 2064 2115
f 2470 2050 2064
f 2054 2465 2055
f 2054 2039 2465
f 2053 2049 2067
f 2053 2048 2049
f 2050 2055 2465
f 2050 2470 2055
f 2169 2470 2115
f 2169 2072 2470
f 2029 2060 2448
f 2029 2037 2060
f 2057 2118 2061
f 2057 2128 2118
f 2002 2012 2058
f 2002 2010 2012
f 2056 2169 2125
f 2056 2072 2169
f 2462 2459 2060
f 2462 2047 2459
f 2096 354 353
f 2096 2143 354
f 2011 2116 2223
f 2011 2062 2116
f 2063 2177 2123
f 2063 2117 2177
f 2467 2464 2031
f 2467 2017 2464
f 2083 364 2092
f 2083 365 364
f 2069 1994 2014
f 2069 2119 1994
f 357 2093 2066
f 357 356 2093
f 2066 19 357
f 2066 158 19
f 2070 2014 2029
f 2070 2069 2014
f 2104 257 2105
f 2104 256 257
f 365 2091 366
f 365 2083 2091
f 366 2082 367
f 366 2091 2082
f 2070 2448 2126
f 2070 2029 2448
f 2103 254 2113
f 2103 253 254
f 2055 2072 2067
f 2055 2470 2072
f 2115 2173 2169
f 2115 2123 2173
f 2151 2130 2093
f 2151 2184 2130
f 2073 2093 2130
f 2073 2066 2093
f 2128 2230 2118
f 2128 2299 2230
f 358 2086 359
f 358 2075 2086
f 2076 2086 2075
f 2076 2129 2086
f 2085 360 2087
f 2085 361 360
f 2084 362 2088
f 2084 363 362
f 2078 372 2079
f 2078 373 372
f 261 2108 260
f 261 2109 2108
f 2457 2468 2186
f 2457 2227 2468
f 2141 2089 2081
f 2141 2131 2089
f 2088 361 2085
f 2088 362 361
f 2132 2085 2087
f 2132 2136 2085
f 2087 2129 2132
f 2087 2086 2129
f 2136 2196 2190
f 2136 2132 2196
f 2135 2084 2088
f 2135 2140 2084
f 2107 2161 2165
f 2107 2108 2161
f 260 2107 259
f 260 2108 2107
f 2105 2160 2162
f 2105 2106 2160
f 2193 2236 2197
f 2193 2237 2236
f 2082 2137 2133
f 2082 2091 2137
f 2190 2135 2136
f 2190 2193 2135
f 2099 350 349
f 2099 2098 350
f 2095 352 351
f 2095 2097 352
f 2097 2150 2096
f 2097 2152 2150
f 2143 355 354
f 2143 2151 355
f 2178 2230 2268
f 2178 2118 2230
f 2179 2127 2229
f 2179 2071 2127
f 2239 2195 2192
f 2239 2238 2195
f 2199 2147 2200
f 2199 2144 2147
f 2099 2153 2098
f 2099 2148 2153
f 2148 2094 2198
f 2148 2099 2094
f 2217 2167 2214
f 2217 2163 2167
f 2189 2141 2134
f 2189 2187 2141
f 2157 2108 2109
f 2157 2161 2108
f 2090 2133 2134
f 2090 2082 2133
f 2142 2079 2080
f 2142 2170 2079
f 2080 2131 2142
f 2080 2089 2131
f 2111 2170 2166
f 2111 2172 2170
f 2157 2110 2158
f 2157 2109 2110
f 264 2111 263
f 264 2172 2111
f 255 2113 254
f 255 2112 2113
f 2145 2098 2153
f 2145 2095 2098
f 2159 2101 2102
f 2159 2156 2101
f 344 2171 2149
f 344 343 2171
f 2031 2123 2115
f 2031 2063 2123
f 2222 2235 2196
f 2222 2223 2235
f 2012 2124 2058
f 2012 2061 2124
f 1993 2128 2057
f 1993 2074 2128
f 2061 2178 2124
f 2061 2118 2178
f 2175 2174 2120
f 2175 2225 2174
f 2120 2119 2069
f 2120 2174 2119
f 2070 2120 2069
f 2070 2180 2120
f 2164 2112 2104
f 2164 2168 2112
f 2071 2122 2068
f 2071 2179 2122
f 2169 2473 2125
f 2169 2173 2473
f 2056 2127 2071
f 2056 2125 2127
f 2150 2231 2185
f 2150 2201 2231
f 2121 2126 2448
f 2121 2457 2126
f 2120 2228 2175
f 2120 2180 2228
f 2210 2162 2218
f 2210 2164 2162
f 2102 2163 2159
f 2102 2103 2163
f 2183 2184 2264
f 2183 2130 2184
f 2077 2129 2076
f 2077 2222 2129
f 2183 2128 2074
f 2183 2299 2128
f 2129 2196 2132
f 2129 2222 2196
f 2165 2106 2107
f 2165 2160 2106
f 2140 2092 2084
f 2140 2139 2092
f 2083 2139 2138
f 2083 2092 2139
f 2134 2195 2189
f 2134 2133 2195
f 2137 2191 2192
f 2137 2138 2191
f 2276 2236 2237
f 2276 2278 2236
f 2225 2245 2235
f 2225 2281 2245
f 2138 2194 2191
f 2138 2139 2194
f 2131 2187 2188
f 2131 2141 2187
f 2188 2142 2131
f 2188 2224 2142
f 2170 2078 2079
f 2170 2172 2078
f 2110 2166 2158
f 2110 2111 2166
f 2248 2199 2246
f 2248 2205 2199
f 2266 2173 2226
f 2266 2473 2173
f 2155 2207 2220
f 2155 2100 2207
f 345 2149 2147
f 345 344 2149
f 2096 2185 2143
f 2096 2150 2185
f 2178 2176 2124
f 2178 2456 2176
f 2151 356 355
f 2151 2093 356
f 2145 2202 2152
f 2145 2203 2202
f 2310 2271 2341
f 2310 2227 2271
f 2155 250 2100
f 2155 249 250
f 2200 2149 2221
f 2200 2147 2149
f 2156 2100 2101
f 2156 2207 2100
f 2284 2248 2246
f 2284 2288 2248
f 2158 2208 2157
f 2158 2209 2208
f 2153 2203 2145
f 2153 2204 2203
f 2162 2104 2105
f 2162 2164 2104
f 2348 2351 2442
f 2348 2377 2351
f 2212 2161 2211
f 2212 2165 2161
f 2168 2113 2112
f 2168 2167 2113
f 2168 2214 2167
f 2168 2215 2214
f 2103 2167 2163
f 2103 2113 2167
f 2252 2207 2156
f 2252 2263 2207
f 2285 2249 2238
f 2285 2286 2249
f 2258 2211 2260
f 2258 2212 2211
f 2170 2224 2166
f 2170 2142 2224
f 2312 2274 2242
f 2312 2309 2274
f 2272 2303 2361
f 2272 2182 2303
f 2315 2246 2233
f 2315 2284 2246
f 2176 2177 2117
f 2176 2267 2177
f 2235 2174 2225
f 2235 2223 2174
f 2174 2116 2119
f 2174 2223 2116
f 2338 2313 2306
f 2338 2340 2313
f 2202 2242 2201
f 2202 2241 2242
f 2123 2226 2173
f 2123 2177 2226
f 2311 2273 2456
f 2311 2342 2273
f 2122 2457 2121
f 2122 2227 2457
f 2186 2232 2447
f 2186 2468 2232
f 2126 2180 2070
f 2126 2447 2180
f 2181 2155 2220
f 2181 2154 2155
f 2229 2182 2272
f 2229 2127 2182
f 2264 2185 2231
f 2264 2184 2185
f 2184 2143 2185
f 2184 2151 2143
f 2195 2249 2189
f 2195 2238 2249
f 2193 2140 2135
f 2193 2197 2140
f 2197 2139 2140
f 2197 2194 2139
f 2270 2225 2175
f 2270 2281 2225
f 2192 2133 2137
f 2192 2195 2133
f 2259 2212 2258
f 2259 2216 2212
f 2191 2239 2192
f 2191 2244 2239
f 2306 2228 2232
f 2306 2313 2228
f 2260 2304 2298
f 2260 2305 2304
f 2216 2165 2212
f 2216 2160 2165
f 2148 2204 2153
f 2148 2234 2204
f 2221 2233 2200
f 2221 2265 2233
f 2201 2152 2202
f 2201 2150 2152
f 2227 2179 2271
f 2227 2122 2179
f 2291 2253 2289
f 2291 2257 2253
f 2213 2159 2219
f 2213 2156 2159
f 2198 2234 2148
f 2198 2251 2234
f 2157 2211 2161
f 2157 2208 2211
f 2166 2209 2158
f 2166 2224 2209
f 2164 2215 2168
f 2164 2210 2215
f 2261 2290 2254
f 2261 2294 2290
f 2241 2203 2247
f 2241 2202 2203
f 2331 2295 2440
f 2331 2293 2295
f 2218 2160 2216
f 2218 2162 2160
f 2253 2210 2254
f 2253 2215 2210
f 2219 2163 2217
f 2219 2159 2163
f 2262 2219 2255
f 2262 2213 2219
f 2257 2295 2256
f 2257 2291 2295
f 2181 2265 2221
f 2181 2220 2265
f 2263 2233 2265
f 2263 2315 2233
f 2221 2171 2181
f 2221 2149 2171
f 2267 2226 2177
f 2267 2471 2226
f 2313 2175 2228
f 2313 2270 2175
f 2276 2270 2324
f 2276 2281 2270
f 2255 2217 2256
f 2255 2219 2217
f 2268 2456 2178
f 2268 2311 2456
f 2299 2269 2230
f 2299 2302 2269
f 2447 2457 2186
f 2447 2126 2457
f 2200 2246 2199
f 2200 2233 2246
f 2204 2247 2203
f 2204 2275 2247
f 2245 2196 2235
f 2245 2190 2196
f 2197 2243 2194
f 2197 2236 2243
f 2281 2237 2245
f 2281 2276 2237
f 2190 2237 2193
f 2190 2245 2237
f 2218 2254 2210
f 2218 2261 2254
f 2244 2194 2243
f 2244 2191 2194
f 2249 2187 2189
f 2249 2250 2187
f 2187 2240 2188
f 2187 2250 2240
f 2226 2303 2266
f 2226 2471 2303
f 2201 2274 2231
f 2201 2242 2274
f 2176 2273 2267
f 2176 2456 2273
f 2282 2244 2243
f 2282 2279 2244
f 2239 2279 2277
f 2239 2244 2279
f 2251 2205 2248
f 2251 2198 2205
f 2332 2346 2433
f 2332 2373 2346
f 2252 2287 2300
f 2252 2431 2287
f 2294 2259 2297
f 2294 2261 2259
f 2234 2275 2204
f 2234 2292 2275
f 2156 2431 2252
f 2156 2213 2431
f 2263 2220 2207
f 2263 2265 2220
f 2215 2257 2214
f 2215 2253 2257
f 2238 2277 2285
f 2238 2239 2277
f 2241 2283 2280
f 2241 2247 2283
f 2291 2440 2295
f 2291 2330 2440
f 2214 2256 2217
f 2214 2257 2256
f 2261 2216 2259
f 2261 2218 2216
f 2401 2469 2396
f 2401 2402 2469
f 2208 2260 2211
f 2208 2305 2260
f 2277 2322 2285
f 2277 2318 2322
f 2362 2323 2336
f 2362 2355 2323
f 2263 2300 2315
f 2263 2252 2300
f 2182 2266 2303
f 2182 2473 2266
f 2269 2274 2309
f 2269 2302 2274
f 2271 2229 2308
f 2271 2179 2229
f 2343 2229 2272
f 2343 2308 2229
f 2299 2264 2302
f 2299 2183 2264
f 2230 2301 2268
f 2230 2269 2301
f 2278 2243 2236
f 2278 2282 2243
f 2310 2468 2227
f 2310 2359 2468
f 2280 2368 2312
f 2280 2344 2368
f 2471 2273 2307
f 2471 2267 2273
f 2302 2231 2274
f 2302 2264 2231
f 2180 2232 2228
f 2180 2447 2232
f 2289 2254 2290
f 2289 2253 2254
f 2318 2279 2320
f 2318 2277 2279
f 2282 2320 2279
f 2282 2319 2320
f 2289 2326 2327
f 2289 2290 2326
f 2241 2312 2242
f 2241 2280 2312
f 2347 2324 2340
f 2347 2317 2324
f 2367 2343 2395
f 2367 2308 2343
f 2247 2314 2283
f 2247 2275 2314
f 2288 2251 2248
f 2288 2436 2251
f 2234 2436 2292
f 2234 2251 2436
f 2286 2250 2249
f 2286 2304 2250
f 2394 2392 2411
f 2394 2374 2392
f 2304 2240 2250
f 2304 2305 2240
f 2435 2260 2298
f 2435 2258 2260
f 2316 2287 2431
f 2316 2433 2287
f 2316 2296 2434
f 2316 2262 2296
f 2322 2325 2285
f 2322 2354 2325
f 2256 2293 2255
f 2256 2295 2293
f 2330 2289 2327
f 2330 2291 2289
f 2296 2255 2293
f 2296 2262 2255
f 2357 2440 2449
f 2357 2331 2440
f 2290 2329 2326
f 2290 2294 2329
f 2431 2262 2316
f 2431 2213 2262
f 2323 2436 2288
f 2323 2328 2436
f 2294 2333 2329
f 2294 2297 2333
f 2258 2297 2259
f 2258 2435 2297
f 2304 2337 2298
f 2304 2286 2337
f 2315 2336 2284
f 2315 2300 2336
f 2309 2301 2269
f 2309 2339 2301
f 2468 2306 2232
f 2468 2359 2306
f 2339 2312 2368
f 2339 2309 2312
f 2366 2361 2307
f 2366 2364 2361
f 2359 2338 2306
f 2359 2365 2338
f 2342 2307 2273
f 2342 2366 2307
f 2276 2317 2278
f 2276 2324 2317
f 2275 2335 2314
f 2275 2292 2335
f 2283 2345 2321
f 2283 2314 2345
f 2323 2284 2336
f 2323 2288 2284
f 2287 2336 2300
f 2287 2362 2336
f 2324 2313 2340
f 2324 2270 2313
f 2278 2319 2282
f 2278 2317 2319
f 2365 2386 2338
f 2365 2401 2386
f 2320 2349 2348
f 2320 2319 2349
f 2347 2376 2349
f 2347 2386 2376
f 2321 2280 2283
f 2321 2344 2280
f 2411 2410 2420
f 2411 2392 2410
f 2325 2286 2285
f 2325 2337 2286
f 2371 2354 2385
f 2371 2325 2354
f 2297 2334 2333
f 2297 2435 2334
f 2421 2408 2391
f 2421 2416 2408
f 2367 2341 2308
f 2367 2391 2341
f 2352 2357 2449
f 2352 2379 2357
f 2433 2434 2332
f 2433 2316 2434
f 2334 2325 2371
f 2334 2337 2325
f 2343 2361 2364
f 2343 2272 2361
f 2439 2293 2331
f 2439 2296 2293
f 2314 2360 2345
f 2314 2335 2360
f 2373 2439 2450
f 2373 2332 2439
f 2351 2354 2322
f 2351 2441 2354
f 2298 2334 2435
f 2298 2337 2334
f 2292 2328 2335
f 2292 2436 2328
f 2363 2342 2311
f 2363 2389 2342
f 2347 2319 2317
f 2347 2349 2319
f 2303 2307 2361
f 2303 2471 2307
f 2352 2327 2350
f 2352 2449 2327
f 2368 2387 2339
f 2368 2344 2387
f 2321 2370 2369
f 2321 2345 2370
f 2355 2346 2382
f 2355 2362 2346
f 2355 2328 2323
f 2355 2358 2328
f 2320 2442 2318
f 2320 2348 2442
f 2318 2351 2322
f 2318 2442 2351
f 2326 2353 2461
f 2326 2329 2353
f 2327 2461 2350
f 2327 2326 2461
f 2449 2330 2327
f 2449 2440 2330
f 2329 2356 2353
f 2329 2333 2356
f 2367 2466 2407
f 2367 2395 2466
f 2394 2350 2374
f 2394 2352 2350
f 2371 2333 2334
f 2371 2356 2333
f 2356 2385 2380
f 2356 2371 2385
f 2358 2335 2328
f 2358 2360 2335
f 2353 2380 2375
f 2353 2356 2380
f 2381 2357 2379
f 2381 2450 2357
f 2373 2382 2346
f 2373 2388 2382
f 2387 2369 2405
f 2387 2344 2369
f 2372 2359 2310
f 2372 2365 2359
f 2386 2340 2338
f 2386 2347 2340
f 2345 2384 2370
f 2345 2360 2384
f 2360 2383 2384
f 2360 2358 2383
f 2433 2362 2287
f 2433 2346 2362
f 2339 2363 2301
f 2339 2387 2363
f 2425 2364 2366
f 2425 2404 2364
f 2401 2376 2386
f 2401 2396 2376
f 2389 2366 2342
f 2389 2425 2366
f 2394 2379 2352
f 2394 2398 2379
f 2388 2383 2382
f 2388 2400 2383
f 2310 2472 2372
f 2310 2341 2472
f 2376 2458 2377
f 2376 2396 2458
f 2382 2358 2355
f 2382 2383 2358
f 2375 2461 2353
f 2375 2350 2461
f 2349 2377 2348
f 2349 2376 2377
f 2378 2351 2377
f 2378 2441 2351
f 2385 2441 2403
f 2385 2354 2441
f 2403 2378 2397
f 2403 2441 2378
f 2375 2393 2392
f 2375 2380 2393
f 2388 2450 2381
f 2388 2373 2450
f 2400 2414 2399
f 2400 2406 2414
f 2384 2400 2399
f 2384 2383 2400
f 2370 2399 2390
f 2370 2384 2399
f 2423 2466 2424
f 2423 2422 2466
f 2387 2389 2363
f 2387 2405 2389
f 2395 2364 2404
f 2395 2343 2364
f 2369 2390 2405
f 2369 2370 2390
f 2422 2407 2466
f 2422 2426 2407
f 2365 2402 2401
f 2365 2372 2402
f 2374 2375 2392
f 2374 2350 2375
f 2403 2415 2393
f 2403 2397 2415
f 2398 2381 2379
f 2398 2406 2381
f 2419 2420 2410
f 2419 2426 2420
f 2407 2391 2367
f 2407 2421 2391
f 2413 2415 2397
f 2413 2428 2415
f 2378 2413 2397
f 2378 2458 2413
f 2428 2410 2415
f 2428 2419 2410
f 2400 2381 2406
f 2400 2388 2381
f 2418 2412 2427
f 2418 2398 2412
f 2390 2417 2405
f 2390 2409 2417
f 2372 2408 2402
f 2372 2472 2408
f 2403 2380 2385
f 2403 2393 2380
f 2425 2405 2417
f 2425 2389 2405
f 2412 2394 2411
f 2412 2398 2394
f 2402 2416 2469
f 2402 2408 2416
f 2421 2428 2416
f 2421 2419 2428
f 2414 2423 2409
f 2414 2418 2423
f 2399 2409 2390
f 2399 2414 2409
f 2393 2410 2392
f 2393 2415 2410
f 2406 2418 2414
f 2406 2398 2418
f 2423 2427 2422
f 2423 2418 2427
f 2396 2413 2458
f 2396 2469 2413
f 2466 2404 2424
f 2466 2395 2404
f 2421 2426 2419
f 2421 2407 2426
f 2424 2409 2423
f 2424 2417 2409
f 2417 2404 2425
f 2417 2424 2404
f 2412 2426 2427
f 2412 2420 2426
f 2413 2416 2428
f 2413 2469 2416
f 2430 1869 1870
f 2430 1868 1869
f 1968 2430 1921
f 1968 1896 2430
f 2434 2439 2332
f 2434 2296 2439
f 2003 1979 2437
f 2003 2438 1979
f 2443 1990 1971
f 2443 2010 1990
f 2445 1956 1977
f 2445 1955 1956
f 2446 2453 1977
f 2446 1997 2453
f 2060 2121 2448
f 2060 2459 2121
f 2450 2331 2357
f 2450 2439 2331
f 2462 2037 2460
f 2462 2060 2037
f 2017 2043 2463
f 2017 2467 2043
f 2472 2391 2408
f 2472 2341 2391
f 2596 2500 2513
f 2596 2595 2500
f 2580 2495 2577
f 2580 2483 2495
f 274 322 2514
f 274 27 322
f 2658 2656 2630
f 2658 2679 2656
f 271 2516 270
f 271 2600 2516
f 367 2493 2484
f 367 368 2493
f 2498 329 2511
f 2498 328 329
f 2494 2579 2489
f 2494 2575 2579
f 361 2491 2488
f 361 362 2491
f 2534 2529 2523
f 2534 2533 2529
f 134 2477 133
f 134 2481 2477
f 2502 338 2505
f 2502 337 338
f 2507 336 2506
f 2507 335 336
f 335 2499 334
f 335 2507 2499
f 2544 2536 2532
f 2544 2547 2536
f 358 2490 2497
f 358 359 2490
f 15 2497 142
f 15 358 2497
f 127 341 17
f 127 2474 341
f 2522 2535 2474
f 2522 2524 2535
f 2474 128 2522
f 2474 127 128
f 129 2522 128
f 129 2475 2522
f 2695 2480 2520
f 2695 2475 2480
f 2475 130 2480
f 2475 129 130
f 2480 131 2520
f 2480 130 131
f 132 2520 131
f 132 2476 2520
f 2476 133 2477
f 2476 132 133
f 2540 2541 2538
f 2540 2550 2541
f 2479 136 2521
f 2479 135 136
f 2478 138 2482
f 2478 137 138
f 139 2482 138
f 139 2526 2482
f 2531 2530 2497
f 2531 2532 2530
f 141 2525 140
f 141 2530 2525
f 137 2521 136
f 137 2478 2521
f 2492 359 360
f 2492 2490 359
f 2509 333 2508
f 2509 332 333
f 2582 2491 2576
f 2582 2488 2491
f 2544 2554 2553
f 2544 2543 2554
f 2489 362 363
f 2489 2491 362
f 2510 331 2504
f 2510 330 331
f 2575 2483 2580
f 2575 2494 2483
f 365 2495 2483
f 365 366 2495
f 366 2484 2495
f 366 367 2484
f 2513 327 2512
f 2513 326 327
f 2607 2637 2638
f 2607 2608 2637
f 368 2485 2493
f 368 369 2485
f 325 2515 324
f 325 2500 2515
f 2600 2634 2630
f 2600 2601 2634
f 2514 323 2501
f 2514 322 323
f 2629 2514 2501
f 2629 2659 2514
f 2518 269 2517
f 2518 268 269
f 369 2496 2485
f 369 370 2496
f 2517 2603 2518
f 2517 2598 2603
f 370 2486 2496
f 370 371 2486
f 2599 2631 2583
f 2599 2603 2631
f 371 2487 2486
f 371 372 2487
f 2571 372 373
f 2571 2487 372
f 266 2519 2571
f 266 267 2519
f 266 373 30
f 266 2571 373
f 340 2474 2535
f 340 341 2474
f 340 2503 339
f 340 2535 2503
f 135 2481 134
f 135 2479 2481
f 2522 2695 2524
f 2522 2475 2695
f 2506 337 2502
f 2506 336 337
f 2527 2476 2477
f 2527 2540 2476
f 2532 2525 2530
f 2532 2536 2525
f 2483 364 365
f 2483 2494 364
f 2494 363 364
f 2494 2489 363
f 2500 326 2513
f 2500 325 326
f 2517 270 2516
f 2517 269 270
f 267 2518 2519
f 267 268 2518
f 2504 332 2509
f 2504 331 332
f 2488 360 361
f 2488 2492 360
f 2567 2570 2561
f 2567 2615 2570
f 2559 2560 2552
f 2559 2565 2560
f 2539 2521 2478
f 2539 2537 2521
f 2606 2577 2607
f 2606 2580 2577
f 2617 2592 2585
f 2617 2616 2592
f 2574 2609 2608
f 2574 2581 2609
f 142 2530 141
f 142 2497 2530
f 328 2512 327
f 328 2498 2512
f 2546 2523 2537
f 2546 2534 2523
f 334 2508 333
f 334 2499 2508
f 2595 2621 2622
f 2595 2596 2621
f 324 2501 323
f 324 2515 2501
f 2477 2529 2527
f 2477 2481 2529
f 2505 339 2503
f 2505 338 339
f 2563 2549 2533
f 2563 2550 2549
f 2697 2552 2551
f 2697 2545 2552
f 2576 2489 2579
f 2576 2491 2489
f 2558 2565 2680
f 2558 2560 2565
f 330 2511 329
f 330 2510 2511
f 2619 2594 2584
f 2619 2620 2594
f 2632 2657 2666
f 2632 2633 2657
f 2574 2607 2577
f 2574 2608 2607
f 274 2659 273
f 274 2514 2659
f 2600 272 2601
f 2600 271 272
f 2578 2609 2581
f 2578 2610 2609
f 2486 2572 2496
f 2486 2583 2572
f 2639 2609 2610
f 2639 2640 2609
f 2571 2599 2487
f 2571 2519 2599
f 2538 2695 2520
f 2538 2548 2695
f 2479 2537 2523
f 2479 2521 2537
f 2523 2481 2479
f 2523 2529 2481
f 2604 2550 2569
f 2604 2541 2550
f 140 2526 139
f 140 2525 2526
f 2526 2536 2696
f 2526 2525 2536
f 2476 2538 2520
f 2476 2540 2538
f 2568 2563 2562
f 2568 2566 2563
f 2694 2543 2531
f 2694 2554 2543
f 2528 2478 2482
f 2528 2539 2478
f 2533 2527 2529
f 2533 2549 2527
f 2490 2531 2497
f 2490 2694 2531
f 2545 2555 2552
f 2545 2547 2555
f 2543 2532 2531
f 2543 2544 2532
f 2591 2624 2625
f 2591 2590 2624
f 2556 2534 2546
f 2556 2533 2534
f 2542 2537 2539
f 2542 2546 2537
f 2524 2503 2535
f 2524 2548 2503
f 2696 2482 2526
f 2696 2528 2482
f 2541 2548 2538
f 2541 2604 2548
f 2505 2569 2502
f 2505 2604 2569
f 2540 2549 2550
f 2540 2527 2549
f 2698 2564 2557
f 2698 2605 2564
f 2528 2545 2697
f 2528 2696 2545
f 2694 2492 2573
f 2694 2490 2492
f 2547 2696 2536
f 2547 2545 2696
f 2557 2551 2558
f 2557 2556 2551
f 2562 2533 2556
f 2562 2563 2533
f 2697 2539 2528
f 2697 2542 2539
f 2551 2546 2542
f 2551 2556 2546
f 2503 2604 2505
f 2503 2548 2604
f 2569 2590 2502
f 2569 2566 2590
f 2625 2635 2626
f 2625 2605 2635
f 2554 2561 2553
f 2554 2567 2561
f 2547 2553 2555
f 2547 2544 2553
f 2553 2559 2555
f 2553 2561 2559
f 2567 2694 2573
f 2567 2554 2694
f 2552 2558 2551
f 2552 2560 2558
f 2557 2562 2556
f 2557 2568 2562
f 2597 2504 2509
f 2597 2585 2504
f 2612 2580 2606
f 2612 2575 2580
f 2559 2570 2565
f 2559 2561 2570
f 2698 2558 2680
f 2698 2557 2558
f 2573 2488 2582
f 2573 2492 2488
f 2566 2624 2590
f 2566 2568 2624
f 2550 2566 2569
f 2550 2563 2566
f 2588 2509 2508
f 2588 2597 2509
f 2507 2591 2587
f 2507 2506 2591
f 2661 2570 2615
f 2661 2681 2570
f 2587 2499 2507
f 2587 2589 2499
f 2564 2568 2557
f 2564 2624 2568
f 2590 2506 2502
f 2590 2591 2506
f 2628 2597 2588
f 2628 2623 2597
f 2583 2487 2599
f 2583 2486 2487
f 2496 2578 2485
f 2496 2572 2578
f 2574 2493 2581
f 2574 2484 2493
f 2484 2577 2495
f 2484 2574 2577
f 2612 2642 2614
f 2612 2644 2642
f 2576 2615 2582
f 2576 2613 2615
f 2498 2586 2584
f 2498 2511 2586
f 2581 2485 2578
f 2581 2493 2485
f 2589 2626 2627
f 2589 2587 2626
f 2575 2614 2579
f 2575 2612 2614
f 2690 2663 2686
f 2690 2668 2663
f 2573 2615 2567
f 2573 2582 2615
f 2610 2572 2611
f 2610 2578 2572
f 2584 2512 2498
f 2584 2594 2512
f 2594 2513 2512
f 2594 2596 2513
f 2585 2510 2504
f 2585 2592 2510
f 2592 2511 2510
f 2592 2586 2511
f 2586 2616 2618
f 2586 2592 2616
f 2589 2508 2499
f 2589 2588 2508
f 2605 2624 2564
f 2605 2625 2624
f 2605 2636 2635
f 2605 2698 2636
f 2515 2595 2593
f 2515 2500 2595
f 2593 2501 2515
f 2593 2629 2501
f 2647 2620 2651
f 2647 2621 2620
f 2623 2585 2597
f 2623 2617 2585
f 2598 2516 2602
f 2598 2517 2516
f 2518 2599 2519
f 2518 2603 2599
f 2516 2630 2602
f 2516 2600 2630
f 2629 2601 2659
f 2629 2634 2601
f 273 2601 272
f 273 2659 2601
f 2634 2658 2630
f 2634 2653 2658
f 2587 2625 2626
f 2587 2591 2625
f 2584 2618 2619
f 2584 2586 2618
f 2647 2672 2646
f 2647 2673 2672
f 2608 2640 2637
f 2608 2609 2640
f 2603 2632 2631
f 2603 2598 2632
f 2632 2611 2631
f 2632 2666 2611
f 2583 2611 2572
f 2583 2631 2611
f 2613 2579 2614
f 2613 2576 2579
f 2652 2627 2645
f 2652 2628 2627
f 2641 2615 2613
f 2641 2661 2615
f 2667 2644 2668
f 2667 2642 2644
f 2613 2642 2641
f 2613 2614 2642
f 2620 2596 2594
f 2620 2621 2596
f 2649 2618 2648
f 2649 2619 2618
f 2646 2621 2647
f 2646 2622 2621
f 2622 2593 2595
f 2622 2653 2593
f 2622 2658 2653
f 2622 2646 2658
f 2629 2653 2634
f 2629 2593 2653
f 2666 2610 2611
f 2666 2639 2610
f 2645 2670 2652
f 2645 2660 2670
f 2627 2588 2589
f 2627 2628 2588
f 2626 2645 2627
f 2626 2635 2645
f 2681 2683 2688
f 2681 2661 2683
f 2650 2617 2654
f 2650 2616 2617
f 2623 2654 2617
f 2623 2655 2654
f 2602 2656 2633
f 2602 2630 2656
f 2598 2633 2632
f 2598 2602 2633
f 2682 2660 2636
f 2682 2688 2660
f 2638 2606 2607
f 2638 2643 2606
f 2643 2612 2606
f 2643 2644 2612
f 2662 2639 2689
f 2662 2640 2639
f 2671 2649 2669
f 2671 2651 2649
f 2684 2665 2662
f 2684 2685 2665
f 2648 2616 2650
f 2648 2618 2616
f 2686 2669 2674
f 2686 2685 2669
f 2635 2660 2645
f 2635 2636 2660
f 2679 2646 2672
f 2679 2658 2646
f 2671 2685 2684
f 2671 2669 2685
f 2651 2619 2649
f 2651 2620 2619
f 2665 2638 2637
f 2665 2663 2638
f 2664 2642 2667
f 2664 2641 2642
f 2691 2672 2673
f 2691 2676 2672
f 2628 2655 2623
f 2628 2652 2655
f 2675 2652 2670
f 2675 2655 2652
f 2678 2687 2692
f 2678 2675 2687
f 2677 2654 2678
f 2677 2650 2654
f 2633 2676 2657
f 2633 2656 2676
f 2565 2681 2682
f 2565 2570 2681
f 2640 2665 2637
f 2640 2662 2665
f 2668 2643 2663
f 2668 2644 2643
f 2641 2683 2661
f 2641 2664 2683
f 2691 2671 2684
f 2691 2673 2671
f 2669 2648 2674
f 2669 2649 2648
f 2666 2689 2639
f 2666 2657 2689
f 2674 2650 2677
f 2674 2648 2650
f 2690 2674 2677
f 2690 2686 2674
f 2651 2673 2647
f 2651 2671 2673
f 2665 2686 2663
f 2665 2685 2686
f 2676 2679 2672
f 2676 2656 2679
f 2689 2676 2691
f 2689 2657 2676
f 2655 2678 2654
f 2655 2675 2678
f 2664 2693 2683
f 2664 2687 2693
f 2690 2678 2692
f 2690 2677 2678
f 2682 2680 2565
f 2682 2636 2680
f 2688 2670 2660
f 2688 2693 2670
f 2667 2687 2664
f 2667 2692 2687
f 2691 2662 2689
f 2691 2684 2662
f 2692 2668 2690
f 2692 2667 2668
f 2693 2675 2670
f 2693 2687 2675
f 2744 2733 2717
f 2744 2920 2733
f 2791 320 321
f 2791 2808 320
f 302 174 20
f 302 2716 174
f 173 2716 2704
f 173 174 2716
f 2704 2918 2719
f 2704 2716 2918
f 171 2707 2699
f 171 172 2707
f 2699 170 171
f 2699 2703 170
f 2703 2714 2718
f 2703 2699 2714
f 2713 2705 2708
f 2713 2732 2705
f 2726 2722 2718
f 2726 2725 2722
f 2721 2700 2709
f 2721 2715 2700
f 160 2711 2917
f 160 161 2711
f 2717 2701 2706
f 2717 2733 2701
f 2715 2706 2700
f 2715 2717 2706
f 2793 2782 2811
f 2793 2766 2782
f 2789 310 311
f 2789 2786 310
f 2819 2789 2814
f 2819 2786 2789
f 2756 349 2753
f 2756 348 349
f 2756 2769 2776
f 2756 2753 2769
f 2771 2748 2750
f 2771 2772 2748
f 2747 2768 2770
f 2747 2749 2768
f 238 2853 2791
f 238 239 2853
f 2704 172 173
f 2704 2707 172
f 2703 169 170
f 2703 2702 169
f 2702 168 169
f 2702 2708 168
f 2705 166 167
f 2705 2712 166
f 167 2708 2705
f 167 168 2708
f 2709 164 165
f 2709 2700 164
f 2700 163 164
f 2700 2706 163
f 2778 2804 2805
f 2778 2775 2804
f 2733 2711 2701
f 2733 2920 2711
f 2762 2920 2760
f 2762 2746 2920
f 2701 161 162
f 2701 2711 161
f 2710 19 159
f 2710 357 19
f 2919 2710 2723
f 2919 357 2710
f 2755 2773 2777
f 2755 2754 2773
f 2755 351 2754
f 2755 350 351
f 2753 350 2755
f 2753 349 350
f 2784 312 313
f 2784 2785 312
f 348 2749 347
f 348 2756 2749
f 2747 347 2749
f 2747 346 347
f 2832 2798 2833
f 2832 2799 2798
f 346 2750 345
f 346 2747 2750
f 345 2748 344
f 345 2750 2748
f 2863 2829 2864
f 2863 2830 2829
f 318 2792 2780
f 318 319 2792
f 2751 344 2748
f 2751 343 344
f 246 342 2752
f 246 29 342
f 238 321 28
f 238 2791 321
f 239 2848 2853
f 239 240 2848
f 2847 2808 2858
f 2847 2792 2808
f 2768 2799 2800
f 2768 2776 2799
f 2836 2815 2837
f 2836 2810 2815
f 2839 2820 2874
f 2839 2816 2820
f 241 2848 240
f 241 2849 2848
f 2752 343 2751
f 2752 342 343
f 2720 2731 2729
f 2720 2719 2731
f 2719 2707 2704
f 2719 2720 2707
f 2724 2734 2738
f 2724 2732 2734
f 2706 162 163
f 2706 2701 162
f 303 2716 302
f 303 2918 2716
f 2712 165 166
f 2712 2709 165
f 2699 2720 2714
f 2699 2707 2720
f 2708 2722 2713
f 2708 2702 2722
f 2727 2715 2721
f 2727 2730 2715
f 159 2917 2710
f 159 160 2917
f 2723 2763 2919
f 2723 2746 2763
f 2758 353 2757
f 2758 352 353
f 2732 2739 2734
f 2732 2713 2739
f 2712 2732 2724
f 2712 2705 2732
f 2736 2728 2729
f 2736 2726 2728
f 2718 2702 2703
f 2718 2722 2702
f 2736 2737 2726
f 2736 2743 2737
f 2723 2917 2711
f 2723 2710 2917
f 2719 2854 2731
f 2719 2918 2854
f 2728 2718 2714
f 2728 2726 2718
f 2856 2727 2738
f 2856 2735 2727
f 2709 2724 2721
f 2709 2712 2724
f 2725 2713 2722
f 2725 2739 2713
f 2742 2743 2736
f 2742 2793 2743
f 2730 2717 2715
f 2730 2744 2717
f 2714 2729 2728
f 2714 2720 2729
f 2923 2920 2744
f 2923 2760 2920
f 2754 352 2758
f 2754 351 352
f 303 2854 2918
f 303 304 2854
f 2734 2741 2740
f 2734 2739 2741
f 2738 2721 2724
f 2738 2727 2721
f 2735 2765 2923
f 2735 2856 2765
f 2759 2741 2764
f 2759 2740 2741
f 2730 2923 2744
f 2730 2735 2923
f 2737 2725 2726
f 2737 2745 2725
f 2766 2742 2761
f 2766 2793 2742
f 304 2761 2854
f 304 305 2761
f 2742 2729 2731
f 2742 2736 2729
f 2739 2745 2741
f 2739 2725 2745
f 2811 2743 2793
f 2811 2846 2743
f 2764 2745 2737
f 2764 2741 2745
f 2738 2740 2856
f 2738 2734 2740
f 357 2763 356
f 357 2919 2763
f 305 2766 2761
f 305 306 2766
f 2764 2743 2846
f 2764 2737 2743
f 2757 354 2774
f 2757 353 354
f 2787 315 316
f 2787 2779 315
f 2750 2770 2771
f 2750 2747 2770
f 2800 2770 2768
f 2800 2801 2770
f 2751 2772 2807
f 2751 2748 2772
f 246 2916 245
f 246 2752 2916
f 245 2850 244
f 245 2916 2850
f 2777 2753 2755
f 2777 2769 2753
f 2775 2758 2757
f 2775 2778 2758
f 2749 2776 2768
f 2749 2756 2776
f 2762 2796 2825
f 2762 2767 2796
f 2767 2824 2796
f 2767 2921 2824
f 2856 2759 2765
f 2856 2740 2759
f 307 2783 2782
f 307 308 2783
f 2794 2765 2759
f 2794 2821 2765
f 2731 2761 2742
f 2731 2854 2761
f 2746 2825 2763
f 2746 2762 2825
f 2774 2796 2797
f 2774 2825 2796
f 2763 355 356
f 2763 2825 355
f 2774 355 2825
f 2774 354 355
f 2786 309 310
f 2786 2781 309
f 2923 2821 2795
f 2923 2765 2821
f 2922 2923 2795
f 2922 2760 2923
f 306 2782 2766
f 306 307 2782
f 2762 2922 2767
f 2762 2760 2922
f 2754 2778 2773
f 2754 2758 2778
f 313 2788 2784
f 313 314 2788
f 2780 2816 2790
f 2780 2820 2816
f 2807 2752 2751
f 2807 2916 2752
f 2850 2807 2883
f 2850 2916 2807
f 2757 2797 2775
f 2757 2774 2797
f 2921 2823 2824
f 2921 2861 2823
f 2870 2837 2869
f 2870 2836 2837
f 2814 2785 2818
f 2814 2789 2785
f 2829 2799 2832
f 2829 2800 2799
f 2784 2818 2785
f 2784 2817 2818
f 2779 314 315
f 2779 2788 314
f 2780 317 318
f 2780 2790 317
f 2790 316 317
f 2790 2787 316
f 2781 308 309
f 2781 2783 308
f 2785 311 312
f 2785 2789 311
f 2803 2769 2777
f 2803 2798 2769
f 2872 2842 2871
f 2872 2844 2842
f 2812 2781 2813
f 2812 2783 2781
f 2809 2779 2810
f 2809 2788 2779
f 2776 2798 2799
f 2776 2769 2798
f 2786 2813 2781
f 2786 2819 2813
f 319 2808 2792
f 319 320 2808
f 2792 2820 2780
f 2792 2847 2820
f 2838 2810 2836
f 2838 2809 2810
f 2764 2794 2759
f 2764 2822 2794
f 2824 2855 2826
f 2824 2823 2855
f 2775 2826 2804
f 2775 2797 2826
f 2801 2771 2770
f 2801 2802 2771
f 2787 2810 2779
f 2787 2815 2810
f 2802 2772 2771
f 2802 2835 2772
f 2790 2815 2787
f 2790 2816 2815
f 2875 2836 2870
f 2875 2838 2836
f 2835 2807 2772
f 2835 2883 2807
f 2851 2881 2882
f 2851 2852 2881
f 2821 2857 2861
f 2821 2794 2857
f 2777 2806 2803
f 2777 2773 2806
f 2805 2773 2778
f 2805 2806 2773
f 2887 2855 2885
f 2887 2860 2855
f 2868 2833 2873
f 2868 2832 2833
f 2851 243 2852
f 2851 242 243
f 2788 2817 2784
f 2788 2809 2817
f 2831 2801 2830
f 2831 2802 2801
f 2811 2783 2812
f 2811 2782 2783
f 2888 2897 2909
f 2888 2928 2897
f 2871 2843 2878
f 2871 2842 2843
f 2829 2801 2800
f 2829 2830 2801
f 2863 2890 2891
f 2863 2894 2890
f 2828 2805 2827
f 2828 2806 2805
f 2842 2814 2843
f 2842 2819 2814
f 2806 2834 2803
f 2806 2828 2834
f 2844 2819 2842
f 2844 2813 2819
f 2869 2914 2895
f 2869 2896 2914
f 2764 2859 2822
f 2764 2846 2859
f 2795 2861 2921
f 2795 2821 2861
f 2845 2813 2844
f 2845 2812 2813
f 2909 2930 2910
f 2909 2897 2930
f 2824 2797 2796
f 2824 2826 2797
f 2860 2826 2855
f 2860 2804 2826
f 2804 2827 2805
f 2804 2860 2827
f 2841 2817 2840
f 2841 2818 2817
f 2837 2816 2839
f 2837 2815 2816
f 2835 2831 2867
f 2835 2802 2831
f 242 2849 241
f 242 2851 2849
f 2870 2895 2898
f 2870 2869 2895
f 2803 2833 2798
f 2803 2834 2833
f 2840 2809 2838
f 2840 2817 2809
f 2926 2905 2911
f 2926 2902 2905
f 2863 2865 2830
f 2863 2891 2865
f 2864 2832 2868
f 2864 2829 2832
f 2884 2849 2880
f 2884 2848 2849
f 2818 2843 2814
f 2818 2841 2843
f 2866 2828 2862
f 2866 2834 2828
f 2905 2871 2878
f 2905 2902 2871
f 2846 2812 2845
f 2846 2811 2812
f 2877 2844 2872
f 2877 2845 2844
f 2848 2858 2853
f 2848 2884 2858
f 2880 2851 2882
f 2880 2849 2851
f 244 2852 243
f 244 2850 2852
f 2867 2883 2835
f 2867 2881 2883
f 2883 2852 2850
f 2883 2881 2852
f 2858 2791 2853
f 2858 2808 2791
f 2822 2857 2794
f 2822 2886 2857
f 2928 2930 2897
f 2928 2872 2930
f 2899 2858 2884
f 2899 2847 2858
f 2822 2929 2886
f 2822 2859 2929
f 2845 2859 2846
f 2845 2877 2859
f 2889 2860 2887
f 2889 2827 2860
f 2823 2885 2855
f 2823 2924 2885
f 2827 2862 2828
f 2827 2889 2862
f 2865 2831 2830
f 2865 2893 2831
f 2900 2927 2908
f 2900 2904 2927
f 2893 2867 2831
f 2893 2912 2867
f 2874 2906 2915
f 2874 2899 2906
f 2834 2873 2833
f 2834 2866 2873
f 2878 2841 2879
f 2878 2843 2841
f 2898 2890 2901
f 2898 2895 2890
f 2876 2838 2875
f 2876 2840 2838
f 2839 2869 2837
f 2839 2896 2869
f 2875 2898 2927
f 2875 2870 2898
f 2857 2888 2924
f 2857 2886 2888
f 2908 2873 2900
f 2908 2868 2873
f 2847 2874 2820
f 2847 2899 2874
f 2864 2894 2863
f 2864 2925 2894
f 2840 2879 2841
f 2840 2876 2879
f 2892 2904 2900
f 2892 2903 2904
f 2900 2866 2892
f 2900 2873 2866
f 2880 2907 2906
f 2880 2882 2907
f 2899 2880 2906
f 2899 2884 2880
f 2928 2886 2929
f 2928 2888 2886
f 2924 2861 2857
f 2924 2823 2861
f 2930 2871 2902
f 2930 2872 2871
f 2909 2887 2885
f 2909 2910 2887
f 2911 2889 2926
f 2911 2862 2889
f 2913 2893 2865
f 2913 2907 2893
f 2891 2895 2914
f 2891 2890 2895
f 2862 2892 2866
f 2862 2911 2892
f 2912 2881 2867
f 2912 2882 2881
f 2927 2876 2875
f 2927 2904 2876
f 2901 2894 2925
f 2901 2890 2894
f 2874 2896 2839
f 2874 2915 2896
f 2913 2896 2915
f 2913 2914 2896
f 2925 2868 2908
f 2925 2864 2868
f 2903 2878 2879
f 2903 2905 2878
f 2904 2879 2876
f 2904 2903 2879
f 2903 2911 2905
f 2903 2892 2911
f 2915 2907 2913
f 2915 2906 2907
f 2907 2912 2893
f 2907 2882 2912
f 2901 2908 2927
f 2901 2925 2908
f 2909 2924 2888
f 2909 2885 2924
f 2887 2926 2889
f 2887 2910 2926
f 2902 2910 2930
f 2902 2926 2910
f 2891 2913 2865
f 2891 2914 2913
f 2920 2723 2711
f 2920 2746 2723
f 2767 2795 2921
f 2767 2922 2795
f 2872 2929 2877
f 2872 2928 2929
f 1186 1189 1181
f 1188 1185 1183
f 1726 1697 1703
f 1812 1293 1267
f 1265 1301 1290
f 1352 1327 1328
f 1842 1389 1390
f 1821 1422 1436
f 1501 1414 1490
f 1634 1548 1494
f 1743 1721 1720
f 1765 1757 1745
f 1797 1793 1856
f 1846 1770 1779
f 1859 1789 1783
f 1808 1190 1807
f 1832 1359 1371
f 1361 1303 1374
f 1845 1776 1784
f 1850 1433 1404
f 1861 1792 1795
f 1865 176 1864
f 175 49 1
f 1865 175 176
f 51 126 6
f 1867 125 126
f 1867 1866 125
f 1869 211 212
f 2076 1922 2077
f 1958 1944 1920
f 2042 2000 1989
f 2451 2036 2037
f 2044 2016 2032
f 2072 2053 2067
f 2029 2451 2037
f 2341 2271 2308
f 2369 2344 2321
f 2378 2377 2458
f 2420 2412 2411
f 2427 2426 2422
f 2455 2454 2013
f 2695 2548 2524
f 2552 2555 2559
f 2698 2680 2636
f 2643 2638 2663
f 2693 2688 2683
f 2688 2682 2681
f 2697 2551 2542
f 2735 2730 2727
f 2898 2901 2927
f 2929 2859 2877
# faces: 5847
