# DEME-centered from WALL_OTR_WALL_OTR-1_global.obj
# SetInitPos required: -10.000000000 -15.064941500 193.500000000
v 78.000000000 -36.435058500 -42.500000000
v 78.000000000 106.435058500 -42.500000000
v 78.000000000 106.435058500 42.500000000
v 78.000000000 -36.435058500 42.500000000
v -78.000000000 106.435058500 -42.500000000
v -78.000000000 106.435058500 42.500000000
v -78.000000000 -36.435058500 -42.500000000
v -78.000000000 -36.435058500 42.500000000
v -14.136459000 -36.435058500 42.500000000
v -14.136459000 -36.435058500 23.449704170
v -14.136459000 -53.435058500 27.500000000
v -14.136459000 -53.435058500 42.500000000
v 29.863541000 -36.435058500 23.449704170
v 29.863541000 -53.435058500 27.500000000
v 78.000000000 -53.435058500 27.500000000
v 78.000000000 -106.435058500 27.500000000
v -78.000000000 -106.435058500 27.500000000
v -78.000000000 -53.435058500 27.500000000
v 29.863541000 -36.435058500 42.500000000
v 29.863541000 -53.435058500 42.500000000
v 78.000000000 -53.435058500 42.500000000
v -78.000000000 -53.435058500 42.500000000
v -78.000000000 -106.435058500 42.500000000
v 78.000000000 -106.435058500 42.500000000
v 78.000000000 -31.508499100 -42.500000000
v 78.000000000 -26.581947200 -42.500000000
v 78.000000000 -21.655387800 -42.500000000
v 78.000000000 -16.728836000 -42.500000000
v 78.000000000 -11.802276500 -42.500000000
v 78.000000000 -6.875724700 -42.500000000
v 78.000000000 -1.949165500 -42.500000000
v 78.000000000 2.977386500 -42.500000000
v 78.000000000 7.903946500 -42.500000000
v 78.000000000 12.830497500 -42.500000000
v 78.000000000 17.757057500 -42.500000000
v 78.000000000 22.683609500 -42.500000000
v 78.000000000 27.610168500 -42.500000000
v 78.000000000 32.536727500 -42.500000000
v 78.000000000 37.463287500 -42.500000000
v 78.000000000 42.389831500 -42.500000000
v 78.000000000 47.316391500 -42.500000000
v 78.000000000 52.242950500 -42.500000000
v 78.000000000 57.169509500 -42.500000000
v 78.000000000 62.096054500 -42.500000000
v 78.000000000 67.022613500 -42.500000000
v 78.000000000 71.949173500 -42.500000000
v 78.000000000 76.875732500 -42.500000000
v 78.000000000 81.802276500 -42.500000000
v 78.000000000 86.728836500 -42.500000000
v 78.000000000 91.655395500 -42.500000000
v 78.000000000 96.581955500 -42.500000000
v 78.000000000 101.508499500 -42.500000000
v 78.000000000 106.435058500 -37.500000000
v 78.000000000 106.435058500 -32.500000000
v 78.000000000 106.435058500 -27.500000000
v 78.000000000 106.435058500 -22.500000000
v 78.000000000 106.435058500 -17.500000000
v 78.000000000 106.435058500 -12.500000000
v 78.000000000 106.435058500 -7.500000000
v 78.000000000 106.435058500 -2.500000000
v 78.000000000 106.435058500 2.500000000
v 78.000000000 106.435058500 7.500000000
v 78.000000000 106.435058500 12.500000000
v 78.000000000 106.435058500 17.500000000
v 78.000000000 106.435058500 22.500000000
v 78.000000000 106.435058500 27.500000000
v 78.000000000 106.435058500 32.500000000
v 78.000000000 106.435058500 37.500000000
v 78.000000000 101.508499500 42.500000000
v 78.000000000 96.581955500 42.500000000
v 78.000000000 91.655395500 42.500000000
v 78.000000000 86.728836500 42.500000000
v 78.000000000 81.802276500 42.500000000
v 78.000000000 76.875732500 42.500000000
v 78.000000000 71.949173500 42.500000000
v 78.000000000 67.022613500 42.500000000
v 78.000000000 62.096054500 42.500000000
v 78.000000000 57.169509500 42.500000000
v 78.000000000 52.242950500 42.500000000
v 78.000000000 47.316391500 42.500000000
v 78.000000000 42.389831500 42.500000000
v 78.000000000 37.463287500 42.500000000
v 78.000000000 32.536727500 42.500000000
v 78.000000000 27.610168500 42.500000000
v 78.000000000 22.683609500 42.500000000
v 78.000000000 17.757057500 42.500000000
v 78.000000000 12.830497500 42.500000000
v 78.000000000 7.903946500 42.500000000
v 78.000000000 2.977386500 42.500000000
v 78.000000000 -1.949165500 42.500000000
v 78.000000000 -6.875724700 42.500000000
v 78.000000000 -11.802276500 42.500000000
v 78.000000000 -16.728836000 42.500000000
v 78.000000000 -21.655387800 42.500000000
v 78.000000000 -26.581947200 42.500000000
v 78.000000000 -31.508499100 42.500000000
v 78.000000000 -36.435058500 37.500000000
v 78.000000000 -36.435058500 32.500000000
v 78.000000000 -36.435058500 27.500000000
v 78.000000000 -36.435058500 22.500000000
v 78.000000000 -36.435058500 17.500000000
v 78.000000000 -36.435058500 12.500000000
v 78.000000000 -36.435058500 7.500000000
v 78.000000000 -36.435058500 2.500000000
v 78.000000000 -36.435058500 -2.500000000
v 78.000000000 -36.435058500 -7.500000000
v 78.000000000 -36.435058500 -12.500000000
v 78.000000000 -36.435058500 -17.500000000
v 78.000000000 -36.435058500 -22.500000000
v 78.000000000 -36.435058500 -27.500000000
v 78.000000000 -36.435058500 -32.500000000
v 78.000000000 -36.435058500 -37.500000000
v 72.967743000 106.435058500 -42.500000000
v 67.935486000 106.435058500 -42.500000000
v 62.903229000 106.435058500 -42.500000000
v 57.870972000 106.435058500 -42.500000000
v 52.838715000 106.435058500 -42.500000000
v 47.806458000 106.435058500 -42.500000000
v 42.774200000 106.435058500 -42.500000000
v 37.741928000 106.435058500 -42.500000000
v 32.709671000 106.435058500 -42.500000000
v 27.677414000 106.435058500 -42.500000000
v 22.645157000 106.435058500 -42.500000000
v 17.612900000 106.435058500 -42.500000000
v 12.580643000 106.435058500 -42.500000000
v 7.548386000 106.435058500 -42.500000000
v 2.516129000 106.435058500 -42.500000000
v -2.516129000 106.435058500 -42.500000000
v -7.548386000 106.435058500 -42.500000000
v -12.580643000 106.435058500 -42.500000000
v -17.612900000 106.435058500 -42.500000000
v -22.645164000 106.435058500 -42.500000000
v -27.677422000 106.435058500 -42.500000000
v -32.709679000 106.435058500 -42.500000000
v -37.741936000 106.435058500 -42.500000000
v -42.774193000 106.435058500 -42.500000000
v -47.806449900 106.435058500 -42.500000000
v -52.838707000 106.435058500 -42.500000000
v -57.870964100 106.435058500 -42.500000000
v -62.903228800 106.435058500 -42.500000000
v -67.935485800 106.435058500 -42.500000000
v -72.967742900 106.435058500 -42.500000000
v -78.000000000 106.435058500 -37.500000000
v -78.000000000 106.435058500 -32.500000000
v -78.000000000 106.435058500 -27.500000000
v -78.000000000 106.435058500 -22.500000000
v -78.000000000 106.435058500 -17.500000000
v -78.000000000 106.435058500 -12.500000000
v -78.000000000 106.435058500 -7.500000000
v -78.000000000 106.435058500 -2.500000000
v -78.000000000 106.435058500 2.500000000
v -78.000000000 106.435058500 7.500000000
v -78.000000000 106.435058500 12.500000000
v -78.000000000 106.435058500 17.500000000
v -78.000000000 106.435058500 22.500000000
v -78.000000000 106.435058500 27.500000000
v -78.000000000 106.435058500 32.500000000
v -78.000000000 106.435058500 37.500000000
v -72.967742900 106.435058500 42.500000000
v -67.935485800 106.435058500 42.500000000
v -62.903228800 106.435058500 42.500000000
v -57.870964100 106.435058500 42.500000000
v -52.838707000 106.435058500 42.500000000
v -47.806449900 106.435058500 42.500000000
v -42.774193000 106.435058500 42.500000000
v -37.741936000 106.435058500 42.500000000
v -32.709679000 106.435058500 42.500000000
v -27.677422000 106.435058500 42.500000000
v -22.645164000 106.435058500 42.500000000
v -17.612900000 106.435058500 42.500000000
v -12.580643000 106.435058500 42.500000000
v -7.548386000 106.435058500 42.500000000
v -2.516129000 106.435058500 42.500000000
v 2.516129000 106.435058500 42.500000000
v 7.548386000 106.435058500 42.500000000
v 12.580643000 106.435058500 42.500000000
v 17.612900000 106.435058500 42.500000000
v 22.645157000 106.435058500 42.500000000
v 27.677414000 106.435058500 42.500000000
v 32.709671000 106.435058500 42.500000000
v 37.741928000 106.435058500 42.500000000
v 42.774200000 106.435058500 42.500000000
v 47.806458000 106.435058500 42.500000000
v 52.838715000 106.435058500 42.500000000
v 57.870972000 106.435058500 42.500000000
v 62.903229000 106.435058500 42.500000000
v 67.935486000 106.435058500 42.500000000
v 72.967743000 106.435058500 42.500000000
v -78.000000000 101.508499500 -42.500000000
v -78.000000000 96.581955500 -42.500000000
v -78.000000000 91.655395500 -42.500000000
v -78.000000000 86.728836500 -42.500000000
v -78.000000000 81.802276500 -42.500000000
v -78.000000000 76.875732500 -42.500000000
v -78.000000000 71.949173500 -42.500000000
v -78.000000000 67.022613500 -42.500000000
v -78.000000000 62.096054500 -42.500000000
v -78.000000000 57.169509500 -42.500000000
v -78.000000000 52.242950500 -42.500000000
v -78.000000000 47.316391500 -42.500000000
v -78.000000000 42.389831500 -42.500000000
v -78.000000000 37.463287500 -42.500000000
v -78.000000000 32.536727500 -42.500000000
v -78.000000000 27.610168500 -42.500000000
v -78.000000000 22.683609500 -42.500000000
v -78.000000000 17.757057500 -42.500000000
v -78.000000000 12.830497500 -42.500000000
v -78.000000000 7.903946500 -42.500000000
v -78.000000000 2.977386500 -42.500000000
v -78.000000000 -1.949165500 -42.500000000
v -78.000000000 -6.875724700 -42.500000000
v -78.000000000 -11.802276500 -42.500000000
v -78.000000000 -16.728836000 -42.500000000
v -78.000000000 -21.655387800 -42.500000000
v -78.000000000 -26.581947200 -42.500000000
v -78.000000000 -31.508499100 -42.500000000
v -78.000000000 -36.435058500 -37.500000000
v -78.000000000 -36.435058500 -32.500000000
v -78.000000000 -36.435058500 -27.500000000
v -78.000000000 -36.435058500 -22.500000000
v -78.000000000 -36.435058500 -17.500000000
v -78.000000000 -36.435058500 -12.500000000
v -78.000000000 -36.435058500 -7.500000000
v -78.000000000 -36.435058500 -2.500000000
v -78.000000000 -36.435058500 2.500000000
v -78.000000000 -36.435058500 7.500000000
v -78.000000000 -36.435058500 12.500000000
v -78.000000000 -36.435058500 17.500000000
v -78.000000000 -36.435058500 22.500000000
v -78.000000000 -36.435058500 27.500000000
v -78.000000000 -36.435058500 32.500000000
v -78.000000000 -36.435058500 37.500000000
v -78.000000000 -31.508499100 42.500000000
v -78.000000000 -26.581947200 42.500000000
v -78.000000000 -21.655387800 42.500000000
v -78.000000000 -16.728836000 42.500000000
v -78.000000000 -11.802276500 42.500000000
v -78.000000000 -6.875724700 42.500000000
v -78.000000000 -1.949165500 42.500000000
v -78.000000000 2.977386500 42.500000000
v -78.000000000 7.903946500 42.500000000
v -78.000000000 12.830497500 42.500000000
v -78.000000000 17.757057500 42.500000000
v -78.000000000 22.683609500 42.500000000
v -78.000000000 27.610168500 42.500000000
v -78.000000000 32.536727500 42.500000000
v -78.000000000 37.463287500 42.500000000
v -78.000000000 42.389831500 42.500000000
v -78.000000000 47.316391500 42.500000000
v -78.000000000 52.242950500 42.500000000
v -78.000000000 57.169509500 42.500000000
v -78.000000000 62.096054500 42.500000000
v -78.000000000 67.022613500 42.500000000
v -78.000000000 71.949173500 42.500000000
v -78.000000000 76.875732500 42.500000000
v -78.000000000 81.802276500 42.500000000
v -78.000000000 86.728836500 42.500000000
v -78.000000000 91.655395500 42.500000000
v -78.000000000 96.581955500 42.500000000
v -78.000000000 101.508499500 42.500000000
v 72.967743000 -36.435058500 -42.500000000
v 67.935486000 -36.435058500 -42.500000000
v 62.903229000 -36.435058500 -42.500000000
v 57.870972000 -36.435058500 -42.500000000
v 52.838715000 -36.435058500 -42.500000000
v 47.806458000 -36.435058500 -42.500000000
v 42.774200000 -36.435058500 -42.500000000
v 37.741928000 -36.435058500 -42.500000000
v 32.709671000 -36.435058500 -42.500000000
v 27.677414000 -36.435058500 -42.500000000
v 22.645157000 -36.435058500 -42.500000000
v 17.612900000 -36.435058500 -42.500000000
v 12.580643000 -36.435058500 -42.500000000
v 7.548386000 -36.435058500 -42.500000000
v 2.516129000 -36.435058500 -42.500000000
v -2.516129000 -36.435058500 -42.500000000
v -7.548386000 -36.435058500 -42.500000000
v -12.580643000 -36.435058500 -42.500000000
v -17.612900000 -36.435058500 -42.500000000
v -22.645164000 -36.435058500 -42.500000000
v -27.677422000 -36.435058500 -42.500000000
v -32.709679000 -36.435058500 -42.500000000
v -37.741936000 -36.435058500 -42.500000000
v -42.774193000 -36.435058500 -42.500000000
v -47.806449900 -36.435058500 -42.500000000
v -52.838707000 -36.435058500 -42.500000000
v -57.870964100 -36.435058500 -42.500000000
v -62.903228800 -36.435058500 -42.500000000
v -67.935485800 -36.435058500 -42.500000000
v -72.967742900 -36.435058500 -42.500000000
v -14.136459000 -36.435058500 36.149901390
v -14.136459000 -36.435058500 29.799802780
v -14.136459000 -42.101722600 24.799802780
v -14.136459000 -47.768390600 26.149901390
v -14.136459000 -53.435058500 32.500000000
v -14.136459000 -53.435058500 37.500000000
v -14.136459000 -47.768390600 42.500000000
v -14.136459000 -42.101722600 42.500000000
v -9.247574000 -36.435058500 23.449704170
v -4.358688000 -36.435058500 23.449704170
v 0.530212000 -36.435058500 23.449704170
v 5.419098000 -36.435058500 23.449704170
v 10.307983000 -36.435058500 23.449704170
v 15.196869000 -36.435058500 23.449704170
v 20.085770000 -36.435058500 23.449704170
v 24.974655000 -36.435058500 23.449704170
v 29.863541000 -42.101722600 24.799802780
v 29.863541000 -47.768390600 26.149901390
v 24.974655000 -53.435058500 27.500000000
v 20.085770000 -53.435058500 27.500000000
v 15.196869000 -53.435058500 27.500000000
v 10.307983000 -53.435058500 27.500000000
v 5.419098000 -53.435058500 27.500000000
v 0.530212000 -53.435058500 27.500000000
v -4.358688000 -53.435058500 27.500000000
v -9.247574000 -53.435058500 27.500000000
v 78.000000000 -58.253238600 27.500000000
v 78.000000000 -63.071422500 27.500000000
v 78.000000000 -67.889602600 27.500000000
v 78.000000000 -72.707786500 27.500000000
v 78.000000000 -77.525968500 27.500000000
v 78.000000000 -82.344148500 27.500000000
v 78.000000000 -87.162330500 27.500000000
v 78.000000000 -91.980513500 27.500000000
v 78.000000000 -96.798694520 27.500000000
v 78.000000000 -101.616876510 27.500000000
v 73.125000000 -106.435058500 27.500000000
v 68.250000000 -106.435058500 27.500000000
v 63.375000000 -106.435058500 27.500000000
v 58.500000000 -106.435058500 27.500000000
v 53.625000000 -106.435058500 27.500000000
v 48.750000000 -106.435058500 27.500000000
v 43.875000000 -106.435058500 27.500000000
v 39.000000000 -106.435058500 27.500000000
v 34.125000000 -106.435058500 27.500000000
v 29.250000000 -106.435058500 27.500000000
v 24.375000000 -106.435058500 27.500000000
v 19.500000000 -106.435058500 27.500000000
v 14.625000000 -106.435058500 27.500000000
v 9.750000000 -106.435058500 27.500000000
v 4.875000000 -106.435058500 27.500000000
v 0.000000000 -106.435058500 27.500000000
v -4.875000000 -106.435058500 27.500000000
v -9.750000000 -106.435058500 27.500000000
v -14.625000000 -106.435058500 27.500000000
v -19.500000000 -106.435058500 27.500000000
v -24.375000000 -106.435058500 27.500000000
v -29.250000000 -106.435058500 27.500000000
v -34.125000000 -106.435058500 27.500000000
v -39.000000000 -106.435058500 27.500000000
v -43.875000000 -106.435058500 27.500000000
v -48.750000000 -106.435058500 27.500000000
v -53.625000000 -106.435058500 27.500000000
v -58.500000000 -106.435058500 27.500000000
v -63.375000000 -106.435058500 27.500000000
v -68.250000000 -106.435058500 27.500000000
v -73.125000000 -106.435058500 27.500000000
v -78.000000000 -101.616876510 27.500000000
v -78.000000000 -96.798694520 27.500000000
v -78.000000000 -91.980513500 27.500000000
v -78.000000000 -87.162330500 27.500000000
v -78.000000000 -82.344148500 27.500000000
v -78.000000000 -77.525968500 27.500000000
v -78.000000000 -72.707786500 27.500000000
v -78.000000000 -67.889602600 27.500000000
v -78.000000000 -63.071422500 27.500000000
v -78.000000000 -58.253238600 27.500000000
v 34.677185000 -53.435058500 27.500000000
v 39.490829000 -53.435058500 27.500000000
v 44.304474000 -53.435058500 27.500000000
v 49.118118000 -53.435058500 27.500000000
v 53.931778000 -53.435058500 27.500000000
v 58.745422000 -53.435058500 27.500000000
v 63.559067000 -53.435058500 27.500000000
v 68.372711000 -53.435058500 27.500000000
v 73.186356000 -53.435058500 27.500000000
v -73.087417600 -53.435058500 27.500000000
v -68.174842800 -53.435058500 27.500000000
v -63.262260400 -53.435058500 27.500000000
v -58.349678000 -53.435058500 27.500000000
v -53.437103300 -53.435058500 27.500000000
v -48.524520900 -53.435058500 27.500000000
v -43.611938000 -53.435058500 27.500000000
v -38.699356000 -53.435058500 27.500000000
v -33.786781000 -53.435058500 27.500000000
v -28.874199000 -53.435058500 27.500000000
v -23.961617000 -53.435058500 27.500000000
v -19.049042000 -53.435058500 27.500000000
v 29.863541000 -36.435058500 29.799802780
v 29.863541000 -36.435058500 36.149901390
v 29.863541000 -42.101722600 42.500000000
v 29.863541000 -47.768390600 42.500000000
v 29.863541000 -53.435058500 37.500000000
v 29.863541000 -53.435058500 32.500000000
v 34.677185000 -53.435058500 42.500000000
v 39.490829000 -53.435058500 42.500000000
v 44.304474000 -53.435058500 42.500000000
v 49.118118000 -53.435058500 42.500000000
v 53.931778000 -53.435058500 42.500000000
v 58.745422000 -53.435058500 42.500000000
v 63.559067000 -53.435058500 42.500000000
v 68.372711000 -53.435058500 42.500000000
v 73.186356000 -53.435058500 42.500000000
v 78.000000000 -53.435058500 37.500000000
v 78.000000000 -53.435058500 32.500000000
v -78.000000000 -53.435058500 32.500000000
v -78.000000000 -53.435058500 37.500000000
v -73.087417600 -53.435058500 42.500000000
v -68.174842800 -53.435058500 42.500000000
v -63.262260400 -53.435058500 42.500000000
v -58.349678000 -53.435058500 42.500000000
v -53.437103300 -53.435058500 42.500000000
v -48.524520900 -53.435058500 42.500000000
v -43.611938000 -53.435058500 42.500000000
v -38.699356000 -53.435058500 42.500000000
v -33.786781000 -53.435058500 42.500000000
v -28.874199000 -53.435058500 42.500000000
v -23.961617000 -53.435058500 42.500000000
v -19.049042000 -53.435058500 42.500000000
v -78.000000000 -101.616876510 42.500000000
v -78.000000000 -96.798694520 42.500000000
v -78.000000000 -91.980513500 42.500000000
v -78.000000000 -87.162330500 42.500000000
v -78.000000000 -82.344148500 42.500000000
v -78.000000000 -77.525968500 42.500000000
v -78.000000000 -72.707786500 42.500000000
v -78.000000000 -67.889602600 42.500000000
v -78.000000000 -63.071422500 42.500000000
v -78.000000000 -58.253238600 42.500000000
v -78.000000000 -106.435058500 32.500000000
v -78.000000000 -106.435058500 37.500000000
v 78.000000000 -58.253238600 42.500000000
v 78.000000000 -63.071422500 42.500000000
v 78.000000000 -67.889602600 42.500000000
v 78.000000000 -72.707786500 42.500000000
v 78.000000000 -77.525968500 42.500000000
v 78.000000000 -82.344148500 42.500000000
v 78.000000000 -87.162330500 42.500000000
v 78.000000000 -91.980513500 42.500000000
v 78.000000000 -96.798694520 42.500000000
v 78.000000000 -101.616876510 42.500000000
v 78.000000000 -106.435058500 37.500000000
v 78.000000000 -106.435058500 32.500000000
v 73.125000000 -106.435058500 42.500000000
v 68.250000000 -106.435058500 42.500000000
v 63.375000000 -106.435058500 42.500000000
v 58.500000000 -106.435058500 42.500000000
v 53.625000000 -106.435058500 42.500000000
v 48.750000000 -106.435058500 42.500000000
v 43.875000000 -106.435058500 42.500000000
v 39.000000000 -106.435058500 42.500000000
v 34.125000000 -106.435058500 42.500000000
v 29.250000000 -106.435058500 42.500000000
v 24.375000000 -106.435058500 42.500000000
v 19.500000000 -106.435058500 42.500000000
v 14.625000000 -106.435058500 42.500000000
v 9.750000000 -106.435058500 42.500000000
v 4.875000000 -106.435058500 42.500000000
v 0.000000000 -106.435058500 42.500000000
v -4.875000000 -106.435058500 42.500000000
v -9.750000000 -106.435058500 42.500000000
v -14.625000000 -106.435058500 42.500000000
v -19.500000000 -106.435058500 42.500000000
v -24.375000000 -106.435058500 42.500000000
v -29.250000000 -106.435058500 42.500000000
v -34.125000000 -106.435058500 42.500000000
v -39.000000000 -106.435058500 42.500000000
v -43.875000000 -106.435058500 42.500000000
v -48.750000000 -106.435058500 42.500000000
v -53.625000000 -106.435058500 42.500000000
v -58.500000000 -106.435058500 42.500000000
v -63.375000000 -106.435058500 42.500000000
v -68.250000000 -106.435058500 42.500000000
v -73.125000000 -106.435058500 42.500000000
v -19.049042000 -36.435058500 42.500000000
v -23.961617000 -36.435058500 42.500000000
v -28.874199000 -36.435058500 42.500000000
v -33.786781000 -36.435058500 42.500000000
v -38.699356000 -36.435058500 42.500000000
v -43.611938000 -36.435058500 42.500000000
v -48.524520900 -36.435058500 42.500000000
v -53.437103300 -36.435058500 42.500000000
v -58.349678000 -36.435058500 42.500000000
v -63.262260400 -36.435058500 42.500000000
v -68.174842800 -36.435058500 42.500000000
v -73.087417600 -36.435058500 42.500000000
v 73.186356000 -36.435058500 42.500000000
v 68.372711000 -36.435058500 42.500000000
v 63.559067000 -36.435058500 42.500000000
v 58.745422000 -36.435058500 42.500000000
v 53.931778000 -36.435058500 42.500000000
v 49.118118000 -36.435058500 42.500000000
v 44.304474000 -36.435058500 42.500000000
v 39.490829000 -36.435058500 42.500000000
v 34.677185000 -36.435058500 42.500000000
v 78.000000000 -31.508499100 -37.500000000
v 78.000000000 -26.581947200 -37.500000000
v 78.000000000 -21.655387800 -37.500000000
v 78.000000000 -16.728836000 -37.500000000
v 78.000000000 -11.802276500 -37.500000000
v 78.000000000 -6.875724700 -37.500000000
v 78.000000000 -1.949165500 -37.500000000
v 78.000000000 2.977386500 -37.500000000
v 78.000000000 7.903946500 -37.500000000
v 78.000000000 12.830497500 -37.500000000
v 78.000000000 17.757057500 -37.500000000
v 78.000000000 22.683609500 -37.500000000
v 78.000000000 27.610168500 -37.500000000
v 78.000000000 32.536727500 -37.500000000
v 78.000000000 37.463287500 -37.500000000
v 78.000000000 42.389831500 -37.500000000
v 78.000000000 47.316391500 -37.500000000
v 78.000000000 52.242950500 -37.500000000
v 78.000000000 57.169509500 -37.500000000
v 78.000000000 62.096054500 -37.500000000
v 78.000000000 67.022613500 -37.500000000
v 78.000000000 71.949173500 -37.500000000
v 78.000000000 76.875732500 -37.500000000
v 78.000000000 81.802276500 -37.500000000
v 78.000000000 86.728836500 -37.500000000
v 78.000000000 91.655395500 -37.500000000
v 78.000000000 96.581955500 -37.500000000
v 78.000000000 101.508499500 -37.500000000
v 78.000000000 -31.508499100 -32.500000000
v 78.000000000 -26.581947200 -32.500000000
v 78.000000000 -21.655387800 -32.500000000
v 78.000000000 -16.728836000 -32.500000000
v 78.000000000 -11.802276500 -32.500000000
v 78.000000000 -6.875724700 -32.500000000
v 78.000000000 -1.949165500 -32.500000000
v 78.000000000 2.977386500 -32.500000000
v 78.000000000 7.903946500 -32.500000000
v 78.000000000 12.830497500 -32.500000000
v 78.000000000 17.757057500 -32.500000000
v 78.000000000 22.683609500 -32.500000000
v 78.000000000 27.610168500 -32.500000000
v 78.000000000 32.536727500 -32.500000000
v 78.000000000 37.463287500 -32.500000000
v 78.000000000 42.389831500 -32.500000000
v 78.000000000 47.316391500 -32.500000000
v 78.000000000 52.242950500 -32.500000000
v 78.000000000 57.169509500 -32.500000000
v 78.000000000 62.096054500 -32.500000000
v 78.000000000 67.022613500 -32.500000000
v 78.000000000 71.949173500 -32.500000000
v 78.000000000 76.875732500 -32.500000000
v 78.000000000 81.802276500 -32.500000000
v 78.000000000 86.728836500 -32.500000000
v 78.000000000 91.655395500 -32.500000000
v 78.000000000 96.581955500 -32.500000000
v 78.000000000 101.508499500 -32.500000000
v 78.000000000 -31.508499100 -27.500000000
v 78.000000000 -26.581947200 -27.500000000
v 78.000000000 -21.655387800 -27.500000000
v 78.000000000 -16.728836000 -27.500000000
v 78.000000000 -11.802276500 -27.500000000
v 78.000000000 -6.875724700 -27.500000000
v 78.000000000 -1.949165500 -27.500000000
v 78.000000000 2.977386500 -27.500000000
v 78.000000000 7.903946500 -27.500000000
v 78.000000000 12.830497500 -27.500000000
v 78.000000000 17.757057500 -27.500000000
v 78.000000000 22.683609500 -27.500000000
v 78.000000000 27.610168500 -27.500000000
v 78.000000000 32.536727500 -27.500000000
v 78.000000000 37.463287500 -27.500000000
v 78.000000000 42.389831500 -27.500000000
v 78.000000000 47.316391500 -27.500000000
v 78.000000000 52.242950500 -27.500000000
v 78.000000000 57.169509500 -27.500000000
v 78.000000000 62.096054500 -27.500000000
v 78.000000000 67.022613500 -27.500000000
v 78.000000000 71.949173500 -27.500000000
v 78.000000000 76.875732500 -27.500000000
v 78.000000000 81.802276500 -27.500000000
v 78.000000000 86.728836500 -27.500000000
v 78.000000000 91.655395500 -27.500000000
v 78.000000000 96.581955500 -27.500000000
v 78.000000000 101.508499500 -27.500000000
v 78.000000000 -31.508499100 -22.500000000
v 78.000000000 -26.581947200 -22.500000000
v 78.000000000 -21.655387800 -22.500000000
v 78.000000000 -16.728836000 -22.500000000
v 78.000000000 -11.802276500 -22.500000000
v 78.000000000 -6.875724700 -22.500000000
v 78.000000000 -1.949165500 -22.500000000
v 78.000000000 2.977386500 -22.500000000
v 78.000000000 7.903946500 -22.500000000
v 78.000000000 12.830497500 -22.500000000
v 78.000000000 17.757057500 -22.500000000
v 78.000000000 22.683609500 -22.500000000
v 78.000000000 27.610168500 -22.500000000
v 78.000000000 32.536727500 -22.500000000
v 78.000000000 37.463287500 -22.500000000
v 78.000000000 42.389831500 -22.500000000
v 78.000000000 47.316391500 -22.500000000
v 78.000000000 52.242950500 -22.500000000
v 78.000000000 57.169509500 -22.500000000
v 78.000000000 62.096054500 -22.500000000
v 78.000000000 67.022613500 -22.500000000
v 78.000000000 71.949173500 -22.500000000
v 78.000000000 76.875732500 -22.500000000
v 78.000000000 81.802276500 -22.500000000
v 78.000000000 86.728836500 -22.500000000
v 78.000000000 91.655395500 -22.500000000
v 78.000000000 96.581955500 -22.500000000
v 78.000000000 101.508499500 -22.500000000
v 78.000000000 -31.508499100 -17.500000000
v 78.000000000 -26.581947200 -17.500000000
v 78.000000000 -21.655387800 -17.500000000
v 78.000000000 -16.728836000 -17.500000000
v 78.000000000 -11.802276500 -17.500000000
v 78.000000000 -6.875724700 -17.500000000
v 78.000000000 -1.949165500 -17.500000000
v 78.000000000 2.977386500 -17.500000000
v 78.000000000 7.903946500 -17.500000000
v 78.000000000 12.830497500 -17.500000000
v 78.000000000 17.757057500 -17.500000000
v 78.000000000 22.683609500 -17.500000000
v 78.000000000 27.610168500 -17.500000000
v 78.000000000 32.536727500 -17.500000000
v 78.000000000 37.463287500 -17.500000000
v 78.000000000 42.389831500 -17.500000000
v 78.000000000 47.316391500 -17.500000000
v 78.000000000 52.242950500 -17.500000000
v 78.000000000 57.169509500 -17.500000000
v 78.000000000 62.096054500 -17.500000000
v 78.000000000 67.022613500 -17.500000000
v 78.000000000 71.949173500 -17.500000000
v 78.000000000 76.875732500 -17.500000000
v 78.000000000 81.802276500 -17.500000000
v 78.000000000 86.728836500 -17.500000000
v 78.000000000 91.655395500 -17.500000000
v 78.000000000 96.581955500 -17.500000000
v 78.000000000 101.508499500 -17.500000000
v 78.000000000 -31.508499100 -12.500000000
v 78.000000000 -26.581947200 -12.500000000
v 78.000000000 -21.655387800 -12.500000000
v 78.000000000 -16.728836000 -12.500000000
v 78.000000000 -11.802276500 -12.500000000
v 78.000000000 -6.875724700 -12.500000000
v 78.000000000 -1.949165500 -12.500000000
v 78.000000000 2.977386500 -12.500000000
v 78.000000000 7.903946500 -12.500000000
v 78.000000000 12.830497500 -12.500000000
v 78.000000000 17.757057500 -12.500000000
v 78.000000000 22.683609500 -12.500000000
v 78.000000000 27.610168500 -12.500000000
v 78.000000000 32.536727500 -12.500000000
v 78.000000000 37.463287500 -12.500000000
v 78.000000000 42.389831500 -12.500000000
v 78.000000000 47.316391500 -12.500000000
v 78.000000000 52.242950500 -12.500000000
v 78.000000000 57.169509500 -12.500000000
v 78.000000000 62.096054500 -12.500000000
v 78.000000000 67.022613500 -12.500000000
v 78.000000000 71.949173500 -12.500000000
v 78.000000000 76.875732500 -12.500000000
v 78.000000000 81.802276500 -12.500000000
v 78.000000000 86.728836500 -12.500000000
v 78.000000000 91.655395500 -12.500000000
v 78.000000000 96.581955500 -12.500000000
v 78.000000000 101.508499500 -12.500000000
v 78.000000000 -31.508499100 -7.500000000
v 78.000000000 -26.581947200 -7.500000000
v 78.000000000 -21.655387800 -7.500000000
v 78.000000000 -16.728836000 -7.500000000
v 78.000000000 -11.802276500 -7.500000000
v 78.000000000 -6.875724700 -7.500000000
v 78.000000000 -1.949165500 -7.500000000
v 78.000000000 2.977386500 -7.500000000
v 78.000000000 7.903946500 -7.500000000
v 78.000000000 12.830497500 -7.500000000
v 78.000000000 17.757057500 -7.500000000
v 78.000000000 22.683609500 -7.500000000
v 78.000000000 27.610168500 -7.500000000
v 78.000000000 32.536727500 -7.500000000
v 78.000000000 37.463287500 -7.500000000
v 78.000000000 42.389831500 -7.500000000
v 78.000000000 47.316391500 -7.500000000
v 78.000000000 52.242950500 -7.500000000
v 78.000000000 57.169509500 -7.500000000
v 78.000000000 62.096054500 -7.500000000
v 78.000000000 67.022613500 -7.500000000
v 78.000000000 71.949173500 -7.500000000
v 78.000000000 76.875732500 -7.500000000
v 78.000000000 81.802276500 -7.500000000
v 78.000000000 86.728836500 -7.500000000
v 78.000000000 91.655395500 -7.500000000
v 78.000000000 96.581955500 -7.500000000
v 78.000000000 101.508499500 -7.500000000
v 78.000000000 -31.508499100 -2.500000000
v 78.000000000 -26.581947200 -2.500000000
v 78.000000000 -21.655387800 -2.500000000
v 78.000000000 -16.728836000 -2.500000000
v 78.000000000 -11.802276500 -2.500000000
v 78.000000000 -6.875724700 -2.500000000
v 78.000000000 -1.949165500 -2.500000000
v 78.000000000 2.977386500 -2.500000000
v 78.000000000 7.903946500 -2.500000000
v 78.000000000 12.830497500 -2.500000000
v 78.000000000 17.757057500 -2.500000000
v 78.000000000 22.683609500 -2.500000000
v 78.000000000 27.610168500 -2.500000000
v 78.000000000 32.536727500 -2.500000000
v 78.000000000 37.463287500 -2.500000000
v 78.000000000 42.389831500 -2.500000000
v 78.000000000 47.316391500 -2.500000000
v 78.000000000 52.242950500 -2.500000000
v 78.000000000 57.169509500 -2.500000000
v 78.000000000 62.096054500 -2.500000000
v 78.000000000 67.022613500 -2.500000000
v 78.000000000 71.949173500 -2.500000000
v 78.000000000 76.875732500 -2.500000000
v 78.000000000 81.802276500 -2.500000000
v 78.000000000 86.728836500 -2.500000000
v 78.000000000 91.655395500 -2.500000000
v 78.000000000 96.581955500 -2.500000000
v 78.000000000 101.508499500 -2.500000000
v 78.000000000 -31.508499100 2.500000000
v 78.000000000 -26.581947200 2.500000000
v 78.000000000 -21.655387800 2.500000000
v 78.000000000 -16.728836000 2.500000000
v 78.000000000 -11.802276500 2.500000000
v 78.000000000 -6.875724700 2.500000000
v 78.000000000 -1.949165500 2.500000000
v 78.000000000 2.977386500 2.500000000
v 78.000000000 7.903946500 2.500000000
v 78.000000000 12.830497500 2.500000000
v 78.000000000 17.757057500 2.500000000
v 78.000000000 22.683609500 2.500000000
v 78.000000000 27.610168500 2.500000000
v 78.000000000 32.536727500 2.500000000
v 78.000000000 37.463287500 2.500000000
v 78.000000000 42.389831500 2.500000000
v 78.000000000 47.316391500 2.500000000
v 78.000000000 52.242950500 2.500000000
v 78.000000000 57.169509500 2.500000000
v 78.000000000 62.096054500 2.500000000
v 78.000000000 67.022613500 2.500000000
v 78.000000000 71.949173500 2.500000000
v 78.000000000 76.875732500 2.500000000
v 78.000000000 81.802276500 2.500000000
v 78.000000000 86.728836500 2.500000000
v 78.000000000 91.655395500 2.500000000
v 78.000000000 96.581955500 2.500000000
v 78.000000000 101.508499500 2.500000000
v 78.000000000 -31.508499100 7.500000000
v 78.000000000 -26.581947200 7.500000000
v 78.000000000 -21.655387800 7.500000000
v 78.000000000 -16.728836000 7.500000000
v 78.000000000 -11.802276500 7.500000000
v 78.000000000 -6.875724700 7.500000000
v 78.000000000 -1.949165500 7.500000000
v 78.000000000 2.977386500 7.500000000
v 78.000000000 7.903946500 7.500000000
v 78.000000000 12.830497500 7.500000000
v 78.000000000 17.757057500 7.500000000
v 78.000000000 22.683609500 7.500000000
v 78.000000000 27.610168500 7.500000000
v 78.000000000 32.536727500 7.500000000
v 78.000000000 37.463287500 7.500000000
v 78.000000000 42.389831500 7.500000000
v 78.000000000 47.316391500 7.500000000
v 78.000000000 52.242950500 7.500000000
v 78.000000000 57.169509500 7.500000000
v 78.000000000 62.096054500 7.500000000
v 78.000000000 67.022613500 7.500000000
v 78.000000000 71.949173500 7.500000000
v 78.000000000 76.875732500 7.500000000
v 78.000000000 81.802276500 7.500000000
v 78.000000000 86.728836500 7.500000000
v 78.000000000 91.655395500 7.500000000
v 78.000000000 96.581955500 7.500000000
v 78.000000000 101.508499500 7.500000000
v 78.000000000 -31.508499100 12.500000000
v 78.000000000 -26.581947200 12.500000000
v 78.000000000 -21.655387800 12.500000000
v 78.000000000 -16.728836000 12.500000000
v 78.000000000 -11.802276500 12.500000000
v 78.000000000 -6.875724700 12.500000000
v 78.000000000 -1.949165500 12.500000000
v 78.000000000 2.977386500 12.500000000
v 78.000000000 7.903946500 12.500000000
v 78.000000000 12.830497500 12.500000000
v 78.000000000 17.757057500 12.500000000
v 78.000000000 22.683609500 12.500000000
v 78.000000000 27.610168500 12.500000000
v 78.000000000 32.536727500 12.500000000
v 78.000000000 37.463287500 12.500000000
v 78.000000000 42.389831500 12.500000000
v 78.000000000 47.316391500 12.500000000
v 78.000000000 52.242950500 12.500000000
v 78.000000000 57.169509500 12.500000000
v 78.000000000 62.096054500 12.500000000
v 78.000000000 67.022613500 12.500000000
v 78.000000000 71.949173500 12.500000000
v 78.000000000 76.875732500 12.500000000
v 78.000000000 81.802276500 12.500000000
v 78.000000000 86.728836500 12.500000000
v 78.000000000 91.655395500 12.500000000
v 78.000000000 96.581955500 12.500000000
v 78.000000000 101.508499500 12.500000000
v 78.000000000 -31.508499100 17.500000000
v 78.000000000 -26.581947200 17.500000000
v 78.000000000 -21.655387800 17.500000000
v 78.000000000 -16.728836000 17.500000000
v 78.000000000 -11.802276500 17.500000000
v 78.000000000 -6.875724700 17.500000000
v 78.000000000 -1.949165500 17.500000000
v 78.000000000 2.977386500 17.500000000
v 78.000000000 7.903946500 17.500000000
v 78.000000000 12.830497500 17.500000000
v 78.000000000 17.757057500 17.500000000
v 78.000000000 22.683609500 17.500000000
v 78.000000000 27.610168500 17.500000000
v 78.000000000 32.536727500 17.500000000
v 78.000000000 37.463287500 17.500000000
v 78.000000000 42.389831500 17.500000000
v 78.000000000 47.316391500 17.500000000
v 78.000000000 52.242950500 17.500000000
v 78.000000000 57.169509500 17.500000000
v 78.000000000 62.096054500 17.500000000
v 78.000000000 67.022613500 17.500000000
v 78.000000000 71.949173500 17.500000000
v 78.000000000 76.875732500 17.500000000
v 78.000000000 81.802276500 17.500000000
v 78.000000000 86.728836500 17.500000000
v 78.000000000 91.655395500 17.500000000
v 78.000000000 96.581955500 17.500000000
v 78.000000000 101.508499500 17.500000000
v 78.000000000 -31.508499100 22.500000000
v 78.000000000 -26.581947200 22.500000000
v 78.000000000 -21.655387800 22.500000000
v 78.000000000 -16.728836000 22.500000000
v 78.000000000 -11.802276500 22.500000000
v 78.000000000 -6.875724700 22.500000000
v 78.000000000 -1.949165500 22.500000000
v 78.000000000 2.977386500 22.500000000
v 78.000000000 7.903946500 22.500000000
v 78.000000000 12.830497500 22.500000000
v 78.000000000 17.757057500 22.500000000
v 78.000000000 22.683609500 22.500000000
v 78.000000000 27.610168500 22.500000000
v 78.000000000 32.536727500 22.500000000
v 78.000000000 37.463287500 22.500000000
v 78.000000000 42.389831500 22.500000000
v 78.000000000 47.316391500 22.500000000
v 78.000000000 52.242950500 22.500000000
v 78.000000000 57.169509500 22.500000000
v 78.000000000 62.096054500 22.500000000
v 78.000000000 67.022613500 22.500000000
v 78.000000000 71.949173500 22.500000000
v 78.000000000 76.875732500 22.500000000
v 78.000000000 81.802276500 22.500000000
v 78.000000000 86.728836500 22.500000000
v 78.000000000 91.655395500 22.500000000
v 78.000000000 96.581955500 22.500000000
v 78.000000000 101.508499500 22.500000000
v 78.000000000 -31.508499100 27.500000000
v 78.000000000 -26.581947200 27.500000000
v 78.000000000 -21.655387800 27.500000000
v 78.000000000 -16.728836000 27.500000000
v 78.000000000 -11.802276500 27.500000000
v 78.000000000 -6.875724700 27.500000000
v 78.000000000 -1.949165500 27.500000000
v 78.000000000 2.977386500 27.500000000
v 78.000000000 7.903946500 27.500000000
v 78.000000000 12.830497500 27.500000000
v 78.000000000 17.757057500 27.500000000
v 78.000000000 22.683609500 27.500000000
v 78.000000000 27.610168500 27.500000000
v 78.000000000 32.536727500 27.500000000
v 78.000000000 37.463287500 27.500000000
v 78.000000000 42.389831500 27.500000000
v 78.000000000 47.316391500 27.500000000
v 78.000000000 52.242950500 27.500000000
v 78.000000000 57.169509500 27.500000000
v 78.000000000 62.096054500 27.500000000
v 78.000000000 67.022613500 27.500000000
v 78.000000000 71.949173500 27.500000000
v 78.000000000 76.875732500 27.500000000
v 78.000000000 81.802276500 27.500000000
v 78.000000000 86.728836500 27.500000000
v 78.000000000 91.655395500 27.500000000
v 78.000000000 96.581955500 27.500000000
v 78.000000000 101.508499500 27.500000000
v 78.000000000 -31.508499100 32.500000000
v 78.000000000 -26.581947200 32.500000000
v 78.000000000 -21.655387800 32.500000000
v 78.000000000 -16.728836000 32.500000000
v 78.000000000 -11.802276500 32.500000000
v 78.000000000 -6.875724700 32.500000000
v 78.000000000 -1.949165500 32.500000000
v 78.000000000 2.977386500 32.500000000
v 78.000000000 7.903946500 32.500000000
v 78.000000000 12.830497500 32.500000000
v 78.000000000 17.757057500 32.500000000
v 78.000000000 22.683609500 32.500000000
v 78.000000000 27.610168500 32.500000000
v 78.000000000 32.536727500 32.500000000
v 78.000000000 37.463287500 32.500000000
v 78.000000000 42.389831500 32.500000000
v 78.000000000 47.316391500 32.500000000
v 78.000000000 52.242950500 32.500000000
v 78.000000000 57.169509500 32.500000000
v 78.000000000 62.096054500 32.500000000
v 78.000000000 67.022613500 32.500000000
v 78.000000000 71.949173500 32.500000000
v 78.000000000 76.875732500 32.500000000
v 78.000000000 81.802276500 32.500000000
v 78.000000000 86.728836500 32.500000000
v 78.000000000 91.655395500 32.500000000
v 78.000000000 96.581955500 32.500000000
v 78.000000000 101.508499500 32.500000000
v 78.000000000 -31.508499100 37.500000000
v 78.000000000 -26.581947200 37.500000000
v 78.000000000 -21.655387800 37.500000000
v 78.000000000 -16.728836000 37.500000000
v 78.000000000 -11.802276500 37.500000000
v 78.000000000 -6.875724700 37.500000000
v 78.000000000 -1.949165500 37.500000000
v 78.000000000 2.977386500 37.500000000
v 78.000000000 7.903946500 37.500000000
v 78.000000000 12.830497500 37.500000000
v 78.000000000 17.757057500 37.500000000
v 78.000000000 22.683609500 37.500000000
v 78.000000000 27.610168500 37.500000000
v 78.000000000 32.536727500 37.500000000
v 78.000000000 37.463287500 37.500000000
v 78.000000000 42.389831500 37.500000000
v 78.000000000 47.316391500 37.500000000
v 78.000000000 52.242950500 37.500000000
v 78.000000000 57.169509500 37.500000000
v 78.000000000 62.096054500 37.500000000
v 78.000000000 67.022613500 37.500000000
v 78.000000000 71.949173500 37.500000000
v 78.000000000 76.875732500 37.500000000
v 78.000000000 81.802276500 37.500000000
v 78.000000000 86.728836500 37.500000000
v 78.000000000 91.655395500 37.500000000
v 78.000000000 96.581955500 37.500000000
v 78.000000000 101.508499500 37.500000000
v 72.967743000 106.435058500 -37.500000000
v 67.935486000 106.435058500 -37.500000000
v 62.903229000 106.435058500 -37.500000000
v 57.870972000 106.435058500 -37.500000000
v 52.838715000 106.435058500 -37.500000000
v 47.806458000 106.435058500 -37.500000000
v 42.774200000 106.435058500 -37.500000000
v 37.741928000 106.435058500 -37.500000000
v 32.709671000 106.435058500 -37.500000000
v 27.677414000 106.435058500 -37.500000000
v 22.645157000 106.435058500 -37.500000000
v 17.612900000 106.435058500 -37.500000000
v 12.580643000 106.435058500 -37.500000000
v 7.548386000 106.435058500 -37.500000000
v 2.516129000 106.435058500 -37.500000000
v -2.516129000 106.435058500 -37.500000000
v -7.548386000 106.435058500 -37.500000000
v -12.580643000 106.435058500 -37.500000000
v -17.612900000 106.435058500 -37.500000000
v -22.645164000 106.435058500 -37.500000000
v -27.677422000 106.435058500 -37.500000000
v -32.709679000 106.435058500 -37.500000000
v -37.741936000 106.435058500 -37.500000000
v -42.774193000 106.435058500 -37.500000000
v -47.806449900 106.435058500 -37.500000000
v -52.838707000 106.435058500 -37.500000000
v -57.870964100 106.435058500 -37.500000000
v -62.903228800 106.435058500 -37.500000000
v -67.935485800 106.435058500 -37.500000000
v -72.967742900 106.435058500 -37.500000000
v 72.967743000 106.435058500 -32.500000000
v 67.935486000 106.435058500 -32.500000000
v 62.903229000 106.435058500 -32.500000000
v 57.870972000 106.435058500 -32.500000000
v 52.838715000 106.435058500 -32.500000000
v 47.806458000 106.435058500 -32.500000000
v 42.774200000 106.435058500 -32.500000000
v 37.741928000 106.435058500 -32.500000000
v 32.709671000 106.435058500 -32.500000000
v 27.677414000 106.435058500 -32.500000000
v 22.645157000 106.435058500 -32.500000000
v 17.612900000 106.435058500 -32.500000000
v 12.580643000 106.435058500 -32.500000000
v 7.548386000 106.435058500 -32.500000000
v 2.516129000 106.435058500 -32.500000000
v -2.516129000 106.435058500 -32.500000000
v -7.548386000 106.435058500 -32.500000000
v -12.580643000 106.435058500 -32.500000000
v -17.612900000 106.435058500 -32.500000000
v -22.645164000 106.435058500 -32.500000000
v -27.677422000 106.435058500 -32.500000000
v -32.709679000 106.435058500 -32.500000000
v -37.741936000 106.435058500 -32.500000000
v -42.774193000 106.435058500 -32.500000000
v -47.806449900 106.435058500 -32.500000000
v -52.838707000 106.435058500 -32.500000000
v -57.870964100 106.435058500 -32.500000000
v -62.903228800 106.435058500 -32.500000000
v -67.935485800 106.435058500 -32.500000000
v -72.967742900 106.435058500 -32.500000000
v 72.967743000 106.435058500 -27.500000000
v 67.935486000 106.435058500 -27.500000000
v 62.903229000 106.435058500 -27.500000000
v 57.870972000 106.435058500 -27.500000000
v 52.838715000 106.435058500 -27.500000000
v 47.806458000 106.435058500 -27.500000000
v 42.774200000 106.435058500 -27.500000000
v 37.741928000 106.435058500 -27.500000000
v 32.709671000 106.435058500 -27.500000000
v 27.677414000 106.435058500 -27.500000000
v 22.645157000 106.435058500 -27.500000000
v 17.612900000 106.435058500 -27.500000000
v 12.580643000 106.435058500 -27.500000000
v 7.548386000 106.435058500 -27.500000000
v 2.516129000 106.435058500 -27.500000000
v -2.516129000 106.435058500 -27.500000000
v -7.548386000 106.435058500 -27.500000000
v -12.580643000 106.435058500 -27.500000000
v -17.612900000 106.435058500 -27.500000000
v -22.645164000 106.435058500 -27.500000000
v -27.677422000 106.435058500 -27.500000000
v -32.709679000 106.435058500 -27.500000000
v -37.741936000 106.435058500 -27.500000000
v -42.774193000 106.435058500 -27.500000000
v -47.806449900 106.435058500 -27.500000000
v -52.838707000 106.435058500 -27.500000000
v -57.870964100 106.435058500 -27.500000000
v -62.903228800 106.435058500 -27.500000000
v -67.935485800 106.435058500 -27.500000000
v -72.967742900 106.435058500 -27.500000000
v 72.967743000 106.435058500 -22.500000000
v 67.935486000 106.435058500 -22.500000000
v 62.903229000 106.435058500 -22.500000000
v 57.870972000 106.435058500 -22.500000000
v 52.838715000 106.435058500 -22.500000000
v 47.806458000 106.435058500 -22.500000000
v 42.774200000 106.435058500 -22.500000000
v 37.741928000 106.435058500 -22.500000000
v 32.709671000 106.435058500 -22.500000000
v 27.677414000 106.435058500 -22.500000000
v 22.645157000 106.435058500 -22.500000000
v 17.612900000 106.435058500 -22.500000000
v 12.580643000 106.435058500 -22.500000000
v 7.548386000 106.435058500 -22.500000000
v 2.516129000 106.435058500 -22.500000000
v -2.516129000 106.435058500 -22.500000000
v -7.548386000 106.435058500 -22.500000000
v -12.580643000 106.435058500 -22.500000000
v -17.612900000 106.435058500 -22.500000000
v -22.645164000 106.435058500 -22.500000000
v -27.677422000 106.435058500 -22.500000000
v -32.709679000 106.435058500 -22.500000000
v -37.741936000 106.435058500 -22.500000000
v -42.774193000 106.435058500 -22.500000000
v -47.806449900 106.435058500 -22.500000000
v -52.838707000 106.435058500 -22.500000000
v -57.870964100 106.435058500 -22.500000000
v -62.903228800 106.435058500 -22.500000000
v -67.935485800 106.435058500 -22.500000000
v -72.967742900 106.435058500 -22.500000000
v 72.967743000 106.435058500 -17.500000000
v 67.935486000 106.435058500 -17.500000000
v 62.903229000 106.435058500 -17.500000000
v 57.870972000 106.435058500 -17.500000000
v 52.838715000 106.435058500 -17.500000000
v 47.806458000 106.435058500 -17.500000000
v 42.774200000 106.435058500 -17.500000000
v 37.741928000 106.435058500 -17.500000000
v 32.709671000 106.435058500 -17.500000000
v 27.677414000 106.435058500 -17.500000000
v 22.645157000 106.435058500 -17.500000000
v 17.612900000 106.435058500 -17.500000000
v 12.580643000 106.435058500 -17.500000000
v 7.548386000 106.435058500 -17.500000000
v 2.516129000 106.435058500 -17.500000000
v -2.516129000 106.435058500 -17.500000000
v -7.548386000 106.435058500 -17.500000000
v -12.580643000 106.435058500 -17.500000000
v -17.612900000 106.435058500 -17.500000000
v -22.645164000 106.435058500 -17.500000000
v -27.677422000 106.435058500 -17.500000000
v -32.709679000 106.435058500 -17.500000000
v -37.741936000 106.435058500 -17.500000000
v -42.774193000 106.435058500 -17.500000000
v -47.806449900 106.435058500 -17.500000000
v -52.838707000 106.435058500 -17.500000000
v -57.870964100 106.435058500 -17.500000000
v -62.903228800 106.435058500 -17.500000000
v -67.935485800 106.435058500 -17.500000000
v -72.967742900 106.435058500 -17.500000000
v 72.967743000 106.435058500 -12.500000000
v 67.935486000 106.435058500 -12.500000000
v 62.903229000 106.435058500 -12.500000000
v 57.870972000 106.435058500 -12.500000000
v 52.838715000 106.435058500 -12.500000000
v 47.806458000 106.435058500 -12.500000000
v 42.774200000 106.435058500 -12.500000000
v 37.741928000 106.435058500 -12.500000000
v 32.709671000 106.435058500 -12.500000000
v 27.677414000 106.435058500 -12.500000000
v 22.645157000 106.435058500 -12.500000000
v 17.612900000 106.435058500 -12.500000000
v 12.580643000 106.435058500 -12.500000000
v 7.548386000 106.435058500 -12.500000000
v 2.516129000 106.435058500 -12.500000000
v -2.516129000 106.435058500 -12.500000000
v -7.548386000 106.435058500 -12.500000000
v -12.580643000 106.435058500 -12.500000000
v -17.612900000 106.435058500 -12.500000000
v -22.645164000 106.435058500 -12.500000000
v -27.677422000 106.435058500 -12.500000000
v -32.709679000 106.435058500 -12.500000000
v -37.741936000 106.435058500 -12.500000000
v -42.774193000 106.435058500 -12.500000000
v -47.806449900 106.435058500 -12.500000000
v -52.838707000 106.435058500 -12.500000000
v -57.870964100 106.435058500 -12.500000000
v -62.903228800 106.435058500 -12.500000000
v -67.935485800 106.435058500 -12.500000000
v -72.967742900 106.435058500 -12.500000000
v 72.967743000 106.435058500 -7.500000000
v 67.935486000 106.435058500 -7.500000000
v 62.903229000 106.435058500 -7.500000000
v 57.870972000 106.435058500 -7.500000000
v 52.838715000 106.435058500 -7.500000000
v 47.806458000 106.435058500 -7.500000000
v 42.774200000 106.435058500 -7.500000000
v 37.741928000 106.435058500 -7.500000000
v 32.709671000 106.435058500 -7.500000000
v 27.677414000 106.435058500 -7.500000000
v 22.645157000 106.435058500 -7.500000000
v 17.612900000 106.435058500 -7.500000000
v 12.580643000 106.435058500 -7.500000000
v 7.548386000 106.435058500 -7.500000000
v 2.516129000 106.435058500 -7.500000000
v -2.516129000 106.435058500 -7.500000000
v -7.548386000 106.435058500 -7.500000000
v -12.580643000 106.435058500 -7.500000000
v -17.612900000 106.435058500 -7.500000000
v -22.645164000 106.435058500 -7.500000000
v -27.677422000 106.435058500 -7.500000000
v -32.709679000 106.435058500 -7.500000000
v -37.741936000 106.435058500 -7.500000000
v -42.774193000 106.435058500 -7.500000000
v -47.806449900 106.435058500 -7.500000000
v -52.838707000 106.435058500 -7.500000000
v -57.870964100 106.435058500 -7.500000000
v -62.903228800 106.435058500 -7.500000000
v -67.935485800 106.435058500 -7.500000000
v -72.967742900 106.435058500 -7.500000000
v 72.967743000 106.435058500 -2.500000000
v 67.935486000 106.435058500 -2.500000000
v 62.903229000 106.435058500 -2.500000000
v 57.870972000 106.435058500 -2.500000000
v 52.838715000 106.435058500 -2.500000000
v 47.806458000 106.435058500 -2.500000000
v 42.774200000 106.435058500 -2.500000000
v 37.741928000 106.435058500 -2.500000000
v 32.709671000 106.435058500 -2.500000000
v 27.677414000 106.435058500 -2.500000000
v 22.645157000 106.435058500 -2.500000000
v 17.612900000 106.435058500 -2.500000000
v 12.580643000 106.435058500 -2.500000000
v 7.548386000 106.435058500 -2.500000000
v 2.516129000 106.435058500 -2.500000000
v -2.516129000 106.435058500 -2.500000000
v -7.548386000 106.435058500 -2.500000000
v -12.580643000 106.435058500 -2.500000000
v -17.612900000 106.435058500 -2.500000000
v -22.645164000 106.435058500 -2.500000000
v -27.677422000 106.435058500 -2.500000000
v -32.709679000 106.435058500 -2.500000000
v -37.741936000 106.435058500 -2.500000000
v -42.774193000 106.435058500 -2.500000000
v -47.806449900 106.435058500 -2.500000000
v -52.838707000 106.435058500 -2.500000000
v -57.870964100 106.435058500 -2.500000000
v -62.903228800 106.435058500 -2.500000000
v -67.935485800 106.435058500 -2.500000000
v -72.967742900 106.435058500 -2.500000000
v 72.967743000 106.435058500 2.500000000
v 67.935486000 106.435058500 2.500000000
v 62.903229000 106.435058500 2.500000000
v 57.870972000 106.435058500 2.500000000
v 52.838715000 106.435058500 2.500000000
v 47.806458000 106.435058500 2.500000000
v 42.774200000 106.435058500 2.500000000
v 37.741928000 106.435058500 2.500000000
v 32.709671000 106.435058500 2.500000000
v 27.677414000 106.435058500 2.500000000
v 22.645157000 106.435058500 2.500000000
v 17.612900000 106.435058500 2.500000000
v 12.580643000 106.435058500 2.500000000
v 7.548386000 106.435058500 2.500000000
v 2.516129000 106.435058500 2.500000000
v -2.516129000 106.435058500 2.500000000
v -7.548386000 106.435058500 2.500000000
v -12.580643000 106.435058500 2.500000000
v -17.612900000 106.435058500 2.500000000
v -22.645164000 106.435058500 2.500000000
v -27.677422000 106.435058500 2.500000000
v -32.709679000 106.435058500 2.500000000
v -37.741936000 106.435058500 2.500000000
v -42.774193000 106.435058500 2.500000000
v -47.806449900 106.435058500 2.500000000
v -52.838707000 106.435058500 2.500000000
v -57.870964100 106.435058500 2.500000000
v -62.903228800 106.435058500 2.500000000
v -67.935485800 106.435058500 2.500000000
v -72.967742900 106.435058500 2.500000000
v 72.967743000 106.435058500 7.500000000
v 67.935486000 106.435058500 7.500000000
v 62.903229000 106.435058500 7.500000000
v 57.870972000 106.435058500 7.500000000
v 52.838715000 106.435058500 7.500000000
v 47.806458000 106.435058500 7.500000000
v 42.774200000 106.435058500 7.500000000
v 37.741928000 106.435058500 7.500000000
v 32.709671000 106.435058500 7.500000000
v 27.677414000 106.435058500 7.500000000
v 22.645157000 106.435058500 7.500000000
v 17.612900000 106.435058500 7.500000000
v 12.580643000 106.435058500 7.500000000
v 7.548386000 106.435058500 7.500000000
v 2.516129000 106.435058500 7.500000000
v -2.516129000 106.435058500 7.500000000
v -7.548386000 106.435058500 7.500000000
v -12.580643000 106.435058500 7.500000000
v -17.612900000 106.435058500 7.500000000
v -22.645164000 106.435058500 7.500000000
v -27.677422000 106.435058500 7.500000000
v -32.709679000 106.435058500 7.500000000
v -37.741936000 106.435058500 7.500000000
v -42.774193000 106.435058500 7.500000000
v -47.806449900 106.435058500 7.500000000
v -52.838707000 106.435058500 7.500000000
v -57.870964100 106.435058500 7.500000000
v -62.903228800 106.435058500 7.500000000
v -67.935485800 106.435058500 7.500000000
v -72.967742900 106.435058500 7.500000000
v 72.967743000 106.435058500 12.500000000
v 67.935486000 106.435058500 12.500000000
v 62.903229000 106.435058500 12.500000000
v 57.870972000 106.435058500 12.500000000
v 52.838715000 106.435058500 12.500000000
v 47.806458000 106.435058500 12.500000000
v 42.774200000 106.435058500 12.500000000
v 37.741928000 106.435058500 12.500000000
v 32.709671000 106.435058500 12.500000000
v 27.677414000 106.435058500 12.500000000
v 22.645157000 106.435058500 12.500000000
v 17.612900000 106.435058500 12.500000000
v 12.580643000 106.435058500 12.500000000
v 7.548386000 106.435058500 12.500000000
v 2.516129000 106.435058500 12.500000000
v -2.516129000 106.435058500 12.500000000
v -7.548386000 106.435058500 12.500000000
v -12.580643000 106.435058500 12.500000000
v -17.612900000 106.435058500 12.500000000
v -22.645164000 106.435058500 12.500000000
v -27.677422000 106.435058500 12.500000000
v -32.709679000 106.435058500 12.500000000
v -37.741936000 106.435058500 12.500000000
v -42.774193000 106.435058500 12.500000000
v -47.806449900 106.435058500 12.500000000
v -52.838707000 106.435058500 12.500000000
v -57.870964100 106.435058500 12.500000000
v -62.903228800 106.435058500 12.500000000
v -67.935485800 106.435058500 12.500000000
v -72.967742900 106.435058500 12.500000000
v 72.967743000 106.435058500 17.500000000
v 67.935486000 106.435058500 17.500000000
v 62.903229000 106.435058500 17.500000000
v 57.870972000 106.435058500 17.500000000
v 52.838715000 106.435058500 17.500000000
v 47.806458000 106.435058500 17.500000000
v 42.774200000 106.435058500 17.500000000
v 37.741928000 106.435058500 17.500000000
v 32.709671000 106.435058500 17.500000000
v 27.677414000 106.435058500 17.500000000
v 22.645157000 106.435058500 17.500000000
v 17.612900000 106.435058500 17.500000000
v 12.580643000 106.435058500 17.500000000
v 7.548386000 106.435058500 17.500000000
v 2.516129000 106.435058500 17.500000000
v -2.516129000 106.435058500 17.500000000
v -7.548386000 106.435058500 17.500000000
v -12.580643000 106.435058500 17.500000000
v -17.612900000 106.435058500 17.500000000
v -22.645164000 106.435058500 17.500000000
v -27.677422000 106.435058500 17.500000000
v -32.709679000 106.435058500 17.500000000
v -37.741936000 106.435058500 17.500000000
v -42.774193000 106.435058500 17.500000000
v -47.806449900 106.435058500 17.500000000
v -52.838707000 106.435058500 17.500000000
v -57.870964100 106.435058500 17.500000000
v -62.903228800 106.435058500 17.500000000
v -67.935485800 106.435058500 17.500000000
v -72.967742900 106.435058500 17.500000000
v 72.967743000 106.435058500 22.500000000
v 67.935486000 106.435058500 22.500000000
v 62.903229000 106.435058500 22.500000000
v 57.870972000 106.435058500 22.500000000
v 52.838715000 106.435058500 22.500000000
v 47.806458000 106.435058500 22.500000000
v 42.774200000 106.435058500 22.500000000
v 37.741928000 106.435058500 22.500000000
v 32.709671000 106.435058500 22.500000000
v 27.677414000 106.435058500 22.500000000
v 22.645157000 106.435058500 22.500000000
v 17.612900000 106.435058500 22.500000000
v 12.580643000 106.435058500 22.500000000
v 7.548386000 106.435058500 22.500000000
v 2.516129000 106.435058500 22.500000000
v -2.516129000 106.435058500 22.500000000
v -7.548386000 106.435058500 22.500000000
v -12.580643000 106.435058500 22.500000000
v -17.612900000 106.435058500 22.500000000
v -22.645164000 106.435058500 22.500000000
v -27.677422000 106.435058500 22.500000000
v -32.709679000 106.435058500 22.500000000
v -37.741936000 106.435058500 22.500000000
v -42.774193000 106.435058500 22.500000000
v -47.806449900 106.435058500 22.500000000
v -52.838707000 106.435058500 22.500000000
v -57.870964100 106.435058500 22.500000000
v -62.903228800 106.435058500 22.500000000
v -67.935485800 106.435058500 22.500000000
v -72.967742900 106.435058500 22.500000000
v 72.967743000 106.435058500 27.500000000
v 67.935486000 106.435058500 27.500000000
v 62.903229000 106.435058500 27.500000000
v 57.870972000 106.435058500 27.500000000
v 52.838715000 106.435058500 27.500000000
v 47.806458000 106.435058500 27.500000000
v 42.774200000 106.435058500 27.500000000
v 37.741928000 106.435058500 27.500000000
v 32.709671000 106.435058500 27.500000000
v 27.677414000 106.435058500 27.500000000
v 22.645157000 106.435058500 27.500000000
v 17.612900000 106.435058500 27.500000000
v 12.580643000 106.435058500 27.500000000
v 7.548386000 106.435058500 27.500000000
v 2.516129000 106.435058500 27.500000000
v -2.516129000 106.435058500 27.500000000
v -7.548386000 106.435058500 27.500000000
v -12.580643000 106.435058500 27.500000000
v -17.612900000 106.435058500 27.500000000
v -22.645164000 106.435058500 27.500000000
v -27.677422000 106.435058500 27.500000000
v -32.709679000 106.435058500 27.500000000
v -37.741936000 106.435058500 27.500000000
v -42.774193000 106.435058500 27.500000000
v -47.806449900 106.435058500 27.500000000
v -52.838707000 106.435058500 27.500000000
v -57.870964100 106.435058500 27.500000000
v -62.903228800 106.435058500 27.500000000
v -67.935485800 106.435058500 27.500000000
v -72.967742900 106.435058500 27.500000000
v 72.967743000 106.435058500 32.500000000
v 67.935486000 106.435058500 32.500000000
v 62.903229000 106.435058500 32.500000000
v 57.870972000 106.435058500 32.500000000
v 52.838715000 106.435058500 32.500000000
v 47.806458000 106.435058500 32.500000000
v 42.774200000 106.435058500 32.500000000
v 37.741928000 106.435058500 32.500000000
v 32.709671000 106.435058500 32.500000000
v 27.677414000 106.435058500 32.500000000
v 22.645157000 106.435058500 32.500000000
v 17.612900000 106.435058500 32.500000000
v 12.580643000 106.435058500 32.500000000
v 7.548386000 106.435058500 32.500000000
v 2.516129000 106.435058500 32.500000000
v -2.516129000 106.435058500 32.500000000
v -7.548386000 106.435058500 32.500000000
v -12.580643000 106.435058500 32.500000000
v -17.612900000 106.435058500 32.500000000
v -22.645164000 106.435058500 32.500000000
v -27.677422000 106.435058500 32.500000000
v -32.709679000 106.435058500 32.500000000
v -37.741936000 106.435058500 32.500000000
v -42.774193000 106.435058500 32.500000000
v -47.806449900 106.435058500 32.500000000
v -52.838707000 106.435058500 32.500000000
v -57.870964100 106.435058500 32.500000000
v -62.903228800 106.435058500 32.500000000
v -67.935485800 106.435058500 32.500000000
v -72.967742900 106.435058500 32.500000000
v 72.967743000 106.435058500 37.500000000
v 67.935486000 106.435058500 37.500000000
v 62.903229000 106.435058500 37.500000000
v 57.870972000 106.435058500 37.500000000
v 52.838715000 106.435058500 37.500000000
v 47.806458000 106.435058500 37.500000000
v 42.774200000 106.435058500 37.500000000
v 37.741928000 106.435058500 37.500000000
v 32.709671000 106.435058500 37.500000000
v 27.677414000 106.435058500 37.500000000
v 22.645157000 106.435058500 37.500000000
v 17.612900000 106.435058500 37.500000000
v 12.580643000 106.435058500 37.500000000
v 7.548386000 106.435058500 37.500000000
v 2.516129000 106.435058500 37.500000000
v -2.516129000 106.435058500 37.500000000
v -7.548386000 106.435058500 37.500000000
v -12.580643000 106.435058500 37.500000000
v -17.612900000 106.435058500 37.500000000
v -22.645164000 106.435058500 37.500000000
v -27.677422000 106.435058500 37.500000000
v -32.709679000 106.435058500 37.500000000
v -37.741936000 106.435058500 37.500000000
v -42.774193000 106.435058500 37.500000000
v -47.806449900 106.435058500 37.500000000
v -52.838707000 106.435058500 37.500000000
v -57.870964100 106.435058500 37.500000000
v -62.903228800 106.435058500 37.500000000
v -67.935485800 106.435058500 37.500000000
v -72.967742900 106.435058500 37.500000000
v -78.000000000 101.508499500 -37.500000000
v -78.000000000 96.581955500 -37.500000000
v -78.000000000 91.655395500 -37.500000000
v -78.000000000 86.728836500 -37.500000000
v -78.000000000 81.802276500 -37.500000000
v -78.000000000 76.875732500 -37.500000000
v -78.000000000 71.949173500 -37.500000000
v -78.000000000 67.022613500 -37.500000000
v -78.000000000 62.096054500 -37.500000000
v -78.000000000 57.169509500 -37.500000000
v -78.000000000 52.242950500 -37.500000000
v -78.000000000 47.316391500 -37.500000000
v -78.000000000 42.389831500 -37.500000000
v -78.000000000 37.463287500 -37.500000000
v -78.000000000 32.536727500 -37.500000000
v -78.000000000 27.610168500 -37.500000000
v -78.000000000 22.683609500 -37.500000000
v -78.000000000 17.757057500 -37.500000000
v -78.000000000 12.830497500 -37.500000000
v -78.000000000 7.903946500 -37.500000000
v -78.000000000 2.977386500 -37.500000000
v -78.000000000 -1.949165500 -37.500000000
v -78.000000000 -6.875724700 -37.500000000
v -78.000000000 -11.802276500 -37.500000000
v -78.000000000 -16.728836000 -37.500000000
v -78.000000000 -21.655387800 -37.500000000
v -78.000000000 -26.581947200 -37.500000000
v -78.000000000 -31.508499100 -37.500000000
v -78.000000000 101.508499500 -32.500000000
v -78.000000000 96.581955500 -32.500000000
v -78.000000000 91.655395500 -32.500000000
v -78.000000000 86.728836500 -32.500000000
v -78.000000000 81.802276500 -32.500000000
v -78.000000000 76.875732500 -32.500000000
v -78.000000000 71.949173500 -32.500000000
v -78.000000000 67.022613500 -32.500000000
v -78.000000000 62.096054500 -32.500000000
v -78.000000000 57.169509500 -32.500000000
v -78.000000000 52.242950500 -32.500000000
v -78.000000000 47.316391500 -32.500000000
v -78.000000000 42.389831500 -32.500000000
v -78.000000000 37.463287500 -32.500000000
v -78.000000000 32.536727500 -32.500000000
v -78.000000000 27.610168500 -32.500000000
v -78.000000000 22.683609500 -32.500000000
v -78.000000000 17.757057500 -32.500000000
v -78.000000000 12.830497500 -32.500000000
v -78.000000000 7.903946500 -32.500000000
v -78.000000000 2.977386500 -32.500000000
v -78.000000000 -1.949165500 -32.500000000
v -78.000000000 -6.875724700 -32.500000000
v -78.000000000 -11.802276500 -32.500000000
v -78.000000000 -16.728836000 -32.500000000
v -78.000000000 -21.655387800 -32.500000000
v -78.000000000 -26.581947200 -32.500000000
v -78.000000000 -31.508499100 -32.500000000
v -78.000000000 101.508499500 -27.500000000
v -78.000000000 96.581955500 -27.500000000
v -78.000000000 91.655395500 -27.500000000
v -78.000000000 86.728836500 -27.500000000
v -78.000000000 81.802276500 -27.500000000
v -78.000000000 76.875732500 -27.500000000
v -78.000000000 71.949173500 -27.500000000
v -78.000000000 67.022613500 -27.500000000
v -78.000000000 62.096054500 -27.500000000
v -78.000000000 57.169509500 -27.500000000
v -78.000000000 52.242950500 -27.500000000
v -78.000000000 47.316391500 -27.500000000
v -78.000000000 42.389831500 -27.500000000
v -78.000000000 37.463287500 -27.500000000
v -78.000000000 32.536727500 -27.500000000
v -78.000000000 27.610168500 -27.500000000
v -78.000000000 22.683609500 -27.500000000
v -78.000000000 17.757057500 -27.500000000
v -78.000000000 12.830497500 -27.500000000
v -78.000000000 7.903946500 -27.500000000
v -78.000000000 2.977386500 -27.500000000
v -78.000000000 -1.949165500 -27.500000000
v -78.000000000 -6.875724700 -27.500000000
v -78.000000000 -11.802276500 -27.500000000
v -78.000000000 -16.728836000 -27.500000000
v -78.000000000 -21.655387800 -27.500000000
v -78.000000000 -26.581947200 -27.500000000
v -78.000000000 -31.508499100 -27.500000000
v -78.000000000 101.508499500 -22.500000000
v -78.000000000 96.581955500 -22.500000000
v -78.000000000 91.655395500 -22.500000000
v -78.000000000 86.728836500 -22.500000000
v -78.000000000 81.802276500 -22.500000000
v -78.000000000 76.875732500 -22.500000000
v -78.000000000 71.949173500 -22.500000000
v -78.000000000 67.022613500 -22.500000000
v -78.000000000 62.096054500 -22.500000000
v -78.000000000 57.169509500 -22.500000000
v -78.000000000 52.242950500 -22.500000000
v -78.000000000 47.316391500 -22.500000000
v -78.000000000 42.389831500 -22.500000000
v -78.000000000 37.463287500 -22.500000000
v -78.000000000 32.536727500 -22.500000000
v -78.000000000 27.610168500 -22.500000000
v -78.000000000 22.683609500 -22.500000000
v -78.000000000 17.757057500 -22.500000000
v -78.000000000 12.830497500 -22.500000000
v -78.000000000 7.903946500 -22.500000000
v -78.000000000 2.977386500 -22.500000000
v -78.000000000 -1.949165500 -22.500000000
v -78.000000000 -6.875724700 -22.500000000
v -78.000000000 -11.802276500 -22.500000000
v -78.000000000 -16.728836000 -22.500000000
v -78.000000000 -21.655387800 -22.500000000
v -78.000000000 -26.581947200 -22.500000000
v -78.000000000 -31.508499100 -22.500000000
v -78.000000000 101.508499500 -17.500000000
v -78.000000000 96.581955500 -17.500000000
v -78.000000000 91.655395500 -17.500000000
v -78.000000000 86.728836500 -17.500000000
v -78.000000000 81.802276500 -17.500000000
v -78.000000000 76.875732500 -17.500000000
v -78.000000000 71.949173500 -17.500000000
v -78.000000000 67.022613500 -17.500000000
v -78.000000000 62.096054500 -17.500000000
v -78.000000000 57.169509500 -17.500000000
v -78.000000000 52.242950500 -17.500000000
v -78.000000000 47.316391500 -17.500000000
v -78.000000000 42.389831500 -17.500000000
v -78.000000000 37.463287500 -17.500000000
v -78.000000000 32.536727500 -17.500000000
v -78.000000000 27.610168500 -17.500000000
v -78.000000000 22.683609500 -17.500000000
v -78.000000000 17.757057500 -17.500000000
v -78.000000000 12.830497500 -17.500000000
v -78.000000000 7.903946500 -17.500000000
v -78.000000000 2.977386500 -17.500000000
v -78.000000000 -1.949165500 -17.500000000
v -78.000000000 -6.875724700 -17.500000000
v -78.000000000 -11.802276500 -17.500000000
v -78.000000000 -16.728836000 -17.500000000
v -78.000000000 -21.655387800 -17.500000000
v -78.000000000 -26.581947200 -17.500000000
v -78.000000000 -31.508499100 -17.500000000
v -78.000000000 101.508499500 -12.500000000
v -78.000000000 96.581955500 -12.500000000
v -78.000000000 91.655395500 -12.500000000
v -78.000000000 86.728836500 -12.500000000
v -78.000000000 81.802276500 -12.500000000
v -78.000000000 76.875732500 -12.500000000
v -78.000000000 71.949173500 -12.500000000
v -78.000000000 67.022613500 -12.500000000
v -78.000000000 62.096054500 -12.500000000
v -78.000000000 57.169509500 -12.500000000
v -78.000000000 52.242950500 -12.500000000
v -78.000000000 47.316391500 -12.500000000
v -78.000000000 42.389831500 -12.500000000
v -78.000000000 37.463287500 -12.500000000
v -78.000000000 32.536727500 -12.500000000
v -78.000000000 27.610168500 -12.500000000
v -78.000000000 22.683609500 -12.500000000
v -78.000000000 17.757057500 -12.500000000
v -78.000000000 12.830497500 -12.500000000
v -78.000000000 7.903946500 -12.500000000
v -78.000000000 2.977386500 -12.500000000
v -78.000000000 -1.949165500 -12.500000000
v -78.000000000 -6.875724700 -12.500000000
v -78.000000000 -11.802276500 -12.500000000
v -78.000000000 -16.728836000 -12.500000000
v -78.000000000 -21.655387800 -12.500000000
v -78.000000000 -26.581947200 -12.500000000
v -78.000000000 -31.508499100 -12.500000000
v -78.000000000 101.508499500 -7.500000000
v -78.000000000 96.581955500 -7.500000000
v -78.000000000 91.655395500 -7.500000000
v -78.000000000 86.728836500 -7.500000000
v -78.000000000 81.802276500 -7.500000000
v -78.000000000 76.875732500 -7.500000000
v -78.000000000 71.949173500 -7.500000000
v -78.000000000 67.022613500 -7.500000000
v -78.000000000 62.096054500 -7.500000000
v -78.000000000 57.169509500 -7.500000000
v -78.000000000 52.242950500 -7.500000000
v -78.000000000 47.316391500 -7.500000000
v -78.000000000 42.389831500 -7.500000000
v -78.000000000 37.463287500 -7.500000000
v -78.000000000 32.536727500 -7.500000000
v -78.000000000 27.610168500 -7.500000000
v -78.000000000 22.683609500 -7.500000000
v -78.000000000 17.757057500 -7.500000000
v -78.000000000 12.830497500 -7.500000000
v -78.000000000 7.903946500 -7.500000000
v -78.000000000 2.977386500 -7.500000000
v -78.000000000 -1.949165500 -7.500000000
v -78.000000000 -6.875724700 -7.500000000
v -78.000000000 -11.802276500 -7.500000000
v -78.000000000 -16.728836000 -7.500000000
v -78.000000000 -21.655387800 -7.500000000
v -78.000000000 -26.581947200 -7.500000000
v -78.000000000 -31.508499100 -7.500000000
v -78.000000000 101.508499500 -2.500000000
v -78.000000000 96.581955500 -2.500000000
v -78.000000000 91.655395500 -2.500000000
v -78.000000000 86.728836500 -2.500000000
v -78.000000000 81.802276500 -2.500000000
v -78.000000000 76.875732500 -2.500000000
v -78.000000000 71.949173500 -2.500000000
v -78.000000000 67.022613500 -2.500000000
v -78.000000000 62.096054500 -2.500000000
v -78.000000000 57.169509500 -2.500000000
v -78.000000000 52.242950500 -2.500000000
v -78.000000000 47.316391500 -2.500000000
v -78.000000000 42.389831500 -2.500000000
v -78.000000000 37.463287500 -2.500000000
v -78.000000000 32.536727500 -2.500000000
v -78.000000000 27.610168500 -2.500000000
v -78.000000000 22.683609500 -2.500000000
v -78.000000000 17.757057500 -2.500000000
v -78.000000000 12.830497500 -2.500000000
v -78.000000000 7.903946500 -2.500000000
v -78.000000000 2.977386500 -2.500000000
v -78.000000000 -1.949165500 -2.500000000
v -78.000000000 -6.875724700 -2.500000000
v -78.000000000 -11.802276500 -2.500000000
v -78.000000000 -16.728836000 -2.500000000
v -78.000000000 -21.655387800 -2.500000000
v -78.000000000 -26.581947200 -2.500000000
v -78.000000000 -31.508499100 -2.500000000
v -78.000000000 101.508499500 2.500000000
v -78.000000000 96.581955500 2.500000000
v -78.000000000 91.655395500 2.500000000
v -78.000000000 86.728836500 2.500000000
v -78.000000000 81.802276500 2.500000000
v -78.000000000 76.875732500 2.500000000
v -78.000000000 71.949173500 2.500000000
v -78.000000000 67.022613500 2.500000000
v -78.000000000 62.096054500 2.500000000
v -78.000000000 57.169509500 2.500000000
v -78.000000000 52.242950500 2.500000000
v -78.000000000 47.316391500 2.500000000
v -78.000000000 42.389831500 2.500000000
v -78.000000000 37.463287500 2.500000000
v -78.000000000 32.536727500 2.500000000
v -78.000000000 27.610168500 2.500000000
v -78.000000000 22.683609500 2.500000000
v -78.000000000 17.757057500 2.500000000
v -78.000000000 12.830497500 2.500000000
v -78.000000000 7.903946500 2.500000000
v -78.000000000 2.977386500 2.500000000
v -78.000000000 -1.949165500 2.500000000
v -78.000000000 -6.875724700 2.500000000
v -78.000000000 -11.802276500 2.500000000
v -78.000000000 -16.728836000 2.500000000
v -78.000000000 -21.655387800 2.500000000
v -78.000000000 -26.581947200 2.500000000
v -78.000000000 -31.508499100 2.500000000
v -78.000000000 101.508499500 7.500000000
v -78.000000000 96.581955500 7.500000000
v -78.000000000 91.655395500 7.500000000
v -78.000000000 86.728836500 7.500000000
v -78.000000000 81.802276500 7.500000000
v -78.000000000 76.875732500 7.500000000
v -78.000000000 71.949173500 7.500000000
v -78.000000000 67.022613500 7.500000000
v -78.000000000 62.096054500 7.500000000
v -78.000000000 57.169509500 7.500000000
v -78.000000000 52.242950500 7.500000000
v -78.000000000 47.316391500 7.500000000
v -78.000000000 42.389831500 7.500000000
v -78.000000000 37.463287500 7.500000000
v -78.000000000 32.536727500 7.500000000
v -78.000000000 27.610168500 7.500000000
v -78.000000000 22.683609500 7.500000000
v -78.000000000 17.757057500 7.500000000
v -78.000000000 12.830497500 7.500000000
v -78.000000000 7.903946500 7.500000000
v -78.000000000 2.977386500 7.500000000
v -78.000000000 -1.949165500 7.500000000
v -78.000000000 -6.875724700 7.500000000
v -78.000000000 -11.802276500 7.500000000
v -78.000000000 -16.728836000 7.500000000
v -78.000000000 -21.655387800 7.500000000
v -78.000000000 -26.581947200 7.500000000
v -78.000000000 -31.508499100 7.500000000
v -78.000000000 101.508499500 12.500000000
v -78.000000000 96.581955500 12.500000000
v -78.000000000 91.655395500 12.500000000
v -78.000000000 86.728836500 12.500000000
v -78.000000000 81.802276500 12.500000000
v -78.000000000 76.875732500 12.500000000
v -78.000000000 71.949173500 12.500000000
v -78.000000000 67.022613500 12.500000000
v -78.000000000 62.096054500 12.500000000
v -78.000000000 57.169509500 12.500000000
v -78.000000000 52.242950500 12.500000000
v -78.000000000 47.316391500 12.500000000
v -78.000000000 42.389831500 12.500000000
v -78.000000000 37.463287500 12.500000000
v -78.000000000 32.536727500 12.500000000
v -78.000000000 27.610168500 12.500000000
v -78.000000000 22.683609500 12.500000000
v -78.000000000 17.757057500 12.500000000
v -78.000000000 12.830497500 12.500000000
v -78.000000000 7.903946500 12.500000000
v -78.000000000 2.977386500 12.500000000
v -78.000000000 -1.949165500 12.500000000
v -78.000000000 -6.875724700 12.500000000
v -78.000000000 -11.802276500 12.500000000
v -78.000000000 -16.728836000 12.500000000
v -78.000000000 -21.655387800 12.500000000
v -78.000000000 -26.581947200 12.500000000
v -78.000000000 -31.508499100 12.500000000
v -78.000000000 101.508499500 17.500000000
v -78.000000000 96.581955500 17.500000000
v -78.000000000 91.655395500 17.500000000
v -78.000000000 86.728836500 17.500000000
v -78.000000000 81.802276500 17.500000000
v -78.000000000 76.875732500 17.500000000
v -78.000000000 71.949173500 17.500000000
v -78.000000000 67.022613500 17.500000000
v -78.000000000 62.096054500 17.500000000
v -78.000000000 57.169509500 17.500000000
v -78.000000000 52.242950500 17.500000000
v -78.000000000 47.316391500 17.500000000
v -78.000000000 42.389831500 17.500000000
v -78.000000000 37.463287500 17.500000000
v -78.000000000 32.536727500 17.500000000
v -78.000000000 27.610168500 17.500000000
v -78.000000000 22.683609500 17.500000000
v -78.000000000 17.757057500 17.500000000
v -78.000000000 12.830497500 17.500000000
v -78.000000000 7.903946500 17.500000000
v -78.000000000 2.977386500 17.500000000
v -78.000000000 -1.949165500 17.500000000
v -78.000000000 -6.875724700 17.500000000
v -78.000000000 -11.802276500 17.500000000
v -78.000000000 -16.728836000 17.500000000
v -78.000000000 -21.655387800 17.500000000
v -78.000000000 -26.581947200 17.500000000
v -78.000000000 -31.508499100 17.500000000
v -78.000000000 101.508499500 22.500000000
v -78.000000000 96.581955500 22.500000000
v -78.000000000 91.655395500 22.500000000
v -78.000000000 86.728836500 22.500000000
v -78.000000000 81.802276500 22.500000000
v -78.000000000 76.875732500 22.500000000
v -78.000000000 71.949173500 22.500000000
v -78.000000000 67.022613500 22.500000000
v -78.000000000 62.096054500 22.500000000
v -78.000000000 57.169509500 22.500000000
v -78.000000000 52.242950500 22.500000000
v -78.000000000 47.316391500 22.500000000
v -78.000000000 42.389831500 22.500000000
v -78.000000000 37.463287500 22.500000000
v -78.000000000 32.536727500 22.500000000
v -78.000000000 27.610168500 22.500000000
v -78.000000000 22.683609500 22.500000000
v -78.000000000 17.757057500 22.500000000
v -78.000000000 12.830497500 22.500000000
v -78.000000000 7.903946500 22.500000000
v -78.000000000 2.977386500 22.500000000
v -78.000000000 -1.949165500 22.500000000
v -78.000000000 -6.875724700 22.500000000
v -78.000000000 -11.802276500 22.500000000
v -78.000000000 -16.728836000 22.500000000
v -78.000000000 -21.655387800 22.500000000
v -78.000000000 -26.581947200 22.500000000
v -78.000000000 -31.508499100 22.500000000
v -78.000000000 101.508499500 27.500000000
v -78.000000000 96.581955500 27.500000000
v -78.000000000 91.655395500 27.500000000
v -78.000000000 86.728836500 27.500000000
v -78.000000000 81.802276500 27.500000000
v -78.000000000 76.875732500 27.500000000
v -78.000000000 71.949173500 27.500000000
v -78.000000000 67.022613500 27.500000000
v -78.000000000 62.096054500 27.500000000
v -78.000000000 57.169509500 27.500000000
v -78.000000000 52.242950500 27.500000000
v -78.000000000 47.316391500 27.500000000
v -78.000000000 42.389831500 27.500000000
v -78.000000000 37.463287500 27.500000000
v -78.000000000 32.536727500 27.500000000
v -78.000000000 27.610168500 27.500000000
v -78.000000000 22.683609500 27.500000000
v -78.000000000 17.757057500 27.500000000
v -78.000000000 12.830497500 27.500000000
v -78.000000000 7.903946500 27.500000000
v -78.000000000 2.977386500 27.500000000
v -78.000000000 -1.949165500 27.500000000
v -78.000000000 -6.875724700 27.500000000
v -78.000000000 -11.802276500 27.500000000
v -78.000000000 -16.728836000 27.500000000
v -78.000000000 -21.655387800 27.500000000
v -78.000000000 -26.581947200 27.500000000
v -78.000000000 -31.508499100 27.500000000
v -78.000000000 101.508499500 32.500000000
v -78.000000000 96.581955500 32.500000000
v -78.000000000 91.655395500 32.500000000
v -78.000000000 86.728836500 32.500000000
v -78.000000000 81.802276500 32.500000000
v -78.000000000 76.875732500 32.500000000
v -78.000000000 71.949173500 32.500000000
v -78.000000000 67.022613500 32.500000000
v -78.000000000 62.096054500 32.500000000
v -78.000000000 57.169509500 32.500000000
v -78.000000000 52.242950500 32.500000000
v -78.000000000 47.316391500 32.500000000
v -78.000000000 42.389831500 32.500000000
v -78.000000000 37.463287500 32.500000000
v -78.000000000 32.536727500 32.500000000
v -78.000000000 27.610168500 32.500000000
v -78.000000000 22.683609500 32.500000000
v -78.000000000 17.757057500 32.500000000
v -78.000000000 12.830497500 32.500000000
v -78.000000000 7.903946500 32.500000000
v -78.000000000 2.977386500 32.500000000
v -78.000000000 -1.949165500 32.500000000
v -78.000000000 -6.875724700 32.500000000
v -78.000000000 -11.802276500 32.500000000
v -78.000000000 -16.728836000 32.500000000
v -78.000000000 -21.655387800 32.500000000
v -78.000000000 -26.581947200 32.500000000
v -78.000000000 -31.508499100 32.500000000
v -78.000000000 101.508499500 37.500000000
v -78.000000000 96.581955500 37.500000000
v -78.000000000 91.655395500 37.500000000
v -78.000000000 86.728836500 37.500000000
v -78.000000000 81.802276500 37.500000000
v -78.000000000 76.875732500 37.500000000
v -78.000000000 71.949173500 37.500000000
v -78.000000000 67.022613500 37.500000000
v -78.000000000 62.096054500 37.500000000
v -78.000000000 57.169509500 37.500000000
v -78.000000000 52.242950500 37.500000000
v -78.000000000 47.316391500 37.500000000
v -78.000000000 42.389831500 37.500000000
v -78.000000000 37.463287500 37.500000000
v -78.000000000 32.536727500 37.500000000
v -78.000000000 27.610168500 37.500000000
v -78.000000000 22.683609500 37.500000000
v -78.000000000 17.757057500 37.500000000
v -78.000000000 12.830497500 37.500000000
v -78.000000000 7.903946500 37.500000000
v -78.000000000 2.977386500 37.500000000
v -78.000000000 -1.949165500 37.500000000
v -78.000000000 -6.875724700 37.500000000
v -78.000000000 -11.802276500 37.500000000
v -78.000000000 -16.728836000 37.500000000
v -78.000000000 -21.655387800 37.500000000
v -78.000000000 -26.581947200 37.500000000
v -78.000000000 -31.508499100 37.500000000
v 72.967743000 -31.508499100 -42.500000000
v 67.935486000 -31.508499100 -42.500000000
v 62.903229000 -31.508499100 -42.500000000
v 57.870972000 -31.508499100 -42.500000000
v 52.838715000 -31.508499100 -42.500000000
v 47.806458000 -31.508499100 -42.500000000
v 42.774200000 -31.508499100 -42.500000000
v 37.741928000 -31.508499100 -42.500000000
v 32.709671000 -31.508499100 -42.500000000
v 27.677414000 -31.508499100 -42.500000000
v 22.645157000 -31.508499100 -42.500000000
v 17.612900000 -31.508499100 -42.500000000
v 12.580643000 -31.508499100 -42.500000000
v 7.548386000 -31.508499100 -42.500000000
v 2.516129000 -31.508499100 -42.500000000
v -2.516129000 -31.508499100 -42.500000000
v -7.548386000 -31.508499100 -42.500000000
v -12.580643000 -31.508499100 -42.500000000
v -17.612900000 -31.508499100 -42.500000000
v -22.645164000 -31.508499100 -42.500000000
v -27.677422000 -31.508499100 -42.500000000
v -32.709679000 -31.508499100 -42.500000000
v -37.741936000 -31.508499100 -42.500000000
v -42.774193000 -31.508499100 -42.500000000
v -47.806449900 -31.508499100 -42.500000000
v -52.838707000 -31.508499100 -42.500000000
v -57.870964100 -31.508499100 -42.500000000
v -62.903228800 -31.508499100 -42.500000000
v -67.935485800 -31.508499100 -42.500000000
v -72.967742900 -31.508499100 -42.500000000
v 72.967743000 -26.581947200 -42.500000000
v 67.935486000 -26.581947200 -42.500000000
v 62.903229000 -26.581947200 -42.500000000
v 57.870972000 -26.581947200 -42.500000000
v 52.838715000 -26.581947200 -42.500000000
v 47.806458000 -26.581947200 -42.500000000
v 42.774200000 -26.581947200 -42.500000000
v 37.741928000 -26.581947200 -42.500000000
v 32.709671000 -26.581947200 -42.500000000
v 27.677414000 -26.581947200 -42.500000000
v 22.645157000 -26.581947200 -42.500000000
v 17.612900000 -26.581947200 -42.500000000
v 12.580643000 -26.581947200 -42.500000000
v 7.548386000 -26.581947200 -42.500000000
v 2.516129000 -26.581947200 -42.500000000
v -2.516129000 -26.581947200 -42.500000000
v -7.548386000 -26.581947200 -42.500000000
v -12.580643000 -26.581947200 -42.500000000
v -17.612900000 -26.581947200 -42.500000000
v -22.645164000 -26.581947200 -42.500000000
v -27.677422000 -26.581947200 -42.500000000
v -32.709679000 -26.581947200 -42.500000000
v -37.741936000 -26.581947200 -42.500000000
v -42.774193000 -26.581947200 -42.500000000
v -47.806449900 -26.581947200 -42.500000000
v -52.838707000 -26.581947200 -42.500000000
v -57.870964100 -26.581947200 -42.500000000
v -62.903228800 -26.581947200 -42.500000000
v -67.935485800 -26.581947200 -42.500000000
v -72.967742900 -26.581947200 -42.500000000
v 72.967743000 -21.655387800 -42.500000000
v 67.935486000 -21.655387800 -42.500000000
v 62.903229000 -21.655387800 -42.500000000
v 57.870972000 -21.655387800 -42.500000000
v 52.838715000 -21.655387800 -42.500000000
v 47.806458000 -21.655387800 -42.500000000
v 42.774200000 -21.655387800 -42.500000000
v 37.741928000 -21.655387800 -42.500000000
v 32.709671000 -21.655387800 -42.500000000
v 27.677414000 -21.655387800 -42.500000000
v 22.645157000 -21.655387800 -42.500000000
v 17.612900000 -21.655387800 -42.500000000
v 12.580643000 -21.655387800 -42.500000000
v 7.548386000 -21.655387800 -42.500000000
v 2.516129000 -21.655387800 -42.500000000
v -2.516129000 -21.655387800 -42.500000000
v -7.548386000 -21.655387800 -42.500000000
v -12.580643000 -21.655387800 -42.500000000
v -17.612900000 -21.655387800 -42.500000000
v -22.645164000 -21.655387800 -42.500000000
v -27.677422000 -21.655387800 -42.500000000
v -32.709679000 -21.655387800 -42.500000000
v -37.741936000 -21.655387800 -42.500000000
v -42.774193000 -21.655387800 -42.500000000
v -47.806449900 -21.655387800 -42.500000000
v -52.838707000 -21.655387800 -42.500000000
v -57.870964100 -21.655387800 -42.500000000
v -62.903228800 -21.655387800 -42.500000000
v -67.935485800 -21.655387800 -42.500000000
v -72.967742900 -21.655387800 -42.500000000
v 72.967743000 -16.728836000 -42.500000000
v 67.935486000 -16.728836000 -42.500000000
v 62.903229000 -16.728836000 -42.500000000
v 57.870972000 -16.728836000 -42.500000000
v 52.838715000 -16.728836000 -42.500000000
v 47.806458000 -16.728836000 -42.500000000
v 42.774200000 -16.728836000 -42.500000000
v 37.741928000 -16.728836000 -42.500000000
v 32.709671000 -16.728836000 -42.500000000
v 27.677414000 -16.728836000 -42.500000000
v 22.645157000 -16.728836000 -42.500000000
v 17.612900000 -16.728836000 -42.500000000
v 12.580643000 -16.728836000 -42.500000000
v 7.548386000 -16.728836000 -42.500000000
v 2.516129000 -16.728836000 -42.500000000
v -2.516129000 -16.728836000 -42.500000000
v -7.548386000 -16.728836000 -42.500000000
v -12.580643000 -16.728836000 -42.500000000
v -17.612900000 -16.728836000 -42.500000000
v -22.645164000 -16.728836000 -42.500000000
v -27.677422000 -16.728836000 -42.500000000
v -32.709679000 -16.728836000 -42.500000000
v -37.741936000 -16.728836000 -42.500000000
v -42.774193000 -16.728836000 -42.500000000
v -47.806449900 -16.728836000 -42.500000000
v -52.838707000 -16.728836000 -42.500000000
v -57.870964100 -16.728836000 -42.500000000
v -62.903228800 -16.728836000 -42.500000000
v -67.935485800 -16.728836000 -42.500000000
v -72.967742900 -16.728836000 -42.500000000
v 72.967743000 -11.802276500 -42.500000000
v 67.935486000 -11.802276500 -42.500000000
v 62.903229000 -11.802276500 -42.500000000
v 57.870972000 -11.802276500 -42.500000000
v 52.838715000 -11.802276500 -42.500000000
v 47.806458000 -11.802276500 -42.500000000
v 42.774200000 -11.802276500 -42.500000000
v 37.741928000 -11.802276500 -42.500000000
v 32.709671000 -11.802276500 -42.500000000
v 27.677414000 -11.802276500 -42.500000000
v 22.645157000 -11.802276500 -42.500000000
v 17.612900000 -11.802276500 -42.500000000
v 12.580643000 -11.802276500 -42.500000000
v 7.548386000 -11.802276500 -42.500000000
v 2.516129000 -11.802276500 -42.500000000
v -2.516129000 -11.802276500 -42.500000000
v -7.548386000 -11.802276500 -42.500000000
v -12.580643000 -11.802276500 -42.500000000
v -17.612900000 -11.802276500 -42.500000000
v -22.645164000 -11.802276500 -42.500000000
v -27.677422000 -11.802276500 -42.500000000
v -32.709679000 -11.802276500 -42.500000000
v -37.741936000 -11.802276500 -42.500000000
v -42.774193000 -11.802276500 -42.500000000
v -47.806449900 -11.802276500 -42.500000000
v -52.838707000 -11.802276500 -42.500000000
v -57.870964100 -11.802276500 -42.500000000
v -62.903228800 -11.802276500 -42.500000000
v -67.935485800 -11.802276500 -42.500000000
v -72.967742900 -11.802276500 -42.500000000
v 72.967743000 -6.875724700 -42.500000000
v 67.935486000 -6.875724700 -42.500000000
v 62.903229000 -6.875724700 -42.500000000
v 57.870972000 -6.875724700 -42.500000000
v 52.838715000 -6.875724700 -42.500000000
v 47.806458000 -6.875724700 -42.500000000
v 42.774200000 -6.875724700 -42.500000000
v 37.741928000 -6.875724700 -42.500000000
v 32.709671000 -6.875724700 -42.500000000
v 27.677414000 -6.875724700 -42.500000000
v 22.645157000 -6.875724700 -42.500000000
v 17.612900000 -6.875724700 -42.500000000
v 12.580643000 -6.875724700 -42.500000000
v 7.548386000 -6.875724700 -42.500000000
v 2.516129000 -6.875724700 -42.500000000
v -2.516129000 -6.875724700 -42.500000000
v -7.548386000 -6.875724700 -42.500000000
v -12.580643000 -6.875724700 -42.500000000
v -17.612900000 -6.875724700 -42.500000000
v -22.645164000 -6.875724700 -42.500000000
v -27.677422000 -6.875724700 -42.500000000
v -32.709679000 -6.875724700 -42.500000000
v -37.741936000 -6.875724700 -42.500000000
v -42.774193000 -6.875724700 -42.500000000
v -47.806449900 -6.875724700 -42.500000000
v -52.838707000 -6.875724700 -42.500000000
v -57.870964100 -6.875724700 -42.500000000
v -62.903228800 -6.875724700 -42.500000000
v -67.935485800 -6.875724700 -42.500000000
v -72.967742900 -6.875724700 -42.500000000
v 72.967743000 -1.949165500 -42.500000000
v 67.935486000 -1.949165500 -42.500000000
v 62.903229000 -1.949165500 -42.500000000
v 57.870972000 -1.949165500 -42.500000000
v 52.838715000 -1.949165500 -42.500000000
v 47.806458000 -1.949165500 -42.500000000
v 42.774200000 -1.949165500 -42.500000000
v 37.741928000 -1.949165500 -42.500000000
v 32.709671000 -1.949165500 -42.500000000
v 27.677414000 -1.949165500 -42.500000000
v 22.645157000 -1.949165500 -42.500000000
v 17.612900000 -1.949165500 -42.500000000
v 12.580643000 -1.949165500 -42.500000000
v 7.548386000 -1.949165500 -42.500000000
v 2.516129000 -1.949165500 -42.500000000
v -2.516129000 -1.949165500 -42.500000000
v -7.548386000 -1.949165500 -42.500000000
v -12.580643000 -1.949165500 -42.500000000
v -17.612900000 -1.949165500 -42.500000000
v -22.645164000 -1.949165500 -42.500000000
v -27.677422000 -1.949165500 -42.500000000
v -32.709679000 -1.949165500 -42.500000000
v -37.741936000 -1.949165500 -42.500000000
v -42.774193000 -1.949165500 -42.500000000
v -47.806449900 -1.949165500 -42.500000000
v -52.838707000 -1.949165500 -42.500000000
v -57.870964100 -1.949165500 -42.500000000
v -62.903228800 -1.949165500 -42.500000000
v -67.935485800 -1.949165500 -42.500000000
v -72.967742900 -1.949165500 -42.500000000
v 72.967743000 2.977386500 -42.500000000
v 67.935486000 2.977386500 -42.500000000
v 62.903229000 2.977386500 -42.500000000
v 57.870972000 2.977386500 -42.500000000
v 52.838715000 2.977386500 -42.500000000
v 47.806458000 2.977386500 -42.500000000
v 42.774200000 2.977386500 -42.500000000
v 37.741928000 2.977386500 -42.500000000
v 32.709671000 2.977386500 -42.500000000
v 27.677414000 2.977386500 -42.500000000
v 22.645157000 2.977386500 -42.500000000
v 17.612900000 2.977386500 -42.500000000
v 12.580643000 2.977386500 -42.500000000
v 7.548386000 2.977386500 -42.500000000
v 2.516129000 2.977386500 -42.500000000
v -2.516129000 2.977386500 -42.500000000
v -7.548386000 2.977386500 -42.500000000
v -12.580643000 2.977386500 -42.500000000
v -17.612900000 2.977386500 -42.500000000
v -22.645164000 2.977386500 -42.500000000
v -27.677422000 2.977386500 -42.500000000
v -32.709679000 2.977386500 -42.500000000
v -37.741936000 2.977386500 -42.500000000
v -42.774193000 2.977386500 -42.500000000
v -47.806449900 2.977386500 -42.500000000
v -52.838707000 2.977386500 -42.500000000
v -57.870964100 2.977386500 -42.500000000
v -62.903228800 2.977386500 -42.500000000
v -67.935485800 2.977386500 -42.500000000
v -72.967742900 2.977386500 -42.500000000
v 72.967743000 7.903946500 -42.500000000
v 67.935486000 7.903946500 -42.500000000
v 62.903229000 7.903946500 -42.500000000
v 57.870972000 7.903946500 -42.500000000
v 52.838715000 7.903946500 -42.500000000
v 47.806458000 7.903946500 -42.500000000
v 42.774200000 7.903946500 -42.500000000
v 37.741928000 7.903946500 -42.500000000
v 32.709671000 7.903946500 -42.500000000
v 27.677414000 7.903946500 -42.500000000
v 22.645157000 7.903946500 -42.500000000
v 17.612900000 7.903946500 -42.500000000
v 12.580643000 7.903946500 -42.500000000
v 7.548386000 7.903946500 -42.500000000
v 2.516129000 7.903946500 -42.500000000
v -2.516129000 7.903946500 -42.500000000
v -7.548386000 7.903946500 -42.500000000
v -12.580643000 7.903946500 -42.500000000
v -17.612900000 7.903946500 -42.500000000
v -22.645164000 7.903946500 -42.500000000
v -27.677422000 7.903946500 -42.500000000
v -32.709679000 7.903946500 -42.500000000
v -37.741936000 7.903946500 -42.500000000
v -42.774193000 7.903946500 -42.500000000
v -47.806449900 7.903946500 -42.500000000
v -52.838707000 7.903946500 -42.500000000
v -57.870964100 7.903946500 -42.500000000
v -62.903228800 7.903946500 -42.500000000
v -67.935485800 7.903946500 -42.500000000
v -72.967742900 7.903946500 -42.500000000
v 72.967743000 12.830497500 -42.500000000
v 67.935486000 12.830497500 -42.500000000
v 62.903229000 12.830497500 -42.500000000
v 57.870972000 12.830497500 -42.500000000
v 52.838715000 12.830497500 -42.500000000
v 47.806458000 12.830497500 -42.500000000
v 42.774200000 12.830497500 -42.500000000
v 37.741928000 12.830497500 -42.500000000
v 32.709671000 12.830497500 -42.500000000
v 27.677414000 12.830497500 -42.500000000
v 22.645157000 12.830497500 -42.500000000
v 17.612900000 12.830497500 -42.500000000
v 12.580643000 12.830497500 -42.500000000
v 7.548386000 12.830497500 -42.500000000
v 2.516129000 12.830497500 -42.500000000
v -2.516129000 12.830497500 -42.500000000
v -7.548386000 12.830497500 -42.500000000
v -12.580643000 12.830497500 -42.500000000
v -17.612900000 12.830497500 -42.500000000
v -22.645164000 12.830497500 -42.500000000
v -27.677422000 12.830497500 -42.500000000
v -32.709679000 12.830497500 -42.500000000
v -37.741936000 12.830497500 -42.500000000
v -42.774193000 12.830497500 -42.500000000
v -47.806449900 12.830497500 -42.500000000
v -52.838707000 12.830497500 -42.500000000
v -57.870964100 12.830497500 -42.500000000
v -62.903228800 12.830497500 -42.500000000
v -67.935485800 12.830497500 -42.500000000
v -72.967742900 12.830497500 -42.500000000
v 72.967743000 17.757057500 -42.500000000
v 67.935486000 17.757057500 -42.500000000
v 62.903229000 17.757057500 -42.500000000
v 57.870972000 17.757057500 -42.500000000
v 52.838715000 17.757057500 -42.500000000
v 47.806458000 17.757057500 -42.500000000
v 42.774200000 17.757057500 -42.500000000
v 37.741928000 17.757057500 -42.500000000
v 32.709671000 17.757057500 -42.500000000
v 27.677414000 17.757057500 -42.500000000
v 22.645157000 17.757057500 -42.500000000
v 17.612900000 17.757057500 -42.500000000
v 12.580643000 17.757057500 -42.500000000
v 7.548386000 17.757057500 -42.500000000
v 2.516129000 17.757057500 -42.500000000
v -2.516129000 17.757057500 -42.500000000
v -7.548386000 17.757057500 -42.500000000
v -12.580643000 17.757057500 -42.500000000
v -17.612900000 17.757057500 -42.500000000
v -22.645164000 17.757057500 -42.500000000
v -27.677422000 17.757057500 -42.500000000
v -32.709679000 17.757057500 -42.500000000
v -37.741936000 17.757057500 -42.500000000
v -42.774193000 17.757057500 -42.500000000
v -47.806449900 17.757057500 -42.500000000
v -52.838707000 17.757057500 -42.500000000
v -57.870964100 17.757057500 -42.500000000
v -62.903228800 17.757057500 -42.500000000
v -67.935485800 17.757057500 -42.500000000
v -72.967742900 17.757057500 -42.500000000
v 72.967743000 22.683609500 -42.500000000
v 67.935486000 22.683609500 -42.500000000
v 62.903229000 22.683609500 -42.500000000
v 57.870972000 22.683609500 -42.500000000
v 52.838715000 22.683609500 -42.500000000
v 47.806458000 22.683609500 -42.500000000
v 42.774200000 22.683609500 -42.500000000
v 37.741928000 22.683609500 -42.500000000
v 32.709671000 22.683609500 -42.500000000
v 27.677414000 22.683609500 -42.500000000
v 22.645157000 22.683609500 -42.500000000
v 17.612900000 22.683609500 -42.500000000
v 12.580643000 22.683609500 -42.500000000
v 7.548386000 22.683609500 -42.500000000
v 2.516129000 22.683609500 -42.500000000
v -2.516129000 22.683609500 -42.500000000
v -7.548386000 22.683609500 -42.500000000
v -12.580643000 22.683609500 -42.500000000
v -17.612900000 22.683609500 -42.500000000
v -22.645164000 22.683609500 -42.500000000
v -27.677422000 22.683609500 -42.500000000
v -32.709679000 22.683609500 -42.500000000
v -37.741936000 22.683609500 -42.500000000
v -42.774193000 22.683609500 -42.500000000
v -47.806449900 22.683609500 -42.500000000
v -52.838707000 22.683609500 -42.500000000
v -57.870964100 22.683609500 -42.500000000
v -62.903228800 22.683609500 -42.500000000
v -67.935485800 22.683609500 -42.500000000
v -72.967742900 22.683609500 -42.500000000
v 72.967743000 27.610168500 -42.500000000
v 67.935486000 27.610168500 -42.500000000
v 62.903229000 27.610168500 -42.500000000
v 57.870972000 27.610168500 -42.500000000
v 52.838715000 27.610168500 -42.500000000
v 47.806458000 27.610168500 -42.500000000
v 42.774200000 27.610168500 -42.500000000
v 37.741928000 27.610168500 -42.500000000
v 32.709671000 27.610168500 -42.500000000
v 27.677414000 27.610168500 -42.500000000
v 22.645157000 27.610168500 -42.500000000
v 17.612900000 27.610168500 -42.500000000
v 12.580643000 27.610168500 -42.500000000
v 7.548386000 27.610168500 -42.500000000
v 2.516129000 27.610168500 -42.500000000
v -2.516129000 27.610168500 -42.500000000
v -7.548386000 27.610168500 -42.500000000
v -12.580643000 27.610168500 -42.500000000
v -17.612900000 27.610168500 -42.500000000
v -22.645164000 27.610168500 -42.500000000
v -27.677422000 27.610168500 -42.500000000
v -32.709679000 27.610168500 -42.500000000
v -37.741936000 27.610168500 -42.500000000
v -42.774193000 27.610168500 -42.500000000
v -47.806449900 27.610168500 -42.500000000
v -52.838707000 27.610168500 -42.500000000
v -57.870964100 27.610168500 -42.500000000
v -62.903228800 27.610168500 -42.500000000
v -67.935485800 27.610168500 -42.500000000
v -72.967742900 27.610168500 -42.500000000
v 72.967743000 32.536727500 -42.500000000
v 67.935486000 32.536727500 -42.500000000
v 62.903229000 32.536727500 -42.500000000
v 57.870972000 32.536727500 -42.500000000
v 52.838715000 32.536727500 -42.500000000
v 47.806458000 32.536727500 -42.500000000
v 42.774200000 32.536727500 -42.500000000
v 37.741928000 32.536727500 -42.500000000
v 32.709671000 32.536727500 -42.500000000
v 27.677414000 32.536727500 -42.500000000
v 22.645157000 32.536727500 -42.500000000
v 17.612900000 32.536727500 -42.500000000
v 12.580643000 32.536727500 -42.500000000
v 7.548386000 32.536727500 -42.500000000
v 2.516129000 32.536727500 -42.500000000
v -2.516129000 32.536727500 -42.500000000
v -7.548386000 32.536727500 -42.500000000
v -12.580643000 32.536727500 -42.500000000
v -17.612900000 32.536727500 -42.500000000
v -22.645164000 32.536727500 -42.500000000
v -27.677422000 32.536727500 -42.500000000
v -32.709679000 32.536727500 -42.500000000
v -37.741936000 32.536727500 -42.500000000
v -42.774193000 32.536727500 -42.500000000
v -47.806449900 32.536727500 -42.500000000
v -52.838707000 32.536727500 -42.500000000
v -57.870964100 32.536727500 -42.500000000
v -62.903228800 32.536727500 -42.500000000
v -67.935485800 32.536727500 -42.500000000
v -72.967742900 32.536727500 -42.500000000
v 72.967743000 37.463287500 -42.500000000
v 67.935486000 37.463287500 -42.500000000
v 62.903229000 37.463287500 -42.500000000
v 57.870972000 37.463287500 -42.500000000
v 52.838715000 37.463287500 -42.500000000
v 47.806458000 37.463287500 -42.500000000
v 42.774200000 37.463287500 -42.500000000
v 37.741928000 37.463287500 -42.500000000
v 32.709671000 37.463287500 -42.500000000
v 27.677414000 37.463287500 -42.500000000
v 22.645157000 37.463287500 -42.500000000
v 17.612900000 37.463287500 -42.500000000
v 12.580643000 37.463287500 -42.500000000
v 7.548386000 37.463287500 -42.500000000
v 2.516129000 37.463287500 -42.500000000
v -2.516129000 37.463287500 -42.500000000
v -7.548386000 37.463287500 -42.500000000
v -12.580643000 37.463287500 -42.500000000
v -17.612900000 37.463287500 -42.500000000
v -22.645164000 37.463287500 -42.500000000
v -27.677422000 37.463287500 -42.500000000
v -32.709679000 37.463287500 -42.500000000
v -37.741936000 37.463287500 -42.500000000
v -42.774193000 37.463287500 -42.500000000
v -47.806449900 37.463287500 -42.500000000
v -52.838707000 37.463287500 -42.500000000
v -57.870964100 37.463287500 -42.500000000
v -62.903228800 37.463287500 -42.500000000
v -67.935485800 37.463287500 -42.500000000
v -72.967742900 37.463287500 -42.500000000
v 72.967743000 42.389831500 -42.500000000
v 67.935486000 42.389831500 -42.500000000
v 62.903229000 42.389831500 -42.500000000
v 57.870972000 42.389831500 -42.500000000
v 52.838715000 42.389831500 -42.500000000
v 47.806458000 42.389831500 -42.500000000
v 42.774200000 42.389831500 -42.500000000
v 37.741928000 42.389831500 -42.500000000
v 32.709671000 42.389831500 -42.500000000
v 27.677414000 42.389831500 -42.500000000
v 22.645157000 42.389831500 -42.500000000
v 17.612900000 42.389831500 -42.500000000
v 12.580643000 42.389831500 -42.500000000
v 7.548386000 42.389831500 -42.500000000
v 2.516129000 42.389831500 -42.500000000
v -2.516129000 42.389831500 -42.500000000
v -7.548386000 42.389831500 -42.500000000
v -12.580643000 42.389831500 -42.500000000
v -17.612900000 42.389831500 -42.500000000
v -22.645164000 42.389831500 -42.500000000
v -27.677422000 42.389831500 -42.500000000
v -32.709679000 42.389831500 -42.500000000
v -37.741936000 42.389831500 -42.500000000
v -42.774193000 42.389831500 -42.500000000
v -47.806449900 42.389831500 -42.500000000
v -52.838707000 42.389831500 -42.500000000
v -57.870964100 42.389831500 -42.500000000
v -62.903228800 42.389831500 -42.500000000
v -67.935485800 42.389831500 -42.500000000
v -72.967742900 42.389831500 -42.500000000
v 72.967743000 47.316391500 -42.500000000
v 67.935486000 47.316391500 -42.500000000
v 62.903229000 47.316391500 -42.500000000
v 57.870972000 47.316391500 -42.500000000
v 52.838715000 47.316391500 -42.500000000
v 47.806458000 47.316391500 -42.500000000
v 42.774200000 47.316391500 -42.500000000
v 37.741928000 47.316391500 -42.500000000
v 32.709671000 47.316391500 -42.500000000
v 27.677414000 47.316391500 -42.500000000
v 22.645157000 47.316391500 -42.500000000
v 17.612900000 47.316391500 -42.500000000
v 12.580643000 47.316391500 -42.500000000
v 7.548386000 47.316391500 -42.500000000
v 2.516129000 47.316391500 -42.500000000
v -2.516129000 47.316391500 -42.500000000
v -7.548386000 47.316391500 -42.500000000
v -12.580643000 47.316391500 -42.500000000
v -17.612900000 47.316391500 -42.500000000
v -22.645164000 47.316391500 -42.500000000
v -27.677422000 47.316391500 -42.500000000
v -32.709679000 47.316391500 -42.500000000
v -37.741936000 47.316391500 -42.500000000
v -42.774193000 47.316391500 -42.500000000
v -47.806449900 47.316391500 -42.500000000
v -52.838707000 47.316391500 -42.500000000
v -57.870964100 47.316391500 -42.500000000
v -62.903228800 47.316391500 -42.500000000
v -67.935485800 47.316391500 -42.500000000
v -72.967742900 47.316391500 -42.500000000
v 72.967743000 52.242950500 -42.500000000
v 67.935486000 52.242950500 -42.500000000
v 62.903229000 52.242950500 -42.500000000
v 57.870972000 52.242950500 -42.500000000
v 52.838715000 52.242950500 -42.500000000
v 47.806458000 52.242950500 -42.500000000
v 42.774200000 52.242950500 -42.500000000
v 37.741928000 52.242950500 -42.500000000
v 32.709671000 52.242950500 -42.500000000
v 27.677414000 52.242950500 -42.500000000
v 22.645157000 52.242950500 -42.500000000
v 17.612900000 52.242950500 -42.500000000
v 12.580643000 52.242950500 -42.500000000
v 7.548386000 52.242950500 -42.500000000
v 2.516129000 52.242950500 -42.500000000
v -2.516129000 52.242950500 -42.500000000
v -7.548386000 52.242950500 -42.500000000
v -12.580643000 52.242950500 -42.500000000
v -17.612900000 52.242950500 -42.500000000
v -22.645164000 52.242950500 -42.500000000
v -27.677422000 52.242950500 -42.500000000
v -32.709679000 52.242950500 -42.500000000
v -37.741936000 52.242950500 -42.500000000
v -42.774193000 52.242950500 -42.500000000
v -47.806449900 52.242950500 -42.500000000
v -52.838707000 52.242950500 -42.500000000
v -57.870964100 52.242950500 -42.500000000
v -62.903228800 52.242950500 -42.500000000
v -67.935485800 52.242950500 -42.500000000
v -72.967742900 52.242950500 -42.500000000
v 72.967743000 57.169509500 -42.500000000
v 67.935486000 57.169509500 -42.500000000
v 62.903229000 57.169509500 -42.500000000
v 57.870972000 57.169509500 -42.500000000
v 52.838715000 57.169509500 -42.500000000
v 47.806458000 57.169509500 -42.500000000
v 42.774200000 57.169509500 -42.500000000
v 37.741928000 57.169509500 -42.500000000
v 32.709671000 57.169509500 -42.500000000
v 27.677414000 57.169509500 -42.500000000
v 22.645157000 57.169509500 -42.500000000
v 17.612900000 57.169509500 -42.500000000
v 12.580643000 57.169509500 -42.500000000
v 7.548386000 57.169509500 -42.500000000
v 2.516129000 57.169509500 -42.500000000
v -2.516129000 57.169509500 -42.500000000
v -7.548386000 57.169509500 -42.500000000
v -12.580643000 57.169509500 -42.500000000
v -17.612900000 57.169509500 -42.500000000
v -22.645164000 57.169509500 -42.500000000
v -27.677422000 57.169509500 -42.500000000
v -32.709679000 57.169509500 -42.500000000
v -37.741936000 57.169509500 -42.500000000
v -42.774193000 57.169509500 -42.500000000
v -47.806449900 57.169509500 -42.500000000
v -52.838707000 57.169509500 -42.500000000
v -57.870964100 57.169509500 -42.500000000
v -62.903228800 57.169509500 -42.500000000
v -67.935485800 57.169509500 -42.500000000
v -72.967742900 57.169509500 -42.500000000
v 72.967743000 62.096054500 -42.500000000
v 67.935486000 62.096054500 -42.500000000
v 62.903229000 62.096054500 -42.500000000
v 57.870972000 62.096054500 -42.500000000
v 52.838715000 62.096054500 -42.500000000
v 47.806458000 62.096054500 -42.500000000
v 42.774200000 62.096054500 -42.500000000
v 37.741928000 62.096054500 -42.500000000
v 32.709671000 62.096054500 -42.500000000
v 27.677414000 62.096054500 -42.500000000
v 22.645157000 62.096054500 -42.500000000
v 17.612900000 62.096054500 -42.500000000
v 12.580643000 62.096054500 -42.500000000
v 7.548386000 62.096054500 -42.500000000
v 2.516129000 62.096054500 -42.500000000
v -2.516129000 62.096054500 -42.500000000
v -7.548386000 62.096054500 -42.500000000
v -12.580643000 62.096054500 -42.500000000
v -17.612900000 62.096054500 -42.500000000
v -22.645164000 62.096054500 -42.500000000
v -27.677422000 62.096054500 -42.500000000
v -32.709679000 62.096054500 -42.500000000
v -37.741936000 62.096054500 -42.500000000
v -42.774193000 62.096054500 -42.500000000
v -47.806449900 62.096054500 -42.500000000
v -52.838707000 62.096054500 -42.500000000
v -57.870964100 62.096054500 -42.500000000
v -62.903228800 62.096054500 -42.500000000
v -67.935485800 62.096054500 -42.500000000
v -72.967742900 62.096054500 -42.500000000
v 72.967743000 67.022613500 -42.500000000
v 67.935486000 67.022613500 -42.500000000
v 62.903229000 67.022613500 -42.500000000
v 57.870972000 67.022613500 -42.500000000
v 52.838715000 67.022613500 -42.500000000
v 47.806458000 67.022613500 -42.500000000
v 42.774200000 67.022613500 -42.500000000
v 37.741928000 67.022613500 -42.500000000
v 32.709671000 67.022613500 -42.500000000
v 27.677414000 67.022613500 -42.500000000
v 22.645157000 67.022613500 -42.500000000
v 17.612900000 67.022613500 -42.500000000
v 12.580643000 67.022613500 -42.500000000
v 7.548386000 67.022613500 -42.500000000
v 2.516129000 67.022613500 -42.500000000
v -2.516129000 67.022613500 -42.500000000
v -7.548386000 67.022613500 -42.500000000
v -12.580643000 67.022613500 -42.500000000
v -17.612900000 67.022613500 -42.500000000
v -22.645164000 67.022613500 -42.500000000
v -27.677422000 67.022613500 -42.500000000
v -32.709679000 67.022613500 -42.500000000
v -37.741936000 67.022613500 -42.500000000
v -42.774193000 67.022613500 -42.500000000
v -47.806449900 67.022613500 -42.500000000
v -52.838707000 67.022613500 -42.500000000
v -57.870964100 67.022613500 -42.500000000
v -62.903228800 67.022613500 -42.500000000
v -67.935485800 67.022613500 -42.500000000
v -72.967742900 67.022613500 -42.500000000
v 72.967743000 71.949173500 -42.500000000
v 67.935486000 71.949173500 -42.500000000
v 62.903229000 71.949173500 -42.500000000
v 57.870972000 71.949173500 -42.500000000
v 52.838715000 71.949173500 -42.500000000
v 47.806458000 71.949173500 -42.500000000
v 42.774200000 71.949173500 -42.500000000
v 37.741928000 71.949173500 -42.500000000
v 32.709671000 71.949173500 -42.500000000
v 27.677414000 71.949173500 -42.500000000
v 22.645157000 71.949173500 -42.500000000
v 17.612900000 71.949173500 -42.500000000
v 12.580643000 71.949173500 -42.500000000
v 7.548386000 71.949173500 -42.500000000
v 2.516129000 71.949173500 -42.500000000
v -2.516129000 71.949173500 -42.500000000
v -7.548386000 71.949173500 -42.500000000
v -12.580643000 71.949173500 -42.500000000
v -17.612900000 71.949173500 -42.500000000
v -22.645164000 71.949173500 -42.500000000
v -27.677422000 71.949173500 -42.500000000
v -32.709679000 71.949173500 -42.500000000
v -37.741936000 71.949173500 -42.500000000
v -42.774193000 71.949173500 -42.500000000
v -47.806449900 71.949173500 -42.500000000
v -52.838707000 71.949173500 -42.500000000
v -57.870964100 71.949173500 -42.500000000
v -62.903228800 71.949173500 -42.500000000
v -67.935485800 71.949173500 -42.500000000
v -72.967742900 71.949173500 -42.500000000
v 72.967743000 76.875732500 -42.500000000
v 67.935486000 76.875732500 -42.500000000
v 62.903229000 76.875732500 -42.500000000
v 57.870972000 76.875732500 -42.500000000
v 52.838715000 76.875732500 -42.500000000
v 47.806458000 76.875732500 -42.500000000
v 42.774200000 76.875732500 -42.500000000
v 37.741928000 76.875732500 -42.500000000
v 32.709671000 76.875732500 -42.500000000
v 27.677414000 76.875732500 -42.500000000
v 22.645157000 76.875732500 -42.500000000
v 17.612900000 76.875732500 -42.500000000
v 12.580643000 76.875732500 -42.500000000
v 7.548386000 76.875732500 -42.500000000
v 2.516129000 76.875732500 -42.500000000
v -2.516129000 76.875732500 -42.500000000
v -7.548386000 76.875732500 -42.500000000
v -12.580643000 76.875732500 -42.500000000
v -17.612900000 76.875732500 -42.500000000
v -22.645164000 76.875732500 -42.500000000
v -27.677422000 76.875732500 -42.500000000
v -32.709679000 76.875732500 -42.500000000
v -37.741936000 76.875732500 -42.500000000
v -42.774193000 76.875732500 -42.500000000
v -47.806449900 76.875732500 -42.500000000
v -52.838707000 76.875732500 -42.500000000
v -57.870964100 76.875732500 -42.500000000
v -62.903228800 76.875732500 -42.500000000
v -67.935485800 76.875732500 -42.500000000
v -72.967742900 76.875732500 -42.500000000
v 72.967743000 81.802276500 -42.500000000
v 67.935486000 81.802276500 -42.500000000
v 62.903229000 81.802276500 -42.500000000
v 57.870972000 81.802276500 -42.500000000
v 52.838715000 81.802276500 -42.500000000
v 47.806458000 81.802276500 -42.500000000
v 42.774200000 81.802276500 -42.500000000
v 37.741928000 81.802276500 -42.500000000
v 32.709671000 81.802276500 -42.500000000
v 27.677414000 81.802276500 -42.500000000
v 22.645157000 81.802276500 -42.500000000
v 17.612900000 81.802276500 -42.500000000
v 12.580643000 81.802276500 -42.500000000
v 7.548386000 81.802276500 -42.500000000
v 2.516129000 81.802276500 -42.500000000
v -2.516129000 81.802276500 -42.500000000
v -7.548386000 81.802276500 -42.500000000
v -12.580643000 81.802276500 -42.500000000
v -17.612900000 81.802276500 -42.500000000
v -22.645164000 81.802276500 -42.500000000
v -27.677422000 81.802276500 -42.500000000
v -32.709679000 81.802276500 -42.500000000
v -37.741936000 81.802276500 -42.500000000
v -42.774193000 81.802276500 -42.500000000
v -47.806449900 81.802276500 -42.500000000
v -52.838707000 81.802276500 -42.500000000
v -57.870964100 81.802276500 -42.500000000
v -62.903228800 81.802276500 -42.500000000
v -67.935485800 81.802276500 -42.500000000
v -72.967742900 81.802276500 -42.500000000
v 72.967743000 86.728836500 -42.500000000
v 67.935486000 86.728836500 -42.500000000
v 62.903229000 86.728836500 -42.500000000
v 57.870972000 86.728836500 -42.500000000
v 52.838715000 86.728836500 -42.500000000
v 47.806458000 86.728836500 -42.500000000
v 42.774200000 86.728836500 -42.500000000
v 37.741928000 86.728836500 -42.500000000
v 32.709671000 86.728836500 -42.500000000
v 27.677414000 86.728836500 -42.500000000
v 22.645157000 86.728836500 -42.500000000
v 17.612900000 86.728836500 -42.500000000
v 12.580643000 86.728836500 -42.500000000
v 7.548386000 86.728836500 -42.500000000
v 2.516129000 86.728836500 -42.500000000
v -2.516129000 86.728836500 -42.500000000
v -7.548386000 86.728836500 -42.500000000
v -12.580643000 86.728836500 -42.500000000
v -17.612900000 86.728836500 -42.500000000
v -22.645164000 86.728836500 -42.500000000
v -27.677422000 86.728836500 -42.500000000
v -32.709679000 86.728836500 -42.500000000
v -37.741936000 86.728836500 -42.500000000
v -42.774193000 86.728836500 -42.500000000
v -47.806449900 86.728836500 -42.500000000
v -52.838707000 86.728836500 -42.500000000
v -57.870964100 86.728836500 -42.500000000
v -62.903228800 86.728836500 -42.500000000
v -67.935485800 86.728836500 -42.500000000
v -72.967742900 86.728836500 -42.500000000
v 72.967743000 91.655395500 -42.500000000
v 67.935486000 91.655395500 -42.500000000
v 62.903229000 91.655395500 -42.500000000
v 57.870972000 91.655395500 -42.500000000
v 52.838715000 91.655395500 -42.500000000
v 47.806458000 91.655395500 -42.500000000
v 42.774200000 91.655395500 -42.500000000
v 37.741928000 91.655395500 -42.500000000
v 32.709671000 91.655395500 -42.500000000
v 27.677414000 91.655395500 -42.500000000
v 22.645157000 91.655395500 -42.500000000
v 17.612900000 91.655395500 -42.500000000
v 12.580643000 91.655395500 -42.500000000
v 7.548386000 91.655395500 -42.500000000
v 2.516129000 91.655395500 -42.500000000
v -2.516129000 91.655395500 -42.500000000
v -7.548386000 91.655395500 -42.500000000
v -12.580643000 91.655395500 -42.500000000
v -17.612900000 91.655395500 -42.500000000
v -22.645164000 91.655395500 -42.500000000
v -27.677422000 91.655395500 -42.500000000
v -32.709679000 91.655395500 -42.500000000
v -37.741936000 91.655395500 -42.500000000
v -42.774193000 91.655395500 -42.500000000
v -47.806449900 91.655395500 -42.500000000
v -52.838707000 91.655395500 -42.500000000
v -57.870964100 91.655395500 -42.500000000
v -62.903228800 91.655395500 -42.500000000
v -67.935485800 91.655395500 -42.500000000
v -72.967742900 91.655395500 -42.500000000
v 72.967743000 96.581955500 -42.500000000
v 67.935486000 96.581955500 -42.500000000
v 62.903229000 96.581955500 -42.500000000
v 57.870972000 96.581955500 -42.500000000
v 52.838715000 96.581955500 -42.500000000
v 47.806458000 96.581955500 -42.500000000
v 42.774200000 96.581955500 -42.500000000
v 37.741928000 96.581955500 -42.500000000
v 32.709671000 96.581955500 -42.500000000
v 27.677414000 96.581955500 -42.500000000
v 22.645157000 96.581955500 -42.500000000
v 17.612900000 96.581955500 -42.500000000
v 12.580643000 96.581955500 -42.500000000
v 7.548386000 96.581955500 -42.500000000
v 2.516129000 96.581955500 -42.500000000
v -2.516129000 96.581955500 -42.500000000
v -7.548386000 96.581955500 -42.500000000
v -12.580643000 96.581955500 -42.500000000
v -17.612900000 96.581955500 -42.500000000
v -22.645164000 96.581955500 -42.500000000
v -27.677422000 96.581955500 -42.500000000
v -32.709679000 96.581955500 -42.500000000
v -37.741936000 96.581955500 -42.500000000
v -42.774193000 96.581955500 -42.500000000
v -47.806449900 96.581955500 -42.500000000
v -52.838707000 96.581955500 -42.500000000
v -57.870964100 96.581955500 -42.500000000
v -62.903228800 96.581955500 -42.500000000
v -67.935485800 96.581955500 -42.500000000
v -72.967742900 96.581955500 -42.500000000
v 72.967743000 101.508499500 -42.500000000
v 67.935486000 101.508499500 -42.500000000
v 62.903229000 101.508499500 -42.500000000
v 57.870972000 101.508499500 -42.500000000
v 52.838715000 101.508499500 -42.500000000
v 47.806458000 101.508499500 -42.500000000
v 42.774200000 101.508499500 -42.500000000
v 37.741928000 101.508499500 -42.500000000
v 32.709671000 101.508499500 -42.500000000
v 27.677414000 101.508499500 -42.500000000
v 22.645157000 101.508499500 -42.500000000
v 17.612900000 101.508499500 -42.500000000
v 12.580643000 101.508499500 -42.500000000
v 7.548386000 101.508499500 -42.500000000
v 2.516129000 101.508499500 -42.500000000
v -2.516129000 101.508499500 -42.500000000
v -7.548386000 101.508499500 -42.500000000
v -12.580643000 101.508499500 -42.500000000
v -17.612900000 101.508499500 -42.500000000
v -22.645164000 101.508499500 -42.500000000
v -27.677422000 101.508499500 -42.500000000
v -32.709679000 101.508499500 -42.500000000
v -37.741936000 101.508499500 -42.500000000
v -42.774193000 101.508499500 -42.500000000
v -47.806449900 101.508499500 -42.500000000
v -52.838707000 101.508499500 -42.500000000
v -57.870964100 101.508499500 -42.500000000
v -62.903228800 101.508499500 -42.500000000
v -67.935485800 101.508499500 -42.500000000
v -72.967742900 101.508499500 -42.500000000
v -14.136459000 -42.101722600 36.599934580
v -14.136459000 -42.101722600 30.699868440
v -14.136459000 -47.768390600 37.049966810
v -14.136459000 -47.768390600 31.599934100
v -9.247574000 -42.101722600 24.799802300
v -4.358688000 -42.101722600 24.799802300
v 0.530212000 -42.101722600 24.799802300
v 5.419098000 -42.101722600 24.799802300
v 10.307983000 -42.101722600 24.799802300
v 15.196869000 -42.101722600 24.799802300
v 20.085770000 -42.101722600 24.799802300
v 24.974655000 -42.101722600 24.799802300
v -9.247574000 -47.768390600 26.149901150
v -4.358688000 -47.768390600 26.149901150
v 0.530212000 -47.768390600 26.149901150
v 5.419098000 -47.768390600 26.149901150
v 10.307983000 -47.768390600 26.149901150
v 15.196869000 -47.768390600 26.149901150
v 20.085770000 -47.768390600 26.149901150
v 24.974655000 -47.768390600 26.149901150
v 73.180771000 -58.253238600 27.500000000
v 73.175201000 -63.071422500 27.500000000
v 73.169617000 -67.889602600 27.500000000
v 73.164047000 -72.707786500 27.500000000
v 73.158463000 -77.525968500 27.500000000
v 73.152893000 -82.344148500 27.500000000
v 73.147308000 -87.162330500 27.500000000
v 73.141739000 -91.980513500 27.500000000
v 73.136154000 -96.798694520 27.500000000
v 73.130585000 -101.616876510 27.500000000
v 68.361557000 -58.253238600 27.500000000
v 68.350403000 -63.071422500 27.500000000
v 68.339249000 -67.889602600 27.500000000
v 68.328094000 -72.707786500 27.500000000
v 68.316925000 -77.525968500 27.500000000
v 68.305771000 -82.344148500 27.500000000
v 68.294617000 -87.162330500 27.500000000
v 68.283463000 -91.980513500 27.500000000
v 68.272308000 -96.798694520 27.500000000
v 68.261154000 -101.616876510 27.500000000
v 63.542328000 -58.253238600 27.500000000
v 63.525589000 -63.071422500 27.500000000
v 63.508865000 -67.889602600 27.500000000
v 63.492126000 -72.707786500 27.500000000
v 63.475403000 -77.525968500 27.500000000
v 63.458664000 -82.344148500 27.500000000
v 63.441925000 -87.162330500 27.500000000
v 63.425201000 -91.980513500 27.500000000
v 63.408463000 -96.798694520 27.500000000
v 63.391739000 -101.616876510 27.500000000
v 58.723099000 -58.253238600 27.500000000
v 58.700790000 -63.071422500 27.500000000
v 58.678482000 -67.889602600 27.500000000
v 58.656174000 -72.707786500 27.500000000
v 58.633865000 -77.525968500 27.500000000
v 58.611557000 -82.344148500 27.500000000
v 58.589249000 -87.162330500 27.500000000
v 58.566925000 -91.980513500 27.500000000
v 58.544617000 -96.798694520 27.500000000
v 58.522308000 -101.616876510 27.500000000
v 53.903885000 -58.253238600 27.500000000
v 53.875992000 -63.071422500 27.500000000
v 53.848099000 -67.889602600 27.500000000
v 53.820221000 -72.707786500 27.500000000
v 53.792328000 -77.525968500 27.500000000
v 53.764435000 -82.344148500 27.500000000
v 53.736557000 -87.162330500 27.500000000
v 53.708664000 -91.980513500 27.500000000
v 53.680771000 -96.798694520 27.500000000
v 53.652893000 -101.616876510 27.500000000
v 49.084656000 -58.253238600 27.500000000
v 49.051193000 -63.071422500 27.500000000
v 49.017731000 -67.889602600 27.500000000
v 48.984268000 -72.707786500 27.500000000
v 48.950790000 -77.525968500 27.500000000
v 48.917328000 -82.344148500 27.500000000
v 48.883865000 -87.162330500 27.500000000
v 48.850403000 -91.980513500 27.500000000
v 48.816925000 -96.798694520 27.500000000
v 48.783463000 -101.616876510 27.500000000
v 44.265442000 -58.253238600 27.500000000
v 44.226395000 -63.071422500 27.500000000
v 44.187347000 -67.889602600 27.500000000
v 44.148300000 -72.707786500 27.500000000
v 44.109268000 -77.525968500 27.500000000
v 44.070221000 -82.344148500 27.500000000
v 44.031174000 -87.162330500 27.500000000
v 43.992126000 -91.980513500 27.500000000
v 43.953094000 -96.798694520 27.500000000
v 43.914047000 -101.616876510 27.500000000
v 39.446213000 -58.253238600 27.500000000
v 39.401596000 -63.071422500 27.500000000
v 39.356964000 -67.889602600 27.500000000
v 39.312347000 -72.707786500 27.500000000
v 39.267731000 -77.525968500 27.500000000
v 39.223099000 -82.344148500 27.500000000
v 39.178482000 -87.162330500 27.500000000
v 39.133865000 -91.980513500 27.500000000
v 39.089249000 -96.798694520 27.500000000
v 39.044617000 -101.616876510 27.500000000
v 34.626984000 -58.253238600 27.500000000
v 34.576782000 -63.071422500 27.500000000
v 34.526596000 -67.889602600 27.500000000
v 34.476395000 -72.707786500 27.500000000
v 34.426193000 -77.525968500 27.500000000
v 34.375992000 -82.344148500 27.500000000
v 34.325790000 -87.162330500 27.500000000
v 34.275589000 -91.980513500 27.500000000
v 34.225403000 -96.798694520 27.500000000
v 34.175201000 -101.616876510 27.500000000
v 29.807770000 -58.253238600 27.500000000
v 29.751984000 -63.071422500 27.500000000
v 29.696213000 -67.889602600 27.500000000
v 29.640442000 -72.707786500 27.500000000
v 29.584656000 -77.525968500 27.500000000
v 29.528885000 -82.344148500 27.500000000
v 29.473099000 -87.162330500 27.500000000
v 29.417328000 -91.980513500 27.500000000
v 29.361557000 -96.798694520 27.500000000
v 29.305771000 -101.616876510 27.500000000
v 24.920135000 -58.253238600 27.500000000
v 24.865631000 -63.071422500 27.500000000
v 24.811111000 -67.889602600 27.500000000
v 24.756592000 -72.707786500 27.500000000
v 24.702087000 -77.525968500 27.500000000
v 24.647568000 -82.344148500 27.500000000
v 24.593048000 -87.162330500 27.500000000
v 24.538544000 -91.980513500 27.500000000
v 24.484024000 -96.798694520 27.500000000
v 24.429520000 -101.616876510 27.500000000
v 20.032516000 -58.253238600 27.500000000
v 19.979263000 -63.071422500 27.500000000
v 19.926010000 -67.889602600 27.500000000
v 19.872757000 -72.707786500 27.500000000
v 19.819504000 -77.525968500 27.500000000
v 19.766251000 -82.344148500 27.500000000
v 19.712997000 -87.162330500 27.500000000
v 19.659760000 -91.980513500 27.500000000
v 19.606506000 -96.798694520 27.500000000
v 19.553253000 -101.616876510 27.500000000
v 15.144882000 -58.253238600 27.500000000
v 15.092896000 -63.071422500 27.500000000
v 15.040909000 -67.889602600 27.500000000
v 14.988922000 -72.707786500 27.500000000
v 14.936935000 -77.525968500 27.500000000
v 14.884949000 -82.344148500 27.500000000
v 14.832947000 -87.162330500 27.500000000
v 14.780960000 -91.980513500 27.500000000
v 14.728973000 -96.798694520 27.500000000
v 14.676987000 -101.616876510 27.500000000
v 10.257263000 -58.253238600 27.500000000
v 10.206528000 -63.071422500 27.500000000
v 10.155807000 -67.889602600 27.500000000
v 10.105087000 -72.707786500 27.500000000
v 10.054352000 -77.525968500 27.500000000
v 10.003632000 -82.344148500 27.500000000
v 9.952911000 -87.162330500 27.500000000
v 9.902176000 -91.980513500 27.500000000
v 9.851456000 -96.798694520 27.500000000
v 9.800720000 -101.616876510 27.500000000
v 5.369629000 -58.253238600 27.500000000
v 5.320175000 -63.071422500 27.500000000
v 5.270706000 -67.889602600 27.500000000
v 5.221237000 -72.707786500 27.500000000
v 5.171783000 -77.525968500 27.500000000
v 5.122314000 -82.344148500 27.500000000
v 5.072861000 -87.162330500 27.500000000
v 5.023392000 -91.980513500 27.500000000
v 4.973923000 -96.798694520 27.500000000
v 4.924469000 -101.616876510 27.500000000
v 0.482010000 -58.253238600 27.500000000
v 0.433807000 -63.071422500 27.500000000
v 0.385605000 -67.889602600 27.500000000
v 0.337402000 -72.707786500 27.500000000
v 0.289200000 -77.525968500 27.500000000
v 0.240997000 -82.344148500 27.500000000
v 0.192810000 -87.162330500 27.500000000
v 0.144608000 -91.980513500 27.500000000
v 0.096405000 -96.798694520 27.500000000
v 0.048203000 -101.616876510 27.500000000
v -4.405624000 -58.253238600 27.500000000
v -4.452560000 -63.071422500 27.500000000
v -4.499496000 -67.889602600 27.500000000
v -4.546432000 -72.707786500 27.500000000
v -4.593369000 -77.525968500 27.500000000
v -4.640305000 -82.344148500 27.500000000
v -4.687241000 -87.162330500 27.500000000
v -4.734192000 -91.980513500 27.500000000
v -4.781128000 -96.798694520 27.500000000
v -4.828064000 -101.616876510 27.500000000
v -9.293243000 -58.253238600 27.500000000
v -9.338928000 -63.071422500 27.500000000
v -9.384598000 -67.889602600 27.500000000
v -9.430267000 -72.707786500 27.500000000
v -9.475952000 -77.525968500 27.500000000
v -9.521622000 -82.344148500 27.500000000
v -9.567291000 -87.162330500 27.500000000
v -9.612976000 -91.980513500 27.500000000
v -9.658646000 -96.798694520 27.500000000
v -9.704330000 -101.616876510 27.500000000
v -14.180878000 -58.253238600 27.500000000
v -14.225281000 -63.071422500 27.500000000
v -14.269699000 -67.889602600 27.500000000
v -14.314117000 -72.707786500 27.500000000
v -14.358521000 -77.525968500 27.500000000
v -14.402939000 -82.344148500 27.500000000
v -14.447342000 -87.162330500 27.500000000
v -14.491760000 -91.980513500 27.500000000
v -14.536179000 -96.798694520 27.500000000
v -14.580582000 -101.616876510 27.500000000
v -19.090034000 -58.253238600 27.500000000
v -19.131035000 -63.071422500 27.500000000
v -19.172028000 -67.889602600 27.500000000
v -19.213028000 -72.707786500 27.500000000
v -19.254021000 -77.525968500 27.500000000
v -19.295021000 -82.344148500 27.500000000
v -19.336014000 -87.162330500 27.500000000
v -19.377014000 -91.980513500 27.500000000
v -19.418007000 -96.798694520 27.500000000
v -19.459007000 -101.616876510 27.500000000
v -23.999199000 -58.253238600 27.500000000
v -24.036781000 -63.071422500 27.500000000
v -24.074356000 -67.889602600 27.500000000
v -24.111938000 -72.707786500 27.500000000
v -24.149521000 -77.525968500 27.500000000
v -24.187103000 -82.344148500 27.500000000
v -24.224678000 -87.162330500 27.500000000
v -24.262260000 -91.980513500 27.500000000
v -24.299843000 -96.798694520 27.500000000
v -24.337418000 -101.616876510 27.500000000
v -28.908363000 -58.253238600 27.500000000
v -28.942528000 -63.071422500 27.500000000
v -28.976692000 -67.889602600 27.500000000
v -29.010857000 -72.707786500 27.500000000
v -29.045021000 -77.525968500 27.500000000
v -29.079178000 -82.344148500 27.500000000
v -29.113342000 -87.162330500 27.500000000
v -29.147507000 -91.980513500 27.500000000
v -29.181671000 -96.798694520 27.500000000
v -29.215836000 -101.616876510 27.500000000
v -33.817528000 -58.253238600 27.500000000
v -33.848274000 -63.071422500 27.500000000
v -33.879021000 -67.889602600 27.500000000
v -33.909767000 -72.707786500 27.500000000
v -33.940514000 -77.525968500 27.500000000
v -33.971260000 -82.344148500 27.500000000
v -34.002014000 -87.162330500 27.500000000
v -34.032761000 -91.980513500 27.500000000
v -34.063507000 -96.798694520 27.500000000
v -34.094254000 -101.616876510 27.500000000
v -38.726692000 -58.253238600 27.500000000
v -38.754021000 -63.071422500 27.500000000
v -38.781349000 -67.889602600 27.500000000
v -38.808685000 -72.707786500 27.500000000
v -38.836014000 -77.525968500 27.500000000
v -38.863342000 -82.344148500 27.500000000
v -38.890678000 -87.162330500 27.500000000
v -38.918007000 -91.980513500 27.500000000
v -38.945335000 -96.798694520 27.500000000
v -38.972672000 -101.616876510 27.500000000
v -43.635857000 -58.253238600 27.500000000
v -43.659767000 -63.071422500 27.500000000
v -43.683685000 -67.889602600 27.500000000
v -43.707596000 -72.707786500 27.500000000
v -43.731514000 -77.525968500 27.500000000
v -43.755424000 -82.344148500 27.500000000
v -43.779343000 -87.162330500 27.500000000
v -43.803253000 -91.980513500 27.500000000
v -43.827171000 -96.798694520 27.500000000
v -43.851082000 -101.616876510 27.500000000
v -48.545021100 -58.253238600 27.500000000
v -48.565513600 -63.071422500 27.500000000
v -48.586013800 -67.889602600 27.500000000
v -48.606514000 -72.707786500 27.500000000
v -48.627014200 -77.525968500 27.500000000
v -48.647506700 -82.344148500 27.500000000
v -48.668006900 -87.162330500 27.500000000
v -48.688507100 -91.980513500 27.500000000
v -48.709007300 -96.798694520 27.500000000
v -48.729499800 -101.616876510 27.500000000
v -53.454177900 -58.253238600 27.500000000
v -53.471260100 -63.071422500 27.500000000
v -53.488342300 -67.889602600 27.500000000
v -53.505424500 -72.707786500 27.500000000
v -53.522506700 -77.525968500 27.500000000
v -53.539588900 -82.344148500 27.500000000
v -53.556671100 -87.162330500 27.500000000
v -53.573753400 -91.980513500 27.500000000
v -53.590835600 -96.798694520 27.500000000
v -53.607917800 -101.616876510 27.500000000
v -58.363342300 -58.253238600 27.500000000
v -58.377014200 -63.071422500 27.500000000
v -58.390678400 -67.889602600 27.500000000
v -58.404342700 -72.707786500 27.500000000
v -58.418006900 -77.525968500 27.500000000
v -58.431671100 -82.344148500 27.500000000
v -58.445335400 -87.162330500 27.500000000
v -58.459007300 -91.980513500 27.500000000
v -58.472671500 -96.798694520 27.500000000
v -58.486335800 -101.616876510 27.500000000
v -63.272506700 -58.253238600 27.500000000
v -63.282760600 -63.071422500 27.500000000
v -63.293006900 -67.889602600 27.500000000
v -63.303253200 -72.707786500 27.500000000
v -63.313507100 -77.525968500 27.500000000
v -63.323753400 -82.344148500 27.500000000
v -63.334007300 -87.162330500 27.500000000
v -63.344253500 -91.980513500 27.500000000
v -63.354499800 -96.798694520 27.500000000
v -63.364753700 -101.616876510 27.500000000
v -68.181671100 -58.253238600 27.500000000
v -68.188507100 -63.071422500 27.500000000
v -68.195335400 -67.889602600 27.500000000
v -68.202171300 -72.707786500 27.500000000
v -68.209007300 -77.525968500 27.500000000
v -68.215835600 -82.344148500 27.500000000
v -68.222671500 -87.162330500 27.500000000
v -68.229499800 -91.980513500 27.500000000
v -68.236335800 -96.798694520 27.500000000
v -68.243164100 -101.616876510 27.500000000
v -73.090835600 -58.253238600 27.500000000
v -73.094253500 -63.071422500 27.500000000
v -73.097671500 -67.889602600 27.500000000
v -73.101081800 -72.707786500 27.500000000
v -73.104499800 -77.525968500 27.500000000
v -73.107917800 -82.344148500 27.500000000
v -73.111335800 -87.162330500 27.500000000
v -73.114753700 -91.980513500 27.500000000
v -73.118164100 -96.798694520 27.500000000
v -73.121582000 -101.616876510 27.500000000
v 29.863541000 -42.101722600 30.699868440
v 29.863541000 -42.101722600 36.599934580
v 29.863541000 -47.768390600 31.599934100
v 29.863541000 -47.768390600 37.049966810
v 34.677185000 -53.435058500 32.500000000
v 34.677185000 -53.435058500 37.500000000
v 39.490829000 -53.435058500 32.500000000
v 39.490829000 -53.435058500 37.500000000
v 44.304474000 -53.435058500 32.500000000
v 44.304474000 -53.435058500 37.500000000
v 49.118118000 -53.435058500 32.500000000
v 49.118118000 -53.435058500 37.500000000
v 53.931778000 -53.435058500 32.500000000
v 53.931778000 -53.435058500 37.500000000
v 58.745422000 -53.435058500 32.500000000
v 58.745422000 -53.435058500 37.500000000
v 63.559067000 -53.435058500 32.500000000
v 63.559067000 -53.435058500 37.500000000
v 68.372711000 -53.435058500 32.500000000
v 68.372711000 -53.435058500 37.500000000
v 73.186356000 -53.435058500 32.500000000
v 73.186356000 -53.435058500 37.500000000
v -19.049042000 -53.435058500 37.500000000
v -19.049042000 -53.435058500 32.500000000
v -23.961617000 -53.435058500 37.500000000
v -23.961617000 -53.435058500 32.500000000
v -28.874199000 -53.435058500 37.500000000
v -28.874199000 -53.435058500 32.500000000
v -33.786781000 -53.435058500 37.500000000
v -33.786781000 -53.435058500 32.500000000
v -38.699356000 -53.435058500 37.500000000
v -38.699356000 -53.435058500 32.500000000
v -43.611938000 -53.435058500 37.500000000
v -43.611938000 -53.435058500 32.500000000
v -48.524520900 -53.435058500 37.500000000
v -48.524520900 -53.435058500 32.500000000
v -53.437103300 -53.435058500 37.500000000
v -53.437103300 -53.435058500 32.500000000
v -58.349678000 -53.435058500 37.500000000
v -58.349678000 -53.435058500 32.500000000
v -63.262260400 -53.435058500 37.500000000
v -63.262260400 -53.435058500 32.500000000
v -68.174842800 -53.435058500 37.500000000
v -68.174842800 -53.435058500 32.500000000
v -73.087417600 -53.435058500 37.500000000
v -73.087417600 -53.435058500 32.500000000
v -78.000000000 -101.616876510 37.500000000
v -78.000000000 -96.798694520 37.500000000
v -78.000000000 -91.980513500 37.500000000
v -78.000000000 -87.162330500 37.500000000
v -78.000000000 -82.344148500 37.500000000
v -78.000000000 -77.525968500 37.500000000
v -78.000000000 -72.707786500 37.500000000
v -78.000000000 -67.889602600 37.500000000
v -78.000000000 -63.071422500 37.500000000
v -78.000000000 -58.253238600 37.500000000
v -78.000000000 -101.616876510 32.500000000
v -78.000000000 -96.798694520 32.500000000
v -78.000000000 -91.980513500 32.500000000
v -78.000000000 -87.162330500 32.500000000
v -78.000000000 -82.344148500 32.500000000
v -78.000000000 -77.525968500 32.500000000
v -78.000000000 -72.707786500 32.500000000
v -78.000000000 -67.889602600 32.500000000
v -78.000000000 -63.071422500 32.500000000
v -78.000000000 -58.253238600 32.500000000
v 78.000000000 -58.253238600 37.500000000
v 78.000000000 -63.071422500 37.500000000
v 78.000000000 -67.889602600 37.500000000
v 78.000000000 -72.707786500 37.500000000
v 78.000000000 -77.525968500 37.500000000
v 78.000000000 -82.344148500 37.500000000
v 78.000000000 -87.162330500 37.500000000
v 78.000000000 -91.980513500 37.500000000
v 78.000000000 -96.798694520 37.500000000
v 78.000000000 -101.616876510 37.500000000
v 78.000000000 -58.253238600 32.500000000
v 78.000000000 -63.071422500 32.500000000
v 78.000000000 -67.889602600 32.500000000
v 78.000000000 -72.707786500 32.500000000
v 78.000000000 -77.525968500 32.500000000
v 78.000000000 -82.344148500 32.500000000
v 78.000000000 -87.162330500 32.500000000
v 78.000000000 -91.980513500 32.500000000
v 78.000000000 -96.798694520 32.500000000
v 78.000000000 -101.616876510 32.500000000
v 73.125000000 -106.435058500 37.500000000
v 68.250000000 -106.435058500 37.500000000
v 63.375000000 -106.435058500 37.500000000
v 58.500000000 -106.435058500 37.500000000
v 53.625000000 -106.435058500 37.500000000
v 48.750000000 -106.435058500 37.500000000
v 43.875000000 -106.435058500 37.500000000
v 39.000000000 -106.435058500 37.500000000
v 34.125000000 -106.435058500 37.500000000
v 29.250000000 -106.435058500 37.500000000
v 24.375000000 -106.435058500 37.500000000
v 19.500000000 -106.435058500 37.500000000
v 14.625000000 -106.435058500 37.500000000
v 9.750000000 -106.435058500 37.500000000
v 4.875000000 -106.435058500 37.500000000
v 0.000000000 -106.435058500 37.500000000
v -4.875000000 -106.435058500 37.500000000
v -9.750000000 -106.435058500 37.500000000
v -14.625000000 -106.435058500 37.500000000
v -19.500000000 -106.435058500 37.500000000
v -24.375000000 -106.435058500 37.500000000
v -29.250000000 -106.435058500 37.500000000
v -34.125000000 -106.435058500 37.500000000
v -39.000000000 -106.435058500 37.500000000
v -43.875000000 -106.435058500 37.500000000
v -48.750000000 -106.435058500 37.500000000
v -53.625000000 -106.435058500 37.500000000
v -58.500000000 -106.435058500 37.500000000
v -63.375000000 -106.435058500 37.500000000
v -68.250000000 -106.435058500 37.500000000
v -73.125000000 -106.435058500 37.500000000
v 73.125000000 -106.435058500 32.500000000
v 68.250000000 -106.435058500 32.500000000
v 63.375000000 -106.435058500 32.500000000
v 58.500000000 -106.435058500 32.500000000
v 53.625000000 -106.435058500 32.500000000
v 48.750000000 -106.435058500 32.500000000
v 43.875000000 -106.435058500 32.500000000
v 39.000000000 -106.435058500 32.500000000
v 34.125000000 -106.435058500 32.500000000
v 29.250000000 -106.435058500 32.500000000
v 24.375000000 -106.435058500 32.500000000
v 19.500000000 -106.435058500 32.500000000
v 14.625000000 -106.435058500 32.500000000
v 9.750000000 -106.435058500 32.500000000
v 4.875000000 -106.435058500 32.500000000
v 0.000000000 -106.435058500 32.500000000
v -4.875000000 -106.435058500 32.500000000
v -9.750000000 -106.435058500 32.500000000
v -14.625000000 -106.435058500 32.500000000
v -19.500000000 -106.435058500 32.500000000
v -24.375000000 -106.435058500 32.500000000
v -29.250000000 -106.435058500 32.500000000
v -34.125000000 -106.435058500 32.500000000
v -39.000000000 -106.435058500 32.500000000
v -43.875000000 -106.435058500 32.500000000
v -48.750000000 -106.435058500 32.500000000
v -53.625000000 -106.435058500 32.500000000
v -58.500000000 -106.435058500 32.500000000
v -63.375000000 -106.435058500 32.500000000
v -68.250000000 -106.435058500 32.500000000
v -73.125000000 -106.435058500 32.500000000
v 39.371506000 -36.435058500 37.725336100
v 53.571594000 -36.435058500 37.464848520
v 58.424774000 -36.435058500 37.336340900
v 63.326614000 -36.435058500 37.322380070
v 68.248398000 -36.435058500 37.373137470
v 73.137497000 -36.435058500 37.438492770
v 30.607178000 -36.435058500 19.466187480
v 1.348938000 -36.435058500 18.639366150
v 15.995972000 -36.435058500 18.925863270
v 20.830872000 -36.435058500 19.032946590
v 25.656403000 -36.435058500 19.216983800
v 11.149002000 -36.435058500 18.871901510
v 6.272232000 -36.435058500 18.777255060
v -3.634720000 -36.435058500 18.358355520
v -8.872437000 -36.435058500 17.825943950
v -68.286315900 -36.435058500 37.604142200
v -63.397453300 -36.435058500 37.660623600
v -58.524124100 -36.435058500 37.738033300
v -38.910690000 -36.435058500 37.752891500
v -33.958336000 -36.435058500 37.583881400
v -28.971855000 -36.435058500 37.307720180
v -23.969872000 -36.435058500 36.932327270
v -18.993210000 -36.435058500 36.515073780
v -48.744445800 -36.435058500 37.826257700
v -43.843887000 -36.435058500 37.823409100
v -73.260597200 -36.435058500 2.705400500
v -73.231277500 -36.435058500 -2.358942000
v -73.203758200 -36.435058500 -7.415939300
v -73.187751800 -36.435058500 -17.554664600
v -73.173378000 -36.435058500 -22.613494900
v -73.146347000 -36.435058500 -27.639183000
v -73.110557600 -36.435058500 -32.630626700
v -73.056877100 -36.435058500 -37.590293900
v 73.326859000 -36.435058500 12.426915200
v 73.411880000 -36.435058500 7.445043600
v 73.504059000 -36.435058500 2.479240400
v 73.609879000 -36.435058500 -2.470708800
v 73.651001000 -36.435058500 -7.436203000
v 73.601822000 -36.435058500 -12.403064700
v 73.481461000 -36.435058500 -17.381607100
v 73.327057000 -36.435058500 -22.407867400
v 73.169937000 -36.435058500 -27.427715300
v 73.036957000 -36.435058500 -32.424362200
v 72.964920000 -36.435058500 -37.438491800
v -7.590057000 -36.435058500 -37.960266100
v 22.607269000 -36.435058500 -38.124671900
v 32.603470000 -36.435058500 -38.126594500
v 42.497314000 -36.435058500 -38.141265900
v 12.572876000 -36.435058500 -38.126243600
v 2.535446000 -36.435058500 -38.101112400
v -38.148582000 -36.435058500 -37.852211000
v -33.071983000 -36.435058500 -37.859222400
v -27.963554000 -36.435058500 -37.829399100
v -22.844467000 -36.435058500 -37.781051600
v -17.758286000 -36.435058500 -37.766754200
v 52.458893000 -36.435058500 -37.696998600
v 57.482941000 -36.435058500 -37.109901400
v 62.663879000 -36.435058500 -37.109512300
v -12.678757000 -36.435058500 -37.833740200
v 7.562714000 -36.435058500 -38.125885000
v 27.615295000 -36.435058500 -38.137092600
v 37.565384000 -36.435058500 -38.144538900
v 47.423843000 -36.435058500 -38.053489700
v 17.593475000 -36.435058500 -38.144409200
v -2.502396000 -36.435058500 -38.054969800
v 48.737610000 -36.435058500 37.645300900
v 57.989746000 -36.435058500 32.046159740
v 44.043594000 -36.435058500 37.829997100
v 52.964081000 -36.435058500 32.467487810
v 63.095352000 -36.435058500 32.109773160
v 7.276550000 -36.435058500 14.148078900
v 16.908051000 -36.435058500 14.437387500
v -2.435074000 -36.435058500 13.382203100
v 2.445892000 -36.435058500 13.848438300
v 12.109177000 -36.435058500 14.322439200
v 21.698257000 -36.435058500 14.623172800
v 26.447586000 -36.435058500 14.924177200
v -7.306427000 -36.435058500 12.467464400
v -53.656959500 -36.435058500 37.803426700
v -34.374756000 -36.435058500 32.759889130
v -63.543800400 -36.435058500 32.859934810
v -44.179474000 -36.435058500 33.198329450
v -49.053863500 -36.435058500 33.197058200
v -39.312469000 -36.435058500 33.050055030
v -29.399498000 -36.435058500 32.230553630
v -73.187088000 -36.435058500 -12.479995700
v 73.272949000 -36.435058500 17.429131500
v 69.270172000 -36.435058500 -12.145626100
v -73.272689800 -36.435058500 27.695261762
v -73.305809000 -36.435058500 22.745830540
v -73.285461400 -36.435058500 7.753582000
v -68.386352500 -36.435058500 -22.715663900
v -68.452018700 -36.435058500 -2.202348700
v -68.511299100 -36.435058500 2.938661600
v 69.088165000 -36.435058500 2.435548800
v 69.433090000 -36.435058500 -7.289245600
v 68.631287000 -36.435058500 -22.050647700
v 73.205673000 -36.435058500 22.445219040
v 68.753967000 -36.435058500 12.293091800
v 73.147476000 -36.435058500 27.423077770
v 73.118561000 -36.435058500 32.413705350
v -73.318275500 -36.435058500 17.780183790
v -73.306778000 -36.435058500 12.781514200
v -68.394203200 -36.435058500 -17.605327600
v -68.315589900 -36.435058500 -27.761367800
v 68.932541000 -36.435058500 7.364547700
v 69.359726000 -36.435058500 -2.433298100
v 68.238831000 -36.435058500 -27.090217600
v 68.979980000 -36.435058500 -17.030220000
v -48.206260700 -36.435058500 -37.794700600
v -43.192192000 -36.435058500 -37.822464000
v 22.560669000 -36.435058500 -33.866790800
v 27.503540000 -36.435058500 -33.811870600
v 37.392410000 -36.435058500 -33.733421300
v -2.374405000 -36.435058500 -33.737335200
v -38.564827000 -36.435058500 -33.204837800
v -53.195442200 -36.435058500 -37.768028300
v -63.138404800 -36.435058500 -37.700294500
v 32.470352000 -36.435058500 -33.738994600
v 67.861145000 -36.435058500 -37.288993800
v 46.889313000 -36.435058500 -33.803360000
v -33.475037000 -36.435058500 -33.207424200
v -28.306915000 -36.435058500 -33.099296600
v -23.076431000 -36.435058500 -32.923233000
v -12.662033000 -36.435058500 -33.122951500
v 7.619781000 -36.435058500 -33.844677000
v 2.628036000 -36.435058500 -33.839641600
v 42.206650000 -36.435058500 -33.804161100
v 17.579086000 -36.435058500 -33.923301700
v 12.594299000 -36.435058500 -33.904048900
v -7.484055000 -36.435058500 -33.475441000
v -17.862015000 -36.435058500 -32.858768500
v 51.588943000 -36.435058500 -33.268905600
v 35.874832000 -36.435058500 19.828282360
v -15.076187000 -36.435058500 16.862151100
v -24.363174000 -36.435058500 31.469974280
v 68.161850000 -36.435058500 32.270131590
v -68.403335600 -36.435058500 32.751162530
v 67.932739000 -36.435058500 -32.144653300
v -68.220825200 -36.435058500 -32.735088300
v -30.128395000 -36.435058500 27.293704033
v 22.639923000 -36.435058500 10.203128800
v -5.300720000 -36.435058500 7.475637400
v 63.059906000 -36.435058500 26.936770797
v 43.466537000 -36.435058500 33.232860090
v 57.371384000 -36.435058500 26.305832980
v 51.983963000 -36.435058500 27.837841272
v 17.875351000 -36.435058500 10.006650900
v 13.135269000 -36.435058500 9.820552800
v 3.717545000 -36.435058500 9.174455600
v 8.417130000 -36.435058500 9.563037900
v -0.882111000 -36.435058500 8.515899700
v -58.718498200 -36.435058500 33.010211940
v 48.061874000 -36.435058500 32.870350840
v -44.639702000 -36.435058500 28.592772250
v -49.428596500 -36.435058500 28.581785440
v -39.855141000 -36.435058500 28.394502938
v -35.028885000 -36.435058500 27.944163948
v -63.702827500 -36.435058500 28.081398726
v -53.912185700 -36.435058500 33.139112470
v 68.386154000 -36.435058500 22.270517350
v -68.626213100 -36.435058500 13.103518500
v -68.382904100 -36.435058500 -12.456230200
v -68.506004300 -36.435058500 27.893065691
v 68.194702000 -36.435058500 27.239103854
v -68.580764800 -36.435058500 23.009051800
v -68.624069200 -36.435058500 18.095486640
v 64.449173000 -36.435058500 -16.361827900
v 63.844299000 -36.435058500 -21.300148000
v 65.009872000 -36.435058500 -11.601955400
v -63.584915200 -36.435058500 -22.824424700
v 64.237106000 -36.435058500 12.068480500
v 65.450134000 -36.435058500 -7.027935000
v -63.596199000 -36.435058500 -2.014577900
v 64.514420000 -36.435058500 7.232395200
v 65.305862000 -36.435058500 -2.475355100
v 64.726151000 -36.435058500 2.311220200
v -68.579086300 -36.435058500 8.053829200
v -68.376548800 -36.435058500 -7.319168100
v 68.613449000 -36.435058500 17.242977100
v 56.587616000 -36.435058500 -30.967937500
v -48.577407800 -36.435058500 -33.056827500
v -58.168731700 -36.435058500 -37.739097600
v -53.516189600 -36.435058500 -32.979633300
v -7.122528000 -36.435058500 -29.201004000
v 22.342514000 -36.435058500 -29.807579000
v 32.205200000 -36.435058500 -29.298076600
v 46.519882000 -36.435058500 -29.722091700
v 51.822586000 -36.435058500 -27.375015300
v 27.183792000 -36.435058500 -29.537330600
v 42.048370000 -36.435058500 -29.405777000
v 12.649246000 -36.435058500 -29.841350600
v 2.749069000 -36.435058500 -29.724899300
v 7.724289000 -36.435058500 -29.784408600
v 17.527466000 -36.435058500 -29.990146600
v -2.095215000 -36.435058500 -29.701381700
v -33.943779000 -36.435058500 -28.592334700
v -28.775887000 -36.435058500 -28.373004900
v -23.401489000 -36.435058500 -27.940761600
v -17.877747000 -36.435058500 -27.670780200
v -12.363525000 -36.435058500 -28.368541700
v 37.205078000 -36.435058500 -29.253356900
v 62.589539000 -36.435058500 -31.659668000
v -43.596222000 -36.435058500 -33.138713800
v 63.155792000 -36.435058500 -26.397361800
v -63.486328100 -36.435058500 -27.874130200
v -11.897522000 -36.435058500 10.794460300
v 39.779617000 -36.435058500 33.952035430
v 31.206970000 -36.435058500 15.306074100
v -19.860741000 -36.435058500 24.891127590
v -19.242683000 -36.435058500 30.570237640
v 63.600800000 -36.435058500 21.865685460
v -31.133766000 -36.435058500 22.458485600
v -63.849586500 -36.435058500 23.292884350
v -3.310242000 -36.435058500 2.893428800
v 47.092117000 -36.435058500 28.388815224
v 18.826889000 -36.435058500 5.595651600
v 42.073883000 -36.435058500 28.970673560
v 58.094925000 -36.435058500 -25.245918300
v -58.655983000 -36.435058500 -27.995220200
v 0.714890000 -36.435058500 3.949308400
v 59.047501000 -36.435058500 21.002578260
v -40.528702000 -36.435058500 23.752037050
v -58.934486400 -36.435058500 28.295530736
v -35.860321000 -36.435058500 23.221476080
v 5.048050000 -36.435058500 4.627246900
v 9.562546000 -36.435058500 5.053604100
v 14.158401000 -36.435058500 5.359869000
v -45.189781000 -36.435058500 23.960170270
v -63.506210300 -36.435058500 -12.449802400
v -63.921806300 -36.435058500 8.418422700
v -63.971656800 -36.435058500 13.485034000
v 61.834656000 -36.435058500 -6.539253200
v 60.693024000 -36.435058500 -10.509929700
v 58.991501000 -36.435058500 -20.144157400
v -58.756660500 -36.435058500 -22.980350500
v 61.704010000 -36.435058500 -2.847436900
v 59.760010000 -36.435058500 -15.195613900
v -63.948600800 -36.435058500 18.439874650
v 60.355118000 -36.435058500 7.110883700
v 59.969757000 -36.435058500 1.900531800
v -63.545463600 -36.435058500 -17.683937100
v -63.757873500 -36.435058500 3.232606900
v -54.201370200 -36.435058500 28.478855491
v -63.446456900 -36.435058500 -7.224411000
v 64.074158000 -36.435058500 16.874132200
v -43.953209000 -36.435058500 -28.453739200
v 17.355652000 -36.435058500 -26.328033400
v 21.754456000 -36.435058500 -25.857646900
v -63.329505900 -36.435058500 -32.825779000
v -48.876266500 -36.435058500 -28.293270100
v 42.173340000 -36.435058500 -24.964714100
v 37.006638000 -36.435058500 -24.747936200
v -1.734558000 -36.435058500 -26.063251500
v -24.072266000 -36.435058500 -23.036171000
v -17.704346000 -36.435058500 -21.642074600
v 2.789413000 -36.435058500 -25.767963400
v 7.891159000 -36.435058500 -25.862503100
v 12.757584000 -36.435058500 -25.999172200
v -29.434418000 -36.435058500 -23.838596300
v -34.440643000 -36.435058500 -24.137897500
v 47.050995000 -36.435058500 -25.724372900
v -58.425849900 -36.435058500 -32.906642900
v 31.698456000 -36.435058500 -24.859771700
v 26.523636000 -36.435058500 -25.234279600
v -11.420547000 -36.435058500 -23.871269200
v -6.353592000 -36.435058500 -25.331260700
v -38.975487000 -36.435058500 -28.584327700
v -9.307327000 -36.435058500 5.782953300
v -73.229705800 -36.435058500 32.639468670
v 27.371948000 -36.435058500 10.544717800
v 35.815399000 -36.435058500 24.551947830
v 35.927216000 -36.435058500 15.395744300
v -19.258606000 -36.435058500 11.981929800
v -21.201279000 -36.435058500 19.542257790
v -25.153900000 -36.435058500 26.214895840
v -32.398254000 -36.435058500 17.729839320
v 50.736969000 -36.435058500 23.681567190
v 46.227097000 -36.435058500 24.006849770
v -1.542389000 -36.435058500 -1.216739700
v 15.101105000 -36.435058500 0.940630000
v 2.144516000 -36.435058500 -0.310388600
v -36.845589000 -36.435058500 18.612300870
v -53.924125700 -36.435058500 -23.213016500
v 6.250015000 -36.435058500 0.274984400
v -59.150482200 -36.435058500 23.572322610
v -41.303268000 -36.435058500 19.157235150
v -54.494918800 -36.435058500 23.814992900
v 10.597244000 -36.435058500 0.654790900
v 54.270447000 -36.435058500 23.130743030
v -58.268447900 -36.435058500 -7.128120400
v -58.474937400 -36.435058500 -12.528522500
v -59.339775100 -36.435058500 8.867790200
v -59.397697400 -36.435058500 13.899400700
v 56.112228000 -36.435058500 -8.333644900
v 55.023178000 -36.435058500 -13.711509700
v 54.062424000 -36.435058500 -18.633495300
v -59.324043300 -36.435058500 18.786175730
v 58.860672000 -36.435058500 -4.757831600
v 56.321747000 -36.435058500 -1.377952600
v 56.400345000 -36.435058500 3.927541700
v -58.670105000 -36.435058500 -17.853225700
v -58.626564000 -36.435058500 -1.736965200
v -59.053497300 -36.435058500 3.635570500
v -44.178001000 -36.435058500 -23.811100000
v 17.082367000 -36.435058500 -23.330902100
v 13.215714000 -36.435058500 -21.715660100
v 36.708908000 -36.435058500 -20.285354600
v 42.386765000 -36.435058500 -20.396789600
v -21.263618000 -36.435058500 -16.301963800
v 2.251495000 -36.435058500 -21.403614000
v 8.128403000 -36.435058500 -22.346866600
v -53.759162900 -36.435058500 -28.138980900
v 20.339600000 -36.435058500 -21.741096500
v 31.007675000 -36.435058500 -20.439304400
v -1.507050000 -36.435058500 -23.255703000
v -25.780975000 -36.435058500 -18.327598600
v 53.093002000 -36.435058500 -23.284832000
v -30.389618000 -36.435058500 -19.574317900
v -4.851883000 -36.435058500 -21.769794500
v -9.230392000 -36.435058500 -19.905933400
v 25.466019000 -36.435058500 -20.791072800
v 59.529663000 -36.435058500 11.749188400
v -39.304375000 -36.435058500 -24.066638900
v -49.848037700 -36.435058500 23.956567290
v -6.989700000 -36.435058500 1.306310700
v 23.546890000 -36.435058500 5.848745300
v -26.371628000 -36.435058500 21.238984580
v 36.255661000 -36.435058500 30.672852750
v -15.847733000 -36.435058500 7.865497600
v -68.096099900 -36.435058500 -37.653045700
v 31.827408000 -36.435058500 11.179199200
v 40.942841000 -36.435058500 19.718138220
v -23.529572000 -36.435058500 14.727731700
v 50.381516000 -36.435058500 19.362742420
v -33.827263000 -36.435058500 13.131338100
v 59.778259000 -36.435058500 16.369336100
v 54.916092000 -36.435058500 19.624758720
v -0.207764000 -36.435058500 -4.885330200
v 3.231720000 -36.435058500 -4.232500100
v -37.923668000 -36.435058500 14.196079300
v 11.458237000 -36.435058500 -3.689958600
v 7.172012000 -36.435058500 -3.850566900
v -50.239418000 -36.435058500 19.327611920
v -28.019257000 -36.435058500 16.474151600
v 41.240372000 -36.435058500 24.367793560
v -53.472953800 -36.435058500 -12.950344100
v 19.653824000 -36.435058500 1.247732200
v -52.263999900 -36.435058500 -7.053791000
v 48.765854000 -36.435058500 -17.009979200
v 50.173096000 -36.435058500 -12.240699800
v 51.427261000 -36.435058500 -7.416919700
v -54.897949200 -36.435058500 9.372915300
v -54.915588400 -36.435058500 14.306111300
v 53.415863000 -36.435058500 -4.206934000
v 53.361084000 -36.435058500 1.961366700
v 55.501801000 -36.435058500 14.885355900
v -54.528533900 -36.435058500 4.217504500
v -53.839683500 -36.435058500 -18.199943500
v -39.453369000 -36.435058500 -19.647682200
v -4.888596000 -36.435058500 -2.570354500
v -44.172020000 -36.435058500 -19.256485000
v 17.411407000 -36.435058500 -17.492538500
v -53.713989300 -36.435058500 -1.131210300
v 24.256210000 -36.435058500 -16.338169100
v 42.541656000 -36.435058500 -15.164978000
v 11.098633000 -36.435058500 -15.729484600
v 36.136536000 -36.435058500 -15.934337600
v 6.080124000 -36.435058500 -14.375606500
v -0.206039000 -36.435058500 -15.688186600
v -17.433380000 -36.435058500 -13.294662500
v -24.315987000 -36.435058500 -11.840343500
v -28.071564000 -36.435058500 -14.033149700
v -2.365845000 -36.435058500 -18.722263300
v -10.498184000 -36.435058500 -13.656726800
v 30.263367000 -36.435058500 -16.110008200
v 47.833878000 -36.435058500 -21.517749800
v -6.585419000 -36.435058500 -16.527927400
v -34.878883000 -36.435058500 -19.929267900
v 56.123962000 -36.435058500 7.982841500
v -12.991760000 -36.435058500 3.442417100
v -45.763512000 -36.435058500 19.362711910
v -54.759025600 -36.435058500 19.093199730
v 28.450699000 -36.435058500 6.198953600
v -22.482018000 -36.435058500 7.954521200
v 40.804474000 -36.435058500 15.095422700
v -38.986839000 -36.435058500 10.277523000
v 3.797318000 -36.435058500 -7.653350800
v 7.635193000 -36.435058500 -7.682170900
v -29.883606000 -36.435058500 11.844825700
v -46.262489300 -36.435058500 14.827763600
v -49.014968900 -36.435058500 -18.743686700
v 45.778671000 -36.435058500 19.510593890
v -49.033012400 -36.435058500 -23.518753100
v -10.367828000 -36.435058500 -0.812141400
v -48.612281800 -36.435058500 -14.102317800
v 15.913284000 -36.435058500 -3.439308200
v 45.674438000 -36.435058500 -10.525306700
v -3.035736000 -36.435058500 -5.315200800
v 46.776276000 -36.435058500 -4.938716900
v -47.527236900 -36.435058500 -10.112361900
v 49.873825000 -36.435058500 -0.821067800
v -50.606781000 -36.435058500 9.885345500
v -50.198844900 -36.435058500 5.019268000
v -35.047287000 -36.435058500 -16.069305400
v -39.233231000 -36.435058500 -15.249538400
v 53.952744000 -36.435058500 11.077627200
v -47.415351900 -36.435058500 -4.092311900
v 17.358551000 -36.435058500 -12.417472800
v 11.932571000 -36.435058500 -12.002445200
v 39.763123000 -36.435058500 -10.828960400
v -49.155304000 -36.435058500 0.232084300
v 24.263123000 -36.435058500 1.502256400
v 7.390656000 -36.435058500 -11.235313400
v 1.576096000 -36.435058500 -12.216800700
v 23.447540000 -36.435058500 -11.342308000
v 35.094681000 -36.435058500 -11.644180300
v -2.464554000 -36.435058500 -11.503749800
v -20.652641000 -36.435058500 -9.165264100
v -13.940506000 -36.435058500 -10.120342300
v -27.301483000 -36.435058500 -7.873119400
v 29.698944000 -36.435058500 -11.769733400
v -4.216064000 -36.435058500 -13.682899500
v -7.477066000 -36.435058500 -10.727272000
v -42.069908000 -36.435058500 14.726697000
v 51.237930000 -36.435058500 6.055515300
v -31.582207000 -36.435058500 -15.770355200
v -50.531456000 -36.435058500 14.633089100
v 33.924667000 -36.435058500 6.969575900
v -19.416107000 -36.435058500 4.535297400
v 45.573318000 -36.435058500 9.942283600
v -25.955482000 -36.435058500 10.479457900
v 50.298004000 -36.435058500 14.997035000
v -46.487411500 -36.435058500 10.340745900
v -7.677155000 -36.435058500 -4.723735800
v 20.370132000 -36.435058500 -3.040926000
v -42.626785000 -36.435058500 10.585622800
v 38.548386000 -36.435058500 -6.824367500
v -43.877739000 -36.435058500 -14.885459900
v -43.559456000 -36.435058500 -10.974803900
v 41.375900000 -36.435058500 -3.197769200
v 16.656219000 -36.435058500 -7.895473500
v -44.798897000 -36.435058500 -7.636585200
v -38.327774000 -36.435058500 -10.354400600
v -33.912971000 -36.435058500 -12.972423600
v -16.531738000 -36.435058500 0.631698600
v 21.107422000 -36.435058500 -7.207752200
v 34.331467000 -36.435058500 -7.274105100
v -43.148315000 -36.435058500 -2.088766100
v -44.965126000 -36.435058500 1.697725300
v 29.604889000 -36.435058500 -7.389663700
v 24.857346000 -36.435058500 -7.019691500
v 50.190521000 -36.435058500 10.496713600
v -10.678528000 -36.435058500 -7.217754400
v -17.105453000 -36.435058500 -6.235191300
v -4.140991000 -36.435058500 -8.189624800
v -23.653015000 -36.435058500 -5.199119600
v 45.992081000 -36.435058500 3.952869400
v -30.913292000 -36.435058500 -10.393756900
v 29.054230000 -36.435058500 1.730577500
v 39.870956000 -36.435058500 5.574195900
v 45.590393000 -36.435058500 14.915000900
v -25.584320000 -36.435058500 4.587442400
v -42.572098000 -36.435058500 6.701158500
v -35.433830000 -36.435058500 8.858694100
v 29.382568000 -36.435058500 -2.833625800
v -34.105331000 -36.435058500 -7.024009700
v -40.747574000 -36.435058500 -5.855850200
v 33.920319000 -36.435058500 -2.769519800
v -41.213150000 -36.435058500 3.295883200
v -20.066612000 -36.435058500 -2.334238100
v 43.304153000 -36.435058500 -0.628210100
v -30.210114000 -36.435058500 -4.197221800
v -13.689026000 -36.435058500 -3.363601700
v 38.791077000 -36.435058500 1.197549800
v -22.902870000 -36.435058500 1.338899600
v -31.581612000 -36.435058500 6.593593600
v -35.419952000 -36.435058500 2.784303700
v 38.093475000 -36.435058500 -2.843479200
v -36.784767000 -36.435058500 -3.430629700
v -32.875061000 -36.435058500 -0.590353000
v -39.167740000 -36.435058500 0.065784500
v -39.816612000 -36.435058500 7.413557100
v -26.493408000 -36.435058500 -1.471029300
v -29.139641000 -36.435058500 2.182167100
v 34.789124000 -36.435058500 36.802311900
v -73.168510400 -36.435058500 37.572574600
v 35.710388000 -36.435058500 11.158571200
v 40.553726000 -36.435058500 10.305971100
v 50.101349000 -36.435058500 -30.061935400
v -27.671822000 -36.435058500 7.151813500
v 33.892471000 -36.435058500 1.880945200
v 42.395996000 -36.435058500 -6.032970400
v -37.882141000 -36.435058500 5.488628400
v -13.759689000 -36.435058500 -17.116458900
v 42.679977000 -36.435058500 -9.143463100
v 24.712845000 -36.435058500 -2.814113600
v -46.117919900 -36.435058500 5.906995800
v 11.956329000 -36.435058500 -7.896415700
v 0.330185000 -36.435058500 -8.171779600
v 4.170639000 -36.435058500 -10.301548000
v 4.320450000 -36.435058500 -17.688240100
v 9.203613000 -36.435058500 -19.228866600
v -67.898826600 -96.589495570 42.500000000
v 24.558426000 -48.182323400 42.500000000
v 15.756989000 -44.747707300 42.500000000
v 6.118240000 -43.930202400 42.500000000
v -3.947327000 -43.445377300 42.500000000
v -4.216812000 -54.384361200 42.500000000
v 5.373337000 -53.960136300 42.500000000
v 14.839218000 -57.823429000 42.500000000
v 24.431778000 -58.076881300 42.500000000
v 23.354782000 -36.852157500 42.500000000
v 12.841934000 -35.520576400 42.500000000
v 4.784256000 -35.673728800 42.500000000
v -2.700485000 -34.124015700 42.500000000
v 68.735229000 -22.118728500 42.500000000
v 59.327850000 -21.358314400 42.500000000
v 48.944092000 -21.307815500 42.500000000
v 34.848694000 -25.876563900 42.500000000
v 27.384552000 -27.434219300 42.500000000
v 17.674789000 -26.998359600 42.500000000
v 6.323898000 -26.826072600 42.500000000
v -5.327576000 -23.476325900 42.500000000
v -17.726959000 -26.575401200 42.500000000
v -28.754730000 -22.877159000 42.500000000
v -38.294434000 -23.603721500 42.500000000
v -47.331764200 -23.592246900 42.500000000
v -56.495262100 -22.671028000 42.500000000
v -67.716232300 -21.449340700 42.500000000
v 68.669250000 -13.237968400 42.500000000
v 57.381607000 -12.717292700 42.500000000
v 48.848297000 -11.766227600 42.500000000
v 37.223312000 -15.443366900 42.500000000
v 25.653397000 -13.590080200 42.500000000
v 12.638840000 -12.281013400 42.500000000
v 2.705780000 -15.366493100 42.500000000
v -7.784348000 -12.096237100 42.500000000
v -18.001930000 -12.492240800 42.500000000
v -26.678467000 -13.402786200 42.500000000
v -34.495102000 -14.438339100 42.500000000
v -46.405326800 -15.254333400 42.500000000
v -59.147506700 -14.892120300 42.500000000
v -68.527336100 -11.851188600 42.500000000
v 66.124710000 -5.057380500 42.500000000
v 57.005783000 -6.767990000 42.500000000
v 49.077942000 -4.183044500 42.500000000
v 37.619431000 -6.667922900 42.500000000
v 25.493179000 -3.988929500 42.500000000
v 16.906464000 -2.704711500 42.500000000
v 4.036560000 -6.395027500 42.500000000
v -6.839447000 -3.020248500 42.500000000
v -15.508804000 -4.666496500 42.500000000
v -26.080597000 -8.218246400 42.500000000
v -34.733208000 -5.582954500 42.500000000
v -44.432327000 -5.736709500 42.500000000
v -59.371635400 -3.633743500 42.500000000
v -68.268905600 -2.555465500 42.500000000
v 62.271851000 3.887222500 42.500000000
v 55.962280000 4.244819500 42.500000000
v 46.680710000 6.389305500 42.500000000
v 38.553452000 2.424522500 42.500000000
v 25.858078000 5.823356500 42.500000000
v 16.969620000 7.370613500 42.500000000
v 3.267242000 3.635612500 42.500000000
v -5.053268000 4.672821500 42.500000000
v -18.959869000 5.769676500 42.500000000
v -26.062225000 2.662811500 42.500000000
v -33.988121000 3.148040500 42.500000000
v -45.189339000 4.493782500 42.500000000
v -57.856132500 8.273857500 42.500000000
v -65.854759200 7.879928500 42.500000000
v 68.664352000 12.852462500 42.500000000
v 57.534622000 13.933906500 42.500000000
v 51.737839000 16.100784500 42.500000000
v 35.340469000 12.980514500 42.500000000
v 27.639023000 16.048217500 42.500000000
v 16.658157000 17.277587500 42.500000000
v 7.163300000 17.393119500 42.500000000
v -4.168701000 16.456009500 42.500000000
v -15.735504000 13.068702500 42.500000000
v -25.346870000 16.178909500 42.500000000
v -33.208702000 14.712410500 42.500000000
v -47.593833900 15.244842500 42.500000000
v -58.112175000 16.831947500 42.500000000
v -68.206436200 18.137092500 42.500000000
v 66.645981000 25.074920500 42.500000000
v 57.477402000 25.147216500 42.500000000
v 43.883194000 26.931488500 42.500000000
v 37.943573000 26.095443500 42.500000000
v 25.996536000 24.862915500 42.500000000
v 16.050323000 25.349899500 42.500000000
v 3.039017000 23.955429500 42.500000000
v -3.788544000 25.209182500 42.500000000
v -12.891922000 27.858047500 42.500000000
v -26.205711000 24.320785500 42.500000000
v -37.159668000 26.939926500 42.500000000
v -47.366157500 25.415054500 42.500000000
v -58.442367600 26.464431500 42.500000000
v -68.680709800 27.450439500 42.500000000
v 58.927841000 37.999710500 42.500000000
v 48.866409000 37.363998500 42.500000000
v 34.196747000 34.170959500 42.500000000
v 23.298584000 35.470245500 42.500000000
v 14.358734000 35.151565500 42.500000000
v 7.303360000 31.675674500 42.500000000
v -4.002106000 38.634262500 42.500000000
v -13.371964000 35.299652500 42.500000000
v -27.502243000 32.102401500 42.500000000
v -47.823646500 35.438232500 42.500000000
v -54.886398300 35.649597500 42.500000000
v -63.610305800 36.534545500 42.500000000
v 68.216293000 47.335250500 42.500000000
v 58.353302000 47.065475500 42.500000000
v 47.780579000 46.655746500 42.500000000
v 35.407715000 45.959732500 42.500000000
v 26.674713000 44.688263500 42.500000000
v 14.624084000 46.453415500 42.500000000
v 7.024002000 44.926345500 42.500000000
v -5.055191000 46.506454500 42.500000000
v -14.564651000 45.926086500 42.500000000
v -27.482269000 44.185730500 42.500000000
v -36.681625000 42.996124500 42.500000000
v -49.008262600 45.200500500 42.500000000
v -56.829086300 46.057937500 42.500000000
v -68.239257800 46.653869500 42.500000000
v 68.139038000 56.711563500 42.500000000
v 58.288742000 55.658660500 42.500000000
v 47.337036000 56.434631500 42.500000000
v 34.303558000 58.374206500 42.500000000
v 25.466568000 55.705169500 42.500000000
v 16.569901000 56.223037500 42.500000000
v 6.776718000 56.731857500 42.500000000
v -6.989899000 57.423141500 42.500000000
v -16.740051000 54.949035500 42.500000000
v -26.696053000 52.076919500 42.500000000
v -38.508514000 55.426132500 42.500000000
v -45.752083000 57.063919500 42.500000000
v -59.250549300 55.900070500 42.500000000
v -68.385627700 56.317260500 42.500000000
v 67.585175000 66.525833500 42.500000000
v 56.704910000 63.310638500 42.500000000
v 48.076736000 66.376968500 42.500000000
v 36.530594000 65.270843500 42.500000000
v 25.168289000 65.778259500 42.500000000
v 16.293274000 64.860855500 42.500000000
v 3.615005000 67.039810500 42.500000000
v -5.852386000 68.111709500 42.500000000
v -16.088593000 66.721527500 42.500000000
v -24.939003000 66.422927500 42.500000000
v -37.023003000 66.736618500 42.500000000
v -44.670967000 68.810943500 42.500000000
v -58.393348700 64.666168500 42.500000000
v -68.312706000 65.951675500 42.500000000
v 67.943344000 76.640091500 42.500000000
v 58.208939000 76.944473500 42.500000000
v 48.304947000 76.271850500 42.500000000
v 37.371735000 78.411148500 42.500000000
v 23.866623000 73.978912500 42.500000000
v 15.438141000 73.822982500 42.500000000
v 1.974060000 77.490615500 42.500000000
v -6.795609000 76.848281500 42.500000000
v -15.107056000 80.930618500 42.500000000
v -26.537582000 77.302932500 42.500000000
v -34.042221000 76.717727500 42.500000000
v -49.670593300 73.005066500 42.500000000
v -57.702957200 76.478256500 42.500000000
v -67.685081500 75.464233500 42.500000000
v 67.864716000 86.471237500 42.500000000
v 57.793884000 86.191040500 42.500000000
v 47.615723000 85.942657500 42.500000000
v 39.428940000 86.550766500 42.500000000
v 26.736053000 83.166168500 42.500000000
v 18.353439000 88.005661500 42.500000000
v 5.571213000 87.014480500 42.500000000
v -4.406387000 86.948822500 42.500000000
v -12.714539000 85.403305500 42.500000000
v -25.956207000 86.628830500 42.500000000
v -33.493439000 83.944519500 42.500000000
v -49.695991500 86.208984500 42.500000000
v -57.129898100 85.261108500 42.500000000
v -65.337379500 85.665802500 42.500000000
v 67.760788000 96.363281500 42.500000000
v 57.631592000 96.178985500 42.500000000
v 47.536652000 96.103180500 42.500000000
v 37.379547000 96.127517500 42.500000000
v 27.426529000 97.028076500 42.500000000
v 17.668991000 97.205795500 42.500000000
v 7.146317000 96.255844500 42.500000000
v -6.422516000 96.371597500 42.500000000
v -16.483658000 95.926467500 42.500000000
v -26.951180000 96.188201500 42.500000000
v -37.358803000 95.664077500 42.500000000
v -47.845336900 96.520172500 42.500000000
v -57.683990500 97.220428500 42.500000000
v -67.480262800 96.602081500 42.500000000
v -67.846702600 -77.550546600 42.500000000
v -56.645263700 -77.663103000 42.500000000
v -47.035888700 -75.259241000 42.500000000
v -38.230827000 -75.705020800 42.500000000
v -23.748055000 -76.539604100 42.500000000
v -14.420929000 -77.089052100 42.500000000
v -2.731003000 -75.653243900 42.500000000
v 1.797974000 -73.705646400 42.500000000
v 15.024078000 -76.764150500 42.500000000
v 27.859268000 -73.581947200 42.500000000
v 35.011887000 -78.342683700 42.500000000
v 45.812302000 -75.726358300 42.500000000
v 54.024200000 -76.865386900 42.500000000
v 68.438950000 -76.875717100 42.500000000
v 68.565674000 -67.580367900 42.500000000
v 58.709091000 -68.103935100 42.500000000
v 49.675415000 -67.110671900 42.500000000
v 39.745407000 -67.298923400 42.500000000
v 29.192200000 -67.808227400 42.500000000
v 15.245636000 -68.926261800 42.500000000
v 7.298569000 -64.297222000 42.500000000
v -2.526398000 -64.426959900 42.500000000
v -15.187683000 -67.636058700 42.500000000
v -24.240700000 -67.242191200 42.500000000
v -33.725075000 -66.995616800 42.500000000
v -43.344360000 -66.889453800 42.500000000
v -53.200111400 -67.298683100 42.500000000
v -63.106849700 -67.800018200 42.500000000
v -67.757820100 -87.062219500 42.500000000
v -56.460975600 -86.992782500 42.500000000
v -48.895652800 -84.707328700 42.500000000
v -36.083458000 -89.576492200 42.500000000
v -23.225624000 -84.969646400 42.500000000
v -18.831421000 -85.481161000 42.500000000
v -5.949646000 -88.410924800 42.500000000
v 4.067398000 -87.543149900 42.500000000
v 14.447052000 -87.555583900 42.500000000
v 25.049774000 -84.159231100 42.500000000
v 36.689865000 -87.939310000 42.500000000
v 46.028976000 -87.613960200 42.500000000
v 56.268616000 -84.669992400 42.500000000
v 67.741501000 -86.383752700 42.500000000
v -57.837173500 -96.856806660 42.500000000
v -48.252044700 -97.981885820 42.500000000
v -39.303009000 -98.062738320 42.500000000
v -25.344589000 -97.545835400 42.500000000
v -15.509369000 -96.887825870 42.500000000
v -5.300858000 -97.055169010 42.500000000
v 4.629974000 -97.081396010 42.500000000
v 14.364960000 -97.273971460 42.500000000
v 23.863480000 -93.123522700 42.500000000
v 38.131943000 -97.397689730 42.500000000
v 47.767502000 -96.826535130 42.500000000
v 57.696655000 -96.240751200 42.500000000
v 67.796371000 -96.368573100 42.500000000
v 28.498169000 -31.918144100 42.500000000
v 24.689880000 -53.321609400 42.500000000
v 49.249588000 -58.014446200 42.500000000
v 49.080582000 -31.304634000 42.500000000
v 44.120834000 -30.962997300 42.500000000
v 39.465851000 -58.022182400 42.500000000
v 54.057617000 -58.059349000 42.500000000
v 73.205597000 -58.228054000 42.500000000
v 73.249985000 -31.591148300 42.500000000
v 68.434677000 -31.616790700 42.500000000
v 63.563629000 -31.581947200 42.500000000
v 58.713730000 -31.477035400 42.500000000
v 38.538422000 -30.071998500 42.500000000
v 58.792831000 -58.144802000 42.500000000
v 44.392181000 -58.017280500 42.500000000
v 53.898087000 -31.362747100 42.500000000
v 63.582993000 -58.187744000 42.500000000
v 68.402420000 -58.202003400 42.500000000
v 34.551270000 -58.041919600 42.500000000
v 73.278137000 -67.728755900 42.500000000
v -72.925453200 -91.860955100 42.500000000
v -72.957763700 -96.675176530 42.500000000
v -72.929214500 -87.105760500 42.500000000
v 73.248657000 -62.989334000 42.500000000
v 72.853424000 -91.683116800 42.500000000
v -73.053504900 -67.887168800 42.500000000
v 73.183670000 -77.265882400 42.500000000
v -72.942375200 -82.333419700 42.500000000
v -72.961608900 -77.545833500 42.500000000
v -72.998863200 -72.734863200 42.500000000
v -73.093658400 -63.039146300 42.500000000
v -73.108978300 -58.214374400 42.500000000
v 73.281250000 -72.484096400 42.500000000
v 73.041901000 -82.053884400 42.500000000
v 72.909378000 -86.832673900 42.500000000
v 72.884109000 -96.562014490 42.500000000
v 72.976700000 -101.477376370 42.500000000
v 48.330353000 -101.607371240 42.500000000
v 58.135620000 -101.368098640 42.500000000
v 68.000671000 -101.387612730 42.500000000
v -14.999268000 -101.674508000 42.500000000
v -5.088913000 -101.693490890 42.500000000
v -24.787949000 -101.950714020 42.500000000
v -34.334747000 -102.129368690 42.500000000
v -43.828285000 -102.238513850 42.500000000
v -63.124412500 -101.506920240 42.500000000
v -53.381965600 -101.858594800 42.500000000
v 4.749390000 -101.779805570 42.500000000
v 14.460770000 -101.914220720 42.500000000
v 24.103439000 -102.058575060 42.500000000
v 28.927734000 -102.067504790 42.500000000
v 38.610916000 -101.913216020 42.500000000
v 63.049957000 -101.341863540 42.500000000
v 53.245773000 -101.461918740 42.500000000
v 43.448151000 -101.774316220 42.500000000
v 33.778809000 -102.018188380 42.500000000
v 19.285126000 -101.986166380 42.500000000
v 9.619537000 -101.828833010 42.500000000
v -0.148727000 -101.732946300 42.500000000
v -10.058487000 -101.655247120 42.500000000
v -19.908661000 -101.818869500 42.500000000
v -29.576981000 -102.065552140 42.500000000
v -39.107033000 -102.248427300 42.500000000
v -48.587715100 -102.148507980 42.500000000
v -58.244613600 -101.656581310 42.500000000
v -68.066116300 -101.487543010 42.500000000
v -14.639709000 -58.317935800 42.500000000
v -18.392365000 -31.679275400 42.500000000
v -33.844376000 -57.978790200 42.500000000
v -43.664536000 -58.013774800 42.500000000
v -24.126625000 -58.018962800 42.500000000
v -67.960502600 -31.396240100 42.500000000
v -62.948837300 -31.472114500 42.500000000
v -53.065513600 -31.939445400 42.500000000
v -48.198936500 -32.103195100 42.500000000
v -43.339424000 -32.170829700 42.500000000
v -38.461166000 -32.136512700 42.500000000
v -28.534225000 -31.841918900 42.500000000
v -23.489059000 -31.657783400 42.500000000
v -48.593856800 -58.038181200 42.500000000
v -68.217353800 -58.182674300 42.500000000
v -63.313598600 -58.154655400 42.500000000
v -53.501792900 -58.073677000 42.500000000
v -57.989318800 -31.703987000 42.500000000
v -72.990173300 -31.428947400 42.500000000
v -33.531830000 -32.015884300 42.500000000
v -58.414688100 -58.119678400 42.500000000
v -19.322449000 -58.105182600 42.500000000
v -38.733467000 -57.980247400 42.500000000
v -28.965286000 -57.977531300 42.500000000
v -73.183387800 61.653442500 42.500000000
v -73.189971900 51.866699500 42.500000000
v -73.231071500 42.130584500 42.500000000
v 73.393219000 -21.930946300 42.500000000
v 73.206345000 -12.366897500 42.500000000
v 72.580490000 -7.458045900 42.500000000
v 72.721878000 3.476570500 42.500000000
v 73.349182000 12.925735500 42.500000000
v 71.758911000 22.682922500 42.500000000
v 73.333313000 32.394439500 42.500000000
v 72.888458000 42.370651500 42.500000000
v 73.099396000 47.276825500 42.500000000
v 72.905563000 66.791595500 42.500000000
v 72.948883000 76.727096500 42.500000000
v 72.912949000 86.609863500 42.500000000
v 72.893066000 101.431945500 42.500000000
v -72.633697500 96.454071500 42.500000000
v -72.049339300 86.225860500 42.500000000
v -72.362052900 81.278503500 42.500000000
v -72.992858900 71.418640500 42.500000000
v -73.341529800 32.344574500 42.500000000
v -73.348892200 27.518997500 42.500000000
v -72.332481400 7.854065500 42.500000000
v -73.255012500 -11.893325700 42.500000000
v 72.881180000 91.534698500 42.500000000
v 72.948608000 81.674133500 42.500000000
v 72.985718000 61.894119500 42.500000000
v 73.140717000 52.119705500 42.500000000
v 72.283005000 37.016342500 42.500000000
v 72.856461000 27.839660500 42.500000000
v 72.981766000 17.524818500 42.500000000
v 73.323303000 8.283729500 42.500000000
v 71.235626000 -1.955978500 42.500000000
v 73.414062000 -17.140983500 42.500000000
v 73.323456000 -26.742248400 42.500000000
v -72.979904200 -21.612747100 42.500000000
v -73.246933000 -7.037307600 42.500000000
v -72.632080100 12.809280500 42.500000000
v -73.276374800 37.228683500 42.500000000
v -73.188942000 46.997100500 42.500000000
v -73.199104300 56.743225500 42.500000000
v -73.132301300 66.524246500 42.500000000
v -72.738227800 76.316925500 42.500000000
v -72.303428600 91.349884500 42.500000000
v -72.835334800 101.455932500 42.500000000
v -73.015548700 17.784599500 42.500000000
v -73.040695200 -2.130065500 42.500000000
v -72.939361600 -26.480918800 42.500000000
v -73.120483400 -16.753082200 42.500000000
v -72.656005900 2.857322500 42.500000000
v -73.263351400 22.680679500 42.500000000
v 73.078690000 56.988372500 42.500000000
v 72.876526000 96.474456500 42.500000000
v 72.904175000 71.735092500 42.500000000
v 32.594147000 101.529724500 42.500000000
v 22.584351000 101.799942500 42.500000000
v 62.757217000 101.331451500 42.500000000
v 52.677475000 101.271988500 42.500000000
v 42.595764000 101.281951500 42.500000000
v 12.532669000 101.676086500 42.500000000
v 2.724274000 101.994247500 42.500000000
v -7.004868000 101.396087500 42.500000000
v -12.065964000 101.317138500 42.500000000
v -22.168060000 101.256363500 42.500000000
v -32.470459000 101.212020500 42.500000000
v -42.634636000 101.273605500 42.500000000
v -52.736740100 101.645919500 42.500000000
v -57.773796100 101.731247500 42.500000000
v -67.780212400 101.536468500 42.500000000
v -62.793998700 101.671829500 42.500000000
v -47.715057400 101.461364500 42.500000000
v -37.544777000 101.145950500 42.500000000
v -27.318596000 101.237976500 42.500000000
v -17.073212000 101.234634500 42.500000000
v -2.032608000 101.568801500 42.500000000
v 7.573318000 101.675247500 42.500000000
v 17.591522000 101.782058500 42.500000000
v 27.606918000 101.704391500 42.500000000
v 37.607635000 101.356613500 42.500000000
v 47.656204000 101.269821500 42.500000000
v 57.728943000 101.301620500 42.500000000
v 67.824661000 101.378051500 42.500000000
v -9.001495000 -42.791522900 42.500000000
v -9.246780000 -48.190391400 42.500000000
v -8.503372000 -37.713951000 42.500000000
v 68.474609000 -62.925136500 42.500000000
v -68.178024300 -63.005950800 42.500000000
v 58.825577000 -62.930442700 42.500000000
v 49.424591000 -62.566154400 42.500000000
v 44.565765000 -25.985618500 42.500000000
v 40.277481000 -25.038619900 42.500000000
v 44.525345000 -62.566753300 42.500000000
v 49.181915000 -26.201599000 42.500000000
v 39.551239000 -62.637008600 42.500000000
v 53.944382000 -26.097190800 42.500000000
v 63.697250000 -26.719398400 42.500000000
v 54.191696000 -62.677528300 42.500000000
v 63.659760000 -62.916049900 42.500000000
v 34.555618000 -62.714630000 42.500000000
v -67.797493000 -91.791833800 42.500000000
v -67.949623100 -72.744781400 42.500000000
v 67.666519000 -91.324202400 42.500000000
v -67.796966600 -82.338369300 42.500000000
v 68.067719000 -81.581876700 42.500000000
v 68.660538000 -72.196670400 42.500000000
v 23.071487000 -32.048370300 42.500000000
v 28.640045000 -97.697548770 42.500000000
v 19.158081000 -97.428714660 42.500000000
v 9.524399000 -97.130468270 42.500000000
v -0.326218000 -97.072873020 42.500000000
v -10.438354000 -96.948251630 42.500000000
v -20.518242000 -97.291799450 42.500000000
v -30.049995000 -97.729358580 42.500000000
v -62.510719300 -26.448905900 42.500000000
v -43.073570000 -27.928893900 42.500000000
v -33.470726000 -27.664375200 42.500000000
v -48.516044600 -62.590969000 42.500000000
v -58.361984300 -62.842246900 42.500000000
v -52.528419500 -27.532417200 42.500000000
v -24.226219000 -62.618740000 42.500000000
v -43.549599000 -62.497764500 42.500000000
v -28.988976000 -62.532955100 42.500000000
v -38.660233000 -62.464733000 42.500000000
v -33.787888000 -62.482101300 42.500000000
v -28.476982000 -27.287559400 42.500000000
v -38.328033000 -27.860908400 42.500000000
v -53.411651600 -62.708389200 42.500000000
v -63.244483900 -62.951991900 42.500000000
v -19.551178000 -62.770503900 42.500000000
v 69.524384000 33.119018500 42.500000000
v 67.944824000 81.571884500 42.500000000
v 68.008072000 42.816848500 42.500000000
v -68.176658600 -16.577896000 42.500000000
v -68.571548500 -7.194404500 42.500000000
v -67.441368100 2.342849500 42.500000000
v 67.752380000 71.596283500 42.500000000
v 66.256760000 1.324836500 42.500000000
v 67.847717000 61.589874500 42.500000000
v -68.590499900 32.112381500 42.500000000
v -68.318031300 41.823211500 42.500000000
v -68.292182900 51.462799500 42.500000000
v -68.125351000 70.671112500 42.500000000
v -68.420333900 61.161560500 42.500000000
v -9.478851000 -53.670051500 42.500000000
v -7.674133000 -33.108428900 42.500000000
v 19.988480000 -49.028377400 42.500000000
v 19.873306000 -53.458587600 42.500000000
v -11.453049000 96.157379500 42.500000000
v 12.690170000 96.938659500 42.500000000
v -21.706963000 96.083679500 42.500000000
v 22.562943000 97.232376500 42.500000000
v 32.377548000 96.597396500 42.500000000
v -32.176758000 95.923935500 42.500000000
v 42.895569000 -97.142021090 42.500000000
v -43.870987000 -98.258580110 42.500000000
v -42.660454000 95.989029500 42.500000000
v 42.473251000 96.097610500 42.500000000
v 52.739273000 -96.484515100 42.500000000
v -52.979942300 -97.396741770 42.500000000
v -52.778739900 97.006469500 42.500000000
v 52.593704000 96.132370500 42.500000000
v -62.575843800 97.006561500 42.500000000
v 62.699051000 96.270965500 42.500000000
v -62.850357100 -96.643475440 42.500000000
v 62.704987000 -96.211487700 42.500000000
v 67.780060000 -8.994949200 42.500000000
v 68.240997000 51.973266500 42.500000000
v 68.934952000 -17.543876600 42.500000000
v -42.857834000 -23.693801800 42.500000000
v 63.955948000 30.689849500 42.500000000
v -63.737022400 31.777298500 42.500000000
v 53.968674000 -20.197792000 42.500000000
v 63.186966000 -1.734847500 42.500000000
v -62.841346700 1.053077500 42.500000000
v -33.643196000 -23.325042600 42.500000000
v 63.338135000 42.910049500 42.500000000
v -63.275276200 41.460327500 42.500000000
v 64.327942000 -71.871116500 42.500000000
v -62.785209700 -72.714611000 42.500000000
v 40.807556000 -20.557861200 42.500000000
v 13.420410000 92.334533500 42.500000000
v -10.557602000 91.077545500 42.500000000
v 34.725830000 -67.501377000 42.500000000
v 42.206284000 -92.521598700 42.500000000
v -44.114899000 -94.596369600 42.500000000
v -48.224174500 -67.019252700 42.500000000
v -23.545319000 -22.022911000 42.500000000
v -21.501343000 91.124786500 42.500000000
v 22.570587000 92.694595500 42.500000000
v 33.008286000 -93.324562000 42.500000000
v -30.690475000 -93.473814900 42.500000000
v -51.849273700 -23.278892400 42.500000000
v 63.566101000 -10.707275300 42.500000000
v -64.006652800 -7.297225900 42.500000000
v -52.234062200 -93.033784800 42.500000000
v 52.022461000 -91.485792100 42.500000000
v 31.887543000 91.777084500 42.500000000
v -31.540680000 90.678863500 42.500000000
v 63.319305000 51.732849500 42.500000000
v -63.288368200 51.170303500 42.500000000
v -63.414970400 -15.959213200 42.500000000
v -28.911339000 -67.113857200 42.500000000
v 19.176773000 -92.757403300 42.500000000
v -21.468735000 -93.012293700 42.500000000
v -43.105583000 90.683731500 42.500000000
v 42.588715000 91.044601500 42.500000000
v 62.718033000 60.968734500 42.500000000
v -19.594009000 -67.449253000 42.500000000
v 44.746017000 -67.158317500 42.500000000
v 63.063690000 -80.753818400 42.500000000
v -62.596504200 -82.382644600 42.500000000
v 68.566559000 -26.801567000 42.500000000
v 58.849518000 -26.383583000 42.500000000
v 54.227722000 -67.204551600 42.500000000
v 63.906052000 -67.499713800 42.500000000
v -68.065246600 -67.878482700 42.500000000
v 64.067795000 -21.994567800 42.500000000
v 62.689209000 71.808517500 42.500000000
v -63.500457800 69.799621500 42.500000000
v 62.381409000 -90.958188000 42.500000000
v -67.757659900 -26.378181400 42.500000000
v -38.485153000 -66.897777500 42.500000000
v 67.400879000 38.601013500 42.500000000
v -53.138198900 92.588089500 42.500000000
v 52.596527000 91.044525500 42.500000000
v 19.563583000 -45.505683800 42.500000000
v -10.170197000 -58.712612100 42.500000000
v 17.742889000 -36.213828900 42.500000000
v 24.519073000 -62.613769400 42.500000000
v 62.983063000 81.520874500 42.500000000
v -62.568611100 -91.814495900 42.500000000
v 9.432983000 -92.326084000 42.500000000
v -10.748932000 -92.429716000 42.500000000
v -62.049026500 92.510238500 42.500000000
v 62.733536000 91.266738500 42.500000000
v -0.623062000 -92.471107400 42.500000000
v -10.709915000 -63.401290800 42.500000000
v 60.834671000 -71.700740700 42.500000000
v -47.724708600 -71.263370400 42.500000000
v -24.025314000 -71.918857500 42.500000000
v 64.994354000 34.913818500 42.500000000
v -59.006721500 36.078125500 42.500000000
v 62.121140000 -7.326263300 42.500000000
v -63.722633400 -3.111587500 42.500000000
v 63.330780000 47.275161500 42.500000000
v -62.964401200 46.324142500 42.500000000
v 63.880951000 -76.183479200 42.500000000
v -62.510116600 -77.563432600 42.500000000
v 37.030579000 -19.497970500 42.500000000
v 35.257751000 -72.548858500 42.500000000
v 46.999512000 -92.122604300 42.500000000
v -47.731926000 -94.334118700 42.500000000
v -15.817245000 90.088180500 42.500000000
v 17.988708000 92.630310500 42.500000000
v 47.926407000 -17.011718700 42.500000000
v 50.059113000 -71.528144700 42.500000000
v -17.351761000 -20.445098800 42.500000000
v -38.277817000 -71.289020400 42.500000000
v -26.144669000 -93.335865900 42.500000000
v 28.432312000 -89.287651000 42.500000000
v 27.187042000 92.415557500 42.500000000
v -26.531357000 91.240936500 42.500000000
v -38.437378000 -19.229141100 42.500000000
v -55.244865400 -18.690589800 42.500000000
v -57.297851600 -92.114346400 42.500000000
v 57.096375000 -90.840722000 42.500000000
v 60.108337000 -12.215599000 42.500000000
v -63.901641800 -11.531295700 42.500000000
v 37.170853000 90.472656500 42.500000000
v -37.072487000 89.162414500 42.500000000
v 63.173462000 56.262390500 42.500000000
v -63.674812300 55.954956500 42.500000000
v 14.353912000 -92.466952200 42.500000000
v -16.327850000 -91.732588700 42.500000000
v 29.615372000 -58.058544100 42.500000000
v 45.104538000 -71.669937000 42.500000000
v 62.337814000 -85.673339700 42.500000000
v -62.411659200 -87.100734600 42.500000000
v 47.590698000 91.061523500 42.500000000
v -48.410057100 91.527038500 42.500000000
v -47.789039600 -27.823165800 42.500000000
v 63.003189000 76.763214500 42.500000000
v -63.027824400 74.264511500 42.500000000
v -68.455497700 36.936309500 42.500000000
v 68.050720000 4.935173500 42.500000000
v -57.601928700 93.183639500 42.500000000
v 57.682938000 91.162445500 42.500000000
v 22.965836000 -42.461486700 42.500000000
v 17.852386000 -31.596610900 42.500000000
v 62.852463000 86.365020500 42.500000000
v -5.620987000 -92.609609500 42.500000000
v -33.536133000 -71.521388900 42.500000000
v -66.809898400 91.532302500 42.500000000
v 67.807938000 91.414260500 42.500000000
v 4.397736000 -92.321720000 42.500000000
v -5.895416000 -59.470100300 42.500000000
v -28.727295000 -71.722156400 42.500000000
v 40.188660000 -72.346183700 42.500000000
v 55.143463000 -71.967472000 42.500000000
v -42.927757000 -71.092018000 42.500000000
v 30.821457000 -72.529197600 42.500000000
v -61.849075300 -21.050369200 42.500000000
v 61.487076000 66.265228500 42.500000000
v -19.368279000 -72.133289200 42.500000000
v -58.094566300 -67.610614700 42.500000000
v 22.595749000 -27.401618900 42.500000000
v 16.983170000 -40.637229800 42.500000000
v 9.320389000 -87.431501300 42.500000000
v -1.203110000 -87.861537800 42.500000000
v -10.307144000 -72.086799500 42.500000000
v -63.791450500 60.693893500 42.500000000
v -52.580207800 -71.777881500 42.500000000
v 59.779678000 33.118225500 42.500000000
v -58.952796900 31.480667500 42.500000000
v 57.098053000 -1.596137500 42.500000000
v -58.807647700 -0.159110500 42.500000000
v 58.512421000 42.609588500 42.500000000
v -58.410690300 40.827972500 42.500000000
v -57.550918600 -72.469642500 42.500000000
v 44.474365000 -17.003173700 42.500000000
v 30.343948000 -22.833885100 42.500000000
v 41.473373000 -87.900571700 42.500000000
v -40.715019000 -90.255252700 42.500000000
v 51.019943000 -15.710075300 42.500000000
v -31.513176000 -89.246601000 42.500000000
v -20.941254000 -15.560920600 42.500000000
v -11.014526000 -22.145072800 42.500000000
v 32.506836000 -89.381833900 42.500000000
v 14.075790000 87.668304500 42.500000000
v -8.898361000 86.326904500 42.500000000
v -42.763596000 -19.458724900 42.500000000
v -50.929565400 -88.982303500 42.500000000
v 22.652802000 88.037613500 42.500000000
v -21.806328000 86.627029500 42.500000000
v -51.102432300 -19.091018600 42.500000000
v 64.727188000 -17.658653200 42.500000000
v 58.924438000 -9.117271300 42.500000000
v -59.408279400 -7.236976500 42.500000000
v -58.320991500 51.386627500 42.500000000
v 34.631989000 86.018936500 42.500000000
v 19.430344000 -87.986036200 42.500000000
v -19.375656000 -88.622350600 42.500000000
v -57.427642800 -27.052200200 42.500000000
v 58.226044000 -79.226257200 42.500000000
v -44.158890000 85.863418500 42.500000000
v 68.940765000 8.852371500 42.500000000
v 58.097855000 72.682235500 42.500000000
v -61.933654800 78.423263500 42.500000000
v -59.350837700 69.195480500 42.500000000
v -10.593018000 -88.316614100 42.500000000
v 58.320602000 51.434738500 42.500000000
v 25.337143000 -71.037849300 42.500000000
v 57.915131000 59.686569500 42.500000000
v 22.146042000 -22.782325700 42.500000000
v 50.865738000 -86.679071300 42.500000000
v -1.795135000 -60.588756500 42.500000000
v 50.021378000 -75.492814900 42.500000000
v -60.564064000 88.346145500 42.500000000
v -57.736152600 -82.500617900 42.500000000
v -10.250076000 -85.186725500 42.500000000
v 43.009827000 86.166534500 42.500000000
v -44.751419000 81.541793500 42.500000000
v -31.208809000 79.696640500 42.500000000
v 30.269913000 82.918884500 42.500000000
v 20.027359000 -83.173408400 42.500000000
v -2.337921000 -83.014371800 42.500000000
v 22.884995000 83.233108500 42.500000000
v -21.795822000 82.556457500 42.500000000
v -60.079536400 82.164093500 42.500000000
v 52.703049000 86.068130500 42.500000000
v 53.756668000 73.100875500 42.500000000
v -55.236114500 71.682647500 42.500000000
v 10.291626000 82.722915500 42.500000000
v -11.498993000 81.054931500 42.500000000
v 29.073212000 -85.455812400 42.500000000
v -27.713028000 -84.841783400 42.500000000
v 53.474503000 42.320938500 42.500000000
v 63.882416000 6.842949500 42.500000000
v 52.091232000 0.135215500 42.500000000
v -54.968696600 -3.451782500 42.500000000
v 54.260437000 33.228668500 42.500000000
v -54.577674900 31.886657500 42.500000000
v 48.972015000 -82.552820100 42.500000000
v -41.836075000 -86.399438800 42.500000000
v 40.960144000 -83.231758000 42.500000000
v 53.061737000 51.282699500 42.500000000
v -54.565536500 -10.692588700 42.500000000
v -53.488418600 -80.551711900 42.500000000
v -63.584335300 65.265289500 42.500000000
v 62.364120000 26.932815500 42.500000000
v -63.900932300 27.316635500 42.500000000
v 59.804214000 1.153358500 42.500000000
v -61.013183600 5.003807500 42.500000000
v 33.417557000 -18.771194400 42.500000000
v 31.582397000 -27.007621700 42.500000000
v 44.703369000 -21.231025600 42.500000000
v -35.277344000 -93.722778200 42.500000000
v -39.851303000 -94.124392400 42.500000000
v 56.379745000 -15.730812000 42.500000000
v -12.190521000 -27.229453900 42.500000000
v 24.155319000 -88.647096500 42.500000000
v -46.906951900 -19.421981700 42.500000000
v -66.846931500 80.300170500 42.500000000
v 60.781830000 -16.358528000 42.500000000
v 9.172134000 91.600250500 42.500000000
v -5.903305000 91.583267500 42.500000000
v -56.032707200 79.710281500 42.500000000
v 21.953735000 -68.299766400 42.500000000
v 25.940674000 -18.303253100 42.500000000
v 53.491165000 58.760299500 42.500000000
v 3.281921000 -61.066268800 42.500000000
v 11.830185000 -39.885421700 42.500000000
v -58.695625300 -18.098121500 42.500000000
v -14.116302000 -15.232902400 42.500000000
v -23.642982000 -11.680381700 42.500000000
v 49.738464000 -78.265369300 42.500000000
v -17.935776000 85.716705500 42.500000000
v -29.929764000 85.718628500 42.500000000
v -54.748420700 -14.631393300 42.500000000
v -49.742668200 -10.551574600 42.500000000
v -6.616211000 -28.265769900 42.500000000
v 33.394699000 -14.606208700 42.500000000
v -5.260696000 -79.783012300 42.500000000
v -48.014854400 82.029602500 42.500000000
v -36.121552000 81.126419500 42.500000000
v 38.029861000 83.736175500 42.500000000
v -13.504532000 -82.269451000 42.500000000
v 14.653961000 -82.443248700 42.500000000
v 23.359436000 78.421035500 42.500000000
v -28.176460000 81.318389500 42.500000000
v 52.916550000 81.301788500 42.500000000
v 53.316467000 76.965667500 42.500000000
v -53.890502900 74.615844500 42.500000000
v 15.012283000 78.368881500 42.500000000
v -15.150574000 84.127914500 42.500000000
v -23.439438000 -80.895229200 42.500000000
v 26.827652000 -79.630170700 42.500000000
v 53.507004000 -4.211852500 42.500000000
v -49.576293900 -6.136840500 42.500000000
v 53.915085000 37.723800500 42.500000000
v -51.506629900 38.171402500 42.500000000
v -43.875320000 -82.770631700 42.500000000
v 47.206635000 -79.102392100 42.500000000
v -59.554191600 60.211959500 42.500000000
v 18.721313000 -72.059314600 42.500000000
v 25.117233000 -66.102672500 42.500000000
v 1.927902000 -56.492027200 42.500000000
v 1.419907000 -65.275608000 42.500000000
v -9.267593000 -17.066764700 42.500000000
v -12.255417000 -10.541404600 42.500000000
v -16.162537000 -8.715187000 42.500000000
v -53.367469800 82.555496500 42.500000000
v -2.179657000 92.025299500 42.500000000
v 33.397064000 -31.438446000 42.500000000
v 53.163879000 46.865066500 42.500000000
v -54.099830600 -83.623151700 42.500000000
v 53.193634000 55.335250500 42.500000000
v 52.292557000 -80.565351400 42.500000000
v -60.683151200 11.244178500 42.500000000
v 21.752518000 -18.048820400 42.500000000
v 8.844467000 -34.852310100 42.500000000
v 64.278687000 21.271011500 42.500000000
v 58.018829000 81.504211500 42.500000000
v 51.417145000 68.699890500 42.500000000
v -18.960709000 -76.870454700 42.500000000
v 17.431229000 -22.420303300 42.500000000
v 3.185333000 -78.307645700 42.500000000
v 18.860611000 -64.060485700 42.500000000
v 12.344193000 -21.996673500 42.500000000
v 21.475998000 -13.187652500 42.500000000
v 30.927963000 87.266052500 42.500000000
v -8.962585000 -80.851716900 42.500000000
v 42.023865000 80.621475500 42.500000000
v -45.543205000 77.435638500 42.500000000
v -29.121216000 76.835159500 42.500000000
v 30.561096000 79.044571500 42.500000000
v -18.609802000 -81.412849300 42.500000000
v 20.998901000 -78.627460400 42.500000000
v 19.555695000 73.945541500 42.500000000
v -23.725014000 78.191009500 42.500000000
v 49.525009000 72.170639500 42.500000000
v -52.233444200 69.518005500 42.500000000
v -53.166725200 77.527496500 42.500000000
v 10.743256000 78.121109500 42.500000000
v -11.116898000 76.680816500 42.500000000
v -28.200073000 -80.607471400 42.500000000
v 31.177551000 -81.968688900 42.500000000
v 48.774811000 -0.335182500 42.500000000
v -49.997177100 -1.541152500 42.500000000
v 49.542099000 33.102005500 42.500000000
v -54.330581700 39.456482500 42.500000000
v -50.779960600 32.890609500 42.500000000
v -42.574738000 -78.141216200 42.500000000
v -6.881653000 -68.723430500 42.500000000
v -21.144135000 -9.485122600 42.500000000
v 48.233582000 42.008392500 42.500000000
v 47.543045000 51.374572500 42.500000000
v 12.952271000 -31.132270700 42.500000000
v 6.555542000 -38.914077700 42.500000000
v 50.007874000 59.013992500 42.500000000
v -1.723740000 -78.974883900 42.500000000
v 9.165253000 -82.483257200 42.500000000
v 3.241440000 92.676651500 42.500000000
v 44.569107000 -80.167720700 42.500000000
v -1.394577000 -29.421188300 42.500000000
v -3.950500000 -18.455932500 42.500000000
v 37.353439000 -11.120193400 42.500000000
v -11.363068000 -6.113784500 42.500000000
v 9.752655000 -60.767700100 42.500000000
v 30.388412000 -76.505187900 42.500000000
v 12.399246000 -26.628181400 42.500000000
v 25.496887000 -8.803283600 42.500000000
v -6.486771000 -76.559745700 42.500000000
v -10.720001000 -1.776786500 42.500000000
v -49.897750900 78.565948500 42.500000000
v -54.689247100 66.832290500 42.500000000
v 5.792175000 82.533401500 42.500000000
v 33.992676000 -84.799406000 42.500000000
v 55.660049000 -10.151718000 42.500000000
v 51.564453000 3.930214500 42.500000000
v -49.350235000 39.534652500 42.500000000
v -53.451080300 27.923370500 42.500000000
v -38.947563000 -80.593622100 42.500000000
v -40.263557000 73.570236500 42.500000000
v -1.292206000 -71.137615100 42.500000000
v 0.664047000 88.161544500 42.500000000
v 0.205627000 -24.852813600 42.500000000
v -29.983208000 73.739898500 42.500000000
v -2.425385000 -12.951347300 42.500000000
v 8.766708000 -77.458051600 42.500000000
v 44.406097000 -12.951972900 42.500000000
v 29.529617000 -9.443183800 42.500000000
v -7.323700000 -7.315864500 42.500000000
v -20.988403000 73.814865500 42.500000000
v -49.927444500 -80.008233900 42.500000000
v 41.122375000 -77.880773500 42.500000000
v 11.268829000 73.571212500 42.500000000
v -10.984039000 72.251266500 42.500000000
v 47.659302000 80.977279500 42.500000000
v -28.493660000 -76.265918600 42.500000000
v 6.281052000 -33.186782700 42.500000000
v 44.778931000 62.482147500 42.500000000
v -42.571548000 -75.010690600 42.500000000
v 11.023758000 -44.298652600 42.500000000
v -45.118011000 73.229721500 42.500000000
v 45.242203000 70.288055500 42.500000000
v 22.649170000 -74.578699000 42.500000000
v -0.866241000 96.129379500 42.500000000
v -56.502273600 13.717056500 42.500000000
v 42.059570000 51.118164500 42.500000000
v -60.688072200 23.190261500 42.500000000
v -20.462334000 -3.753593500 42.500000000
v 57.823608000 20.152351500 42.500000000
v 42.898590000 41.461273500 42.500000000
v 67.980911000 20.043075500 42.500000000
v -67.352653500 13.340759500 42.500000000
v 1.332535000 -39.265327400 42.500000000
v -29.523453000 -18.465194600 42.500000000
v 0.845245000 -53.062644900 42.500000000
v 49.352463000 29.413543500 42.500000000
v 15.154663000 -53.365535600 42.500000000
v -54.769615200 5.920898500 42.500000000
v 53.534821000 -13.360763500 42.500000000
v -68.642646800 22.860321500 42.500000000
v -44.451469000 -0.752319500 42.500000000
v 45.427505000 -0.280853500 42.500000000
v -27.873367000 -10.342697000 42.500000000
v -45.659760000 31.617477500 42.500000000
v 45.187958000 31.611953500 42.500000000
v -51.511550900 -75.992073000 42.500000000
v -40.947746000 68.495849500 42.500000000
v 8.695663000 -31.376647900 42.500000000
v 3.139755000 -30.981849600 42.500000000
v -55.749961900 22.244781500 42.500000000
v -52.383796700 42.666366500 42.500000000
v 54.688934000 8.563446500 42.500000000
v -43.821861000 37.632904500 42.500000000
v 49.088425000 -8.027503900 42.500000000
v 11.135574000 -66.785415600 42.500000000
v -30.758972000 -9.868164000 42.500000000
v 6.935486000 -21.435966400 42.500000000
v -51.743904100 63.913009500 42.500000000
v 21.310410000 -8.257148600 42.500000000
v -15.058716000 -0.325744500 42.500000000
v -33.185921000 -80.500118200 42.500000000
v -25.045555000 -17.479484500 42.500000000
v 4.705109000 -67.931686300 42.500000000
v 1.419998000 -20.082794100 42.500000000
v 15.866409000 69.351364500 42.500000000
v -15.801224000 72.414611500 42.500000000
v 45.582733000 -8.745468000 42.500000000
v 36.815826000 -83.383777500 42.500000000
v 1.230865000 82.527877500 42.500000000
v -62.526367200 14.962028500 42.500000000
v -54.378059400 10.991149500 42.500000000
v 53.656815000 23.728347500 42.500000000
v 62.309052000 16.737373500 42.500000000
v 1.551605000 -35.126663100 42.500000000
v 13.728149000 -62.370880000 42.500000000
v -34.031639000 -18.935058500 42.500000000
v -39.418976000 -5.446571500 42.500000000
v 45.414612000 -4.088775500 42.500000000
v -41.792435000 33.775055500 42.500000000
v 43.980743000 36.602783500 42.500000000
v 10.546921000 -48.893115900 42.500000000
v 43.245728000 75.076599500 42.500000000
v -3.389938000 -7.638061400 42.500000000
v 40.635498000 28.211135500 42.500000000
v -43.884972000 27.860473500 42.500000000
v 45.767059000 2.447265500 42.500000000
v -39.977463000 4.968727500 42.500000000
v 5.713684000 -48.793628600 42.500000000
v 42.001648000 46.346206500 42.500000000
v -3.262604000 82.089645500 42.500000000
v 41.484207000 55.317962500 42.500000000
v 40.932022000 67.817810500 42.500000000
v -35.598679000 71.431320500 42.500000000
v -25.525040000 72.780090500 42.500000000
v -4.238632000 -48.591976100 42.500000000
v 1.087006000 -43.781917500 42.500000000
v 29.611893000 -4.781844500 42.500000000
v -59.463645900 20.271392500 42.500000000
v -64.274887100 23.161026500 42.500000000
v -25.112892000 -2.973434500 42.500000000
v 7.097839000 -58.241287100 42.500000000
v 6.982681000 73.136062500 42.500000000
v -6.267487000 72.350418500 42.500000000
v -63.714408900 19.002128500 42.500000000
v -54.246612500 18.740661500 42.500000000
v 48.158844000 25.135315500 42.500000000
v -52.058242800 8.662727500 42.500000000
v 59.649124000 9.675590500 42.500000000
v 17.005035000 -7.741317700 42.500000000
v -7.584656000 81.574127500 42.500000000
v -14.250168000 3.941963500 42.500000000
v 7.895767000 -71.836730900 42.500000000
v 11.871155000 69.212463500 42.500000000
v 19.962326000 69.568023500 42.500000000
v 55.010742000 17.503723500 42.500000000
v -44.559219000 -11.116477900 42.500000000
v 42.212234000 0.790855500 42.500000000
v -52.950782800 15.697372500 42.500000000
v 0.150970000 -6.534110900 42.500000000
v 46.200348000 20.395187500 42.500000000
v 40.119720000 31.462265500 42.500000000
v -41.550583000 24.642303500 42.500000000
v -44.185966000 9.952308500 42.500000000
v -38.648537000 -0.031295500 42.500000000
v 37.608246000 40.439163500 42.500000000
v 37.552780000 73.279388500 42.500000000
v -30.944328000 68.850189500 42.500000000
v -20.745514000 68.901962500 42.500000000
v 0.833237000 -48.560935900 42.500000000
v -3.488922000 -38.648918100 42.500000000
v -29.542938000 -5.169326500 42.500000000
v -20.153603000 1.178001500 42.500000000
v -1.703171000 72.410415500 42.500000000
v 2.714600000 72.571579500 42.500000000
v -10.570389000 67.903732500 42.500000000
v -51.825637800 48.845428500 42.500000000
v 63.970581000 12.266365500 42.500000000
v 0.659271000 -10.240676800 42.500000000
v 33.991150000 -1.091514500 42.500000000
v 25.595734000 0.861312500 42.500000000
v 12.739395000 -72.526004700 42.500000000
v -49.354850800 66.562561500 42.500000000
v -42.696915000 43.811889500 42.500000000
v 10.426376000 -53.325626300 42.500000000
v 50.500305000 7.587066500 42.500000000
v -51.559394800 23.921020500 42.500000000
v 7.589615000 -16.545516900 42.500000000
v 21.230164000 -3.324645500 42.500000000
v -48.520393400 60.711227500 42.500000000
v 53.258850000 12.415062500 42.500000000
v -45.272774000 63.851013500 42.500000000
v -53.789138800 52.748230500 42.500000000
v 17.235474000 -17.690597400 42.500000000
v 59.224854000 5.990615500 42.500000000
v -9.933929000 2.353485500 42.500000000
v 20.593674000 65.359314500 42.500000000
v -1.142349000 -1.500923500 42.500000000
v 41.557144000 23.106155500 42.500000000
v -39.577103000 9.780922500 42.500000000
v -2.405075000 77.196395500 42.500000000
v -47.560829200 51.146499500 42.500000000
v 29.841400000 -0.060432500 42.500000000
v -45.326294000 47.517608500 42.500000000
v -36.825394000 35.705307500 42.500000000
v 3.918228000 -11.068061700 42.500000000
v -23.703659000 8.162422500 42.500000000
v 3.569733000 -1.509948500 42.500000000
v -12.953796000 62.374115500 42.500000000
v 43.654861000 4.344505500 42.500000000
v -39.672997000 27.222015500 42.500000000
v 16.851700000 2.335708500 42.500000000
v -9.023331000 6.502586500 42.500000000
v -32.659561000 64.066406500 42.500000000
v -19.733070000 61.952362500 42.500000000
v -43.498169000 53.390625500 42.500000000
v -1.324326000 67.771545500 42.500000000
v -39.034027000 14.591453500 42.500000000
v 40.182510000 7.699958500 42.500000000
v -39.120720000 19.150642500 42.500000000
v 42.656845000 17.778953500 42.500000000
v -34.891930000 9.298439500 42.500000000
v 35.265533000 8.407348500 42.500000000
v -39.364937000 -10.227378800 42.500000000
v -35.183159000 18.911460500 42.500000000
v 34.383621000 23.299530500 42.500000000
v -34.809296000 -9.935646000 42.500000000
v 24.114120000 69.898056500 42.500000000
v 12.583084000 -7.229568400 42.500000000
v -55.297126800 56.532653500 42.500000000
v 31.758286000 63.051452500 42.500000000
v -39.355042000 46.310760500 42.500000000
v 7.964478000 -1.709625500 42.500000000
v 44.793808000 9.912803500 42.500000000
v 21.275909000 1.639190500 42.500000000
v 12.392136000 -2.130958500 42.500000000
v -17.434036000 9.998085500 42.500000000
v -33.930847000 39.897293500 42.500000000
v -41.771347000 64.920639500 42.500000000
v -36.207108000 49.142578500 42.500000000
v -54.454719500 61.617569500 42.500000000
v -44.769508000 20.135681500 42.500000000
v -30.699745000 6.782600500 42.500000000
v -33.061119000 23.062912500 42.500000000
v 31.318665000 27.674438500 42.500000000
v 21.186905000 61.662323500 42.500000000
v 29.576050000 67.134719500 42.500000000
v -34.822136000 -2.075584500 42.500000000
v 8.200531000 -6.750663700 42.500000000
v -7.470016000 11.118713500 42.500000000
v -42.094849000 59.629196500 42.500000000
v -31.736404000 33.937378500 42.500000000
v -49.660728500 54.764404500 42.500000000
v 27.579391000 70.276260500 42.500000000
v -1.700623000 63.474456500 42.500000000
v 21.461807000 6.722168500 42.500000000
v -15.470139000 59.216613500 42.500000000
v -33.502693000 45.927459500 42.500000000
v -27.643806000 60.692230500 42.500000000
v -10.133240000 59.452362500 42.500000000
v 29.453568000 57.024185500 42.500000000
v -28.228928000 11.408439500 42.500000000
v 31.812149000 13.742233500 42.500000000
v -30.396667000 -14.171546800 42.500000000
v -0.879364000 3.728355500 42.500000000
v -4.489853000 7.894767500 42.500000000
v -36.847519000 30.680801500 42.500000000
v -29.320457000 19.548782500 42.500000000
v 30.487701000 20.286460500 42.500000000
v 35.736786000 29.899170500 42.500000000
v 12.296463000 64.877990500 42.500000000
v 20.941589000 58.479065500 42.500000000
v 29.050903000 73.684967500 42.500000000
v -31.125725000 42.352157500 42.500000000
v -22.264694000 55.862381500 42.500000000
v -11.858841000 56.933502500 42.500000000
v 26.493378000 61.309249500 42.500000000
v 30.633118000 52.621521500 42.500000000
v -21.261833000 12.931663500 42.500000000
v 30.881058000 9.465026500 42.500000000
v -1.445831000 8.316085500 42.500000000
v -5.797348000 60.637085500 42.500000000
v -35.210960000 59.625961500 42.500000000
v 26.412659000 10.923912500 42.500000000
v 17.093384000 12.440742500 42.500000000
v -50.104774500 20.063804500 42.500000000
v -8.007584000 16.136863500 42.500000000
v 0.351196000 54.147766500 42.500000000
v 33.424759000 69.770019500 42.500000000
v -33.708908000 52.497787500 42.500000000
v -29.761040000 27.329712500 42.500000000
v 26.780563000 52.937118500 42.500000000
v -33.072464000 29.631454500 42.500000000
v 1.602371000 58.033157500 42.500000000
v 12.252441000 8.121345500 42.500000000
v 21.807159000 12.149742500 42.500000000
v 2.458649000 8.748497500 42.500000000
v 11.395401000 59.946106500 42.500000000
v 0.787918000 13.122207500 42.500000000
v 29.451370000 48.437683500 42.500000000
v 24.749634000 50.504272500 42.500000000
v 2.043701000 17.300064500 42.500000000
v 6.997574000 9.583404500 42.500000000
v -23.495468000 29.216735500 42.500000000
v 7.413788000 63.244415500 42.500000000
v -5.776794000 51.518722500 42.500000000
v 12.421173000 54.147873500 42.500000000
v -30.264503000 48.764846500 42.500000000
v 12.548309000 12.684883500 42.500000000
v 12.201904000 3.040863500 42.500000000
v -11.565704000 21.347145500 42.500000000
v -4.742371000 20.147064500 42.500000000
v 20.745773000 54.102005500 42.500000000
v -17.644913000 17.510353500 42.500000000
v -41.811745000 49.726379500 42.500000000
v -13.203018000 54.505645500 42.500000000
v 11.887085000 17.138595500 42.500000000
v 29.489639000 32.569915500 42.500000000
v 24.805069000 31.017761500 42.500000000
v 1.124924000 47.139160500 42.500000000
v 17.424500000 50.343689500 42.500000000
v 22.129288000 47.265228500 42.500000000
v 30.778595000 41.888717500 42.500000000
v -7.869446000 20.063453500 42.500000000
v -19.500832000 25.995742500 42.500000000
v -23.803352000 46.896667500 42.500000000
v -10.892838000 51.120117500 42.500000000
v -15.751129000 50.282180500 42.500000000
v -20.651459000 34.167068500 42.500000000
v 0.459732000 41.880813500 42.500000000
v 15.406784000 21.226875500 42.500000000
v 20.566101000 26.529922500 42.500000000
v 9.568237000 49.409942500 42.500000000
v 23.923370000 41.301818500 42.500000000
v -22.198349000 21.023742500 42.500000000
v -17.868881000 44.781555500 42.500000000
v -20.007889000 49.295105500 42.500000000
v -25.227348000 38.162429500 42.500000000
v -16.557358000 30.821090500 42.500000000
v 27.957413000 37.741806500 42.500000000
v -15.488831000 23.172912500 42.500000000
v 19.519470000 43.620819500 42.500000000
v 32.878632000 38.505477500 42.500000000
v 19.024216000 34.786346500 42.500000000
v -6.909668000 28.093597500 42.500000000
v 22.310623000 18.642288500 42.500000000
v -4.663574000 41.976348500 42.500000000
v 14.227234000 24.182708500 42.500000000
v 20.042938000 30.665878500 42.500000000
v -21.110023000 41.967910500 42.500000000
v -17.509842000 38.292984500 42.500000000
v 21.712143000 38.681060500 42.500000000
v 12.171707000 42.387924500 42.500000000
v 17.382858000 39.153915500 42.500000000
v -4.768021000 30.583526500 42.500000000
v -9.150589000 31.854568500 42.500000000
v -14.945816000 42.029434500 42.500000000
v -6.567841000 36.166092500 42.500000000
v 4.625214000 51.917343500 42.500000000
v -0.475281000 37.480117500 42.500000000
v -10.113129000 46.024658500 42.500000000
v 7.803543000 22.040618500 42.500000000
v 18.712341000 22.892334500 42.500000000
v -1.062897000 27.792648500 42.500000000
v 9.924438000 38.789932500 42.500000000
v 10.625290000 30.300003500 42.500000000
v -10.022095000 40.254150500 42.500000000
v -0.835220000 21.338348500 42.500000000
v -2.638977000 33.833816500 42.500000000
v 1.385406000 31.274444500 42.500000000
v 5.359558000 40.539840500 42.500000000
v 15.264557000 30.170761500 42.500000000
v 9.640625000 26.234359500 42.500000000
v 5.292694000 28.271408500 42.500000000
v 24.394928000 58.403091500 42.500000000
v 51.636902000 19.691001500 42.500000000
v -57.523834200 90.093765500 42.500000000
v 9.006516000 13.019645500 42.500000000
v -51.162582400 13.194351500 42.500000000
v -22.734314000 -89.039312300 42.500000000
v 36.538254000 52.556549500 42.500000000
v 39.335052000 60.311462500 42.500000000
v -30.763916000 56.281173500 42.500000000
v 3.033356000 19.816879500 42.500000000
v 57.021469000 68.858337500 42.500000000
v -23.242516000 -26.800987100 42.500000000
v -39.670204000 84.196975500 42.500000000
v -14.806122000 -86.936496600 42.500000000
v 68.274490000 29.104843500 42.500000000
v -31.132248000 -0.246444500 42.500000000
v 4.159866000 14.376709500 42.500000000
v -13.191513000 -32.108230500 42.500000000
v -73.024528500 -101.530762100 42.500000000
v -15.012543000 -63.010478900 42.500000000
v 33.414215000 -97.628108880 42.500000000
v 23.916779000 -97.597697160 42.500000000
v 19.475067000 -58.331058400 42.500000000
v 29.580902000 -62.730800500 42.500000000
v 36.511642000 -23.236732400 42.500000000
v 2.940002000 98.224609500 42.500000000
v -34.728470000 -97.929759890 42.500000000
v 37.564255000 -92.847269000 42.500000000
v 63.499146000 38.777938500 42.500000000
v -10.985626000 -67.767753500 42.500000000
v 33.517044000 -22.580383200 42.500000000
v 26.464996000 -22.933128300 42.500000000
v 60.426331000 23.240234500 42.500000000
v 28.445206000 -93.395902500 42.500000000
v 15.310028000 -49.060581100 42.500000000
v 59.885117000 -4.346084500 42.500000000
v 65.479904000 9.265556500 42.500000000
v -6.569000000 -63.957157000 42.500000000
v 68.159180000 16.750564500 42.500000000
v 64.573074000 -14.231071400 42.500000000
v 10.677597000 -57.360652800 42.500000000
v -14.837845000 -72.213237700 42.500000000
v 55.007172000 0.891121500 42.500000000
v 40.892532000 -16.311233400 42.500000000
v 29.755753000 -18.475402700 42.500000000
v 12.446075000 -17.222679000 42.500000000
v 58.271225000 28.545288500 42.500000000
v -1.306168000 -57.250938300 42.500000000
v 54.176834000 66.147888500 42.500000000
v 29.529037000 -14.020141500 42.500000000
v 26.354050000 -76.014213500 42.500000000
v -2.696960000 -68.006538300 42.500000000
v -33.384621000 -76.061237200 42.500000000
v 0.086685000 -67.777854800 42.500000000
v 17.080612000 -12.768783500 42.500000000
v 54.019257000 70.318969500 42.500000000
v -10.193573000 -76.814052500 42.500000000
v 53.874451000 28.864044500 42.500000000
v -54.349731400 88.517089500 42.500000000
v -59.328186000 -11.061996400 42.500000000
v 52.926514000 61.725036500 42.500000000
v 44.979477000 -83.437942400 42.500000000
v 47.039246000 -13.727828900 42.500000000
v 41.030121000 -12.026748600 42.500000000
v 33.469955000 -10.219337400 42.500000000
v 8.097610000 -11.727142200 42.500000000
v -6.987640000 -73.709674700 42.500000000
v -4.456650000 -72.349296500 42.500000000
v 51.165985000 64.030838500 42.500000000
v 5.990463000 90.457367500 42.500000000
v 51.521027000 -11.194816500 42.500000000
v 49.036331000 11.320694500 42.500000000
v 1.490891000 -70.039478200 42.500000000
v 28.332703000 -75.412214200 42.500000000
v 59.458282000 -74.762191700 42.500000000
v 31.917023000 -86.543092600 42.500000000
v 52.406845000 -8.368949800 42.500000000
v 41.466141000 -7.651946900 42.500000000
v 33.655029000 -5.689994500 42.500000000
v 48.224258000 3.184959500 42.500000000
v -54.585952800 -6.854576000 42.500000000
v -57.141716000 3.009925500 42.500000000
v 3.622849000 -82.822427700 42.500000000
v -45.821327000 -79.181053100 42.500000000
v -27.027565000 -89.138666100 42.500000000
v -58.893592800 73.059982500 42.500000000
v -25.051292000 82.241897500 42.500000000
v -18.466148000 81.800552500 42.500000000
v -41.165604000 80.240387500 42.500000000
v -37.943413000 77.932037500 42.500000000
v -19.266235000 -7.479721000 42.500000000
v 9.876511000 87.193481500 42.500000000
v 41.736160000 -3.326515500 42.500000000
v 37.932281000 -2.198875500 42.500000000
v 47.610336000 15.409256500 42.500000000
v -45.811913000 -91.073628300 42.500000000
v -50.432182300 -14.786857500 42.500000000
v 43.480713000 14.113319500 42.500000000
v -38.801506000 -14.733314400 42.500000000
v -42.943138000 -15.298545700 42.500000000
v -45.491409000 -87.550344400 42.500000000
v -55.691337600 -0.914115500 42.500000000
v -53.638801600 1.202804500 42.500000000
v -51.682586700 3.978332500 42.500000000
v 39.280273000 13.424171500 42.500000000
v -6.891052000 -84.379909400 42.500000000
v -32.434357000 -84.878025000 42.500000000
v -37.312241000 -85.313951400 42.500000000
v 14.567093000 83.008819500 42.500000000
v 18.770035000 83.178787500 42.500000000
v 26.867386000 87.819320500 42.500000000
v 49.621704000 61.658889500 42.500000000
v -42.435448000 77.182769500 42.500000000
v -21.598213000 79.423431500 42.500000000
v -18.963776000 77.939773500 42.500000000
v -15.266800000 76.927612500 42.500000000
v 6.319366000 77.837860500 42.500000000
v -3.844696000 -3.957694500 42.500000000
v 34.563843000 3.632904500 42.500000000
v 30.273926000 4.739303500 42.500000000
v -49.362632800 6.831214500 42.500000000
v -23.427986000 -6.296401500 42.500000000
v -49.058197000 2.246803500 42.500000000
v -5.803238000 0.733184500 42.500000000
v 7.560547000 3.615524500 42.500000000
v 38.341660000 18.986641500 42.500000000
v -56.447952300 69.265930500 42.500000000
v 33.553482000 82.289123500 42.500000000
v 36.386703000 81.574478500 42.500000000
v 19.177612000 78.445541500 42.500000000
v -56.395156900 59.534301500 42.500000000
v 34.061188000 16.727218500 42.500000000
v 39.042984000 35.674179500 42.500000000
v -48.557037400 10.743957500 42.500000000
v 27.397263000 78.483535500 42.500000000
v -13.185867000 8.096702500 42.500000000
v 33.514725000 78.920913500 42.500000000
v -51.826499900 58.330505500 42.500000000
v 7.857285000 68.776153500 42.500000000
v -51.402069100 35.607238500 42.500000000
v -46.209816000 41.523269500 42.500000000
v -49.286537200 29.496917500 42.500000000
v -47.786605800 69.279419500 42.500000000
v 32.486389000 76.029647500 42.500000000
v -12.211624000 12.361068500 42.500000000
v -36.234215000 5.721710500 42.500000000
v -50.117965700 17.096069500 42.500000000
v -3.024612000 12.313499500 42.500000000
v -39.047806000 62.635162500 42.500000000
v -9.448334000 64.070266500 42.500000000
v -5.598450000 64.170974500 42.500000000
v 2.141144000 62.253021500 42.500000000
v -43.705711000 14.746597500 42.500000000
v 9.156097000 65.482467500 42.500000000
v -40.037086000 40.011230500 42.500000000
v 5.506027000 60.933532500 42.500000000
v 11.526276000 20.985725500 42.500000000
v -37.854218000 23.297027500 42.500000000
v -40.593300000 29.957519500 42.500000000
v 17.290268000 27.240905500 42.500000000
v -8.517548000 61.337036500 42.500000000
v -2.380661000 59.473617500 42.500000000
v 16.972595000 60.175186500 42.500000000
v -0.608017000 17.016014500 42.500000000
v -12.311966000 16.863395500 42.500000000
v -38.845085000 51.387237500 42.500000000
v 11.838486000 23.690872500 42.500000000
v -34.521385000 26.582809500 42.500000000
v -8.796356000 54.502716500 42.500000000
v -3.685318000 55.693756500 42.500000000
v 13.718201000 26.684417500 42.500000000
v -30.352028000 38.361450500 42.500000000
v 10.152100000 33.355896500 42.500000000
v -9.565826000 25.180786500 42.500000000
v 8.224625000 35.992630500 42.500000000
v 4.224335000 35.469696500 42.500000000
v -6.438065000 22.846786500 42.500000000
v -1.334534000 50.991272500 42.500000000
v 78.000000000 -53.435058500 42.500000000
# Exported from Abaqus INP
# translation: -156.0, -121.5, 221.0
f 1 496 25
f 1 112 496
f 25 497 26
f 25 496 497
f 26 498 27
f 26 497 498
f 27 499 28
f 27 498 499
f 28 500 29
f 28 499 500
f 29 501 30
f 29 500 501
f 30 502 31
f 30 501 502
f 31 503 32
f 31 502 503
f 32 504 33
f 32 503 504
f 33 505 34
f 33 504 505
f 34 506 35
f 34 505 506
f 35 507 36
f 35 506 507
f 36 508 37
f 36 507 508
f 37 509 38
f 37 508 509
f 38 510 39
f 38 509 510
f 39 511 40
f 39 510 511
f 40 512 41
f 40 511 512
f 41 513 42
f 41 512 513
f 42 514 43
f 42 513 514
f 43 515 44
f 43 514 515
f 44 516 45
f 44 515 516
f 45 517 46
f 45 516 517
f 46 518 47
f 46 517 518
f 47 519 48
f 47 518 519
f 48 520 49
f 48 519 520
f 49 521 50
f 49 520 521
f 50 522 51
f 50 521 522
f 51 523 52
f 51 522 523
f 52 53 2
f 52 523 53
f 112 524 496
f 112 111 524
f 496 525 497
f 496 524 525
f 497 526 498
f 497 525 526
f 498 527 499
f 498 526 527
f 499 528 500
f 499 527 528
f 500 529 501
f 500 528 529
f 501 530 502
f 501 529 530
f 502 531 503
f 502 530 531
f 503 532 504
f 503 531 532
f 504 533 505
f 504 532 533
f 505 534 506
f 505 533 534
f 506 535 507
f 506 534 535
f 507 536 508
f 507 535 536
f 508 537 509
f 508 536 537
f 509 538 510
f 509 537 538
f 510 539 511
f 510 538 539
f 511 540 512
f 511 539 540
f 512 541 513
f 512 540 541
f 513 542 514
f 513 541 542
f 514 543 515
f 514 542 543
f 515 544 516
f 515 543 544
f 516 545 517
f 516 544 545
f 517 546 518
f 517 545 546
f 518 547 519
f 518 546 547
f 519 548 520
f 519 547 548
f 520 549 521
f 520 548 549
f 521 550 522
f 521 549 550
f 522 551 523
f 522 550 551
f 523 54 53
f 523 551 54
f 111 552 524
f 111 110 552
f 524 553 525
f 524 552 553
f 525 554 526
f 525 553 554
f 526 555 527
f 526 554 555
f 527 556 528
f 527 555 556
f 528 557 529
f 528 556 557
f 529 558 530
f 529 557 558
f 530 559 531
f 530 558 559
f 531 560 532
f 531 559 560
f 532 561 533
f 532 560 561
f 533 562 534
f 533 561 562
f 534 563 535
f 534 562 563
f 535 564 536
f 535 563 564
f 536 565 537
f 536 564 565
f 537 566 538
f 537 565 566
f 538 567 539
f 538 566 567
f 539 568 540
f 539 567 568
f 540 569 541
f 540 568 569
f 541 570 542
f 541 569 570
f 542 571 543
f 542 570 571
f 543 572 544
f 543 571 572
f 544 573 545
f 544 572 573
f 545 574 546
f 545 573 574
f 546 575 547
f 546 574 575
f 547 576 548
f 547 575 576
f 548 577 549
f 548 576 577
f 549 578 550
f 549 577 578
f 550 579 551
f 550 578 579
f 551 55 54
f 551 579 55
f 110 580 552
f 110 109 580
f 552 581 553
f 552 580 581
f 553 582 554
f 553 581 582
f 554 583 555
f 554 582 583
f 555 584 556
f 555 583 584
f 556 585 557
f 556 584 585
f 557 586 558
f 557 585 586
f 558 587 559
f 558 586 587
f 559 588 560
f 559 587 588
f 560 589 561
f 560 588 589
f 561 590 562
f 561 589 590
f 562 591 563
f 562 590 591
f 563 592 564
f 563 591 592
f 564 593 565
f 564 592 593
f 565 594 566
f 565 593 594
f 566 595 567
f 566 594 595
f 567 596 568
f 567 595 596
f 568 597 569
f 568 596 597
f 569 598 570
f 569 597 598
f 570 599 571
f 570 598 599
f 571 600 572
f 571 599 600
f 572 601 573
f 572 600 601
f 573 602 574
f 573 601 602
f 574 603 575
f 574 602 603
f 575 604 576
f 575 603 604
f 576 605 577
f 576 604 605
f 577 606 578
f 577 605 606
f 578 607 579
f 578 606 607
f 579 56 55
f 579 607 56
f 109 608 580
f 109 108 608
f 580 609 581
f 580 608 609
f 581 610 582
f 581 609 610
f 582 611 583
f 582 610 611
f 583 612 584
f 583 611 612
f 584 613 585
f 584 612 613
f 585 614 586
f 585 613 614
f 586 615 587
f 586 614 615
f 587 616 588
f 587 615 616
f 588 617 589
f 588 616 617
f 589 618 590
f 589 617 618
f 590 619 591
f 590 618 619
f 591 620 592
f 591 619 620
f 592 621 593
f 592 620 621
f 593 622 594
f 593 621 622
f 594 623 595
f 594 622 623
f 595 624 596
f 595 623 624
f 596 625 597
f 596 624 625
f 597 626 598
f 597 625 626
f 598 627 599
f 598 626 627
f 599 628 600
f 599 627 628
f 600 629 601
f 600 628 629
f 601 630 602
f 601 629 630
f 602 631 603
f 602 630 631
f 603 632 604
f 603 631 632
f 604 633 605
f 604 632 633
f 605 634 606
f 605 633 634
f 606 635 607
f 606 634 635
f 607 57 56
f 607 635 57
f 108 636 608
f 108 107 636
f 608 637 609
f 608 636 637
f 609 638 610
f 609 637 638
f 610 639 611
f 610 638 639
f 611 640 612
f 611 639 640
f 612 641 613
f 612 640 641
f 613 642 614
f 613 641 642
f 614 643 615
f 614 642 643
f 615 644 616
f 615 643 644
f 616 645 617
f 616 644 645
f 617 646 618
f 617 645 646
f 618 647 619
f 618 646 647
f 619 648 620
f 619 647 648
f 620 649 621
f 620 648 649
f 621 650 622
f 621 649 650
f 622 651 623
f 622 650 651
f 623 652 624
f 623 651 652
f 624 653 625
f 624 652 653
f 625 654 626
f 625 653 654
f 626 655 627
f 626 654 655
f 627 656 628
f 627 655 656
f 628 657 629
f 628 656 657
f 629 658 630
f 629 657 658
f 630 659 631
f 630 658 659
f 631 660 632
f 631 659 660
f 632 661 633
f 632 660 661
f 633 662 634
f 633 661 662
f 634 663 635
f 634 662 663
f 635 58 57
f 635 663 58
f 107 664 636
f 107 106 664
f 636 665 637
f 636 664 665
f 637 666 638
f 637 665 666
f 638 667 639
f 638 666 667
f 639 668 640
f 639 667 668
f 640 669 641
f 640 668 669
f 641 670 642
f 641 669 670
f 642 671 643
f 642 670 671
f 643 672 644
f 643 671 672
f 644 673 645
f 644 672 673
f 645 674 646
f 645 673 674
f 646 675 647
f 646 674 675
f 647 676 648
f 647 675 676
f 648 677 649
f 648 676 677
f 649 678 650
f 649 677 678
f 650 679 651
f 650 678 679
f 651 680 652
f 651 679 680
f 652 681 653
f 652 680 681
f 653 682 654
f 653 681 682
f 654 683 655
f 654 682 683
f 655 684 656
f 655 683 684
f 656 685 657
f 656 684 685
f 657 686 658
f 657 685 686
f 658 687 659
f 658 686 687
f 659 688 660
f 659 687 688
f 660 689 661
f 660 688 689
f 661 690 662
f 661 689 690
f 662 691 663
f 662 690 691
f 663 59 58
f 663 691 59
f 106 692 664
f 106 105 692
f 664 693 665
f 664 692 693
f 665 694 666
f 665 693 694
f 666 695 667
f 666 694 695
f 667 696 668
f 667 695 696
f 668 697 669
f 668 696 697
f 669 698 670
f 669 697 698
f 670 699 671
f 670 698 699
f 671 700 672
f 671 699 700
f 672 701 673
f 672 700 701
f 673 702 674
f 673 701 702
f 674 703 675
f 674 702 703
f 675 704 676
f 675 703 704
f 676 705 677
f 676 704 705
f 677 706 678
f 677 705 706
f 678 707 679
f 678 706 707
f 679 708 680
f 679 707 708
f 680 709 681
f 680 708 709
f 681 710 682
f 681 709 710
f 682 711 683
f 682 710 711
f 683 712 684
f 683 711 712
f 684 713 685
f 684 712 713
f 685 714 686
f 685 713 714
f 686 715 687
f 686 714 715
f 687 716 688
f 687 715 716
f 688 717 689
f 688 716 717
f 689 718 690
f 689 717 718
f 690 719 691
f 690 718 719
f 691 60 59
f 691 719 60
f 105 720 692
f 105 104 720
f 692 721 693
f 692 720 721
f 693 722 694
f 693 721 722
f 694 723 695
f 694 722 723
f 695 724 696
f 695 723 724
f 696 725 697
f 696 724 725
f 697 726 698
f 697 725 726
f 698 727 699
f 698 726 727
f 699 728 700
f 699 727 728
f 700 729 701
f 700 728 729
f 701 730 702
f 701 729 730
f 702 731 703
f 702 730 731
f 703 732 704
f 703 731 732
f 704 733 705
f 704 732 733
f 705 734 706
f 705 733 734
f 706 735 707
f 706 734 735
f 707 736 708
f 707 735 736
f 708 737 709
f 708 736 737
f 709 738 710
f 709 737 738
f 710 739 711
f 710 738 739
f 711 740 712
f 711 739 740
f 712 741 713
f 712 740 741
f 713 742 714
f 713 741 742
f 714 743 715
f 714 742 743
f 715 744 716
f 715 743 744
f 716 745 717
f 716 744 745
f 717 746 718
f 717 745 746
f 718 747 719
f 718 746 747
f 719 61 60
f 719 747 61
f 104 748 720
f 104 103 748
f 720 749 721
f 720 748 749
f 721 750 722
f 721 749 750
f 722 751 723
f 722 750 751
f 723 752 724
f 723 751 752
f 724 753 725
f 724 752 753
f 725 754 726
f 725 753 754
f 726 755 727
f 726 754 755
f 727 756 728
f 727 755 756
f 728 757 729
f 728 756 757
f 729 758 730
f 729 757 758
f 730 759 731
f 730 758 759
f 731 760 732
f 731 759 760
f 732 761 733
f 732 760 761
f 733 762 734
f 733 761 762
f 734 763 735
f 734 762 763
f 735 764 736
f 735 763 764
f 736 765 737
f 736 764 765
f 737 766 738
f 737 765 766
f 738 767 739
f 738 766 767
f 739 768 740
f 739 767 768
f 740 769 741
f 740 768 769
f 741 770 742
f 741 769 770
f 742 771 743
f 742 770 771
f 743 772 744
f 743 771 772
f 744 773 745
f 744 772 773
f 745 774 746
f 745 773 774
f 746 775 747
f 746 774 775
f 747 62 61
f 747 775 62
f 103 776 748
f 103 102 776
f 748 777 749
f 748 776 777
f 749 778 750
f 749 777 778
f 750 779 751
f 750 778 779
f 751 780 752
f 751 779 780
f 752 781 753
f 752 780 781
f 753 782 754
f 753 781 782
f 754 783 755
f 754 782 783
f 755 784 756
f 755 783 784
f 756 785 757
f 756 784 785
f 757 786 758
f 757 785 786
f 758 787 759
f 758 786 787
f 759 788 760
f 759 787 788
f 760 789 761
f 760 788 789
f 761 790 762
f 761 789 790
f 762 791 763
f 762 790 791
f 763 792 764
f 763 791 792
f 764 793 765
f 764 792 793
f 765 794 766
f 765 793 794
f 766 795 767
f 766 794 795
f 767 796 768
f 767 795 796
f 768 797 769
f 768 796 797
f 769 798 770
f 769 797 798
f 770 799 771
f 770 798 799
f 771 800 772
f 771 799 800
f 772 801 773
f 772 800 801
f 773 802 774
f 773 801 802
f 774 803 775
f 774 802 803
f 775 63 62
f 775 803 63
f 102 804 776
f 102 101 804
f 776 805 777
f 776 804 805
f 777 806 778
f 777 805 806
f 778 807 779
f 778 806 807
f 779 808 780
f 779 807 808
f 780 809 781
f 780 808 809
f 781 810 782
f 781 809 810
f 782 811 783
f 782 810 811
f 783 812 784
f 783 811 812
f 784 813 785
f 784 812 813
f 785 814 786
f 785 813 814
f 786 815 787
f 786 814 815
f 787 816 788
f 787 815 816
f 788 817 789
f 788 816 817
f 789 818 790
f 789 817 818
f 790 819 791
f 790 818 819
f 791 820 792
f 791 819 820
f 792 821 793
f 792 820 821
f 793 822 794
f 793 821 822
f 794 823 795
f 794 822 823
f 795 824 796
f 795 823 824
f 796 825 797
f 796 824 825
f 797 826 798
f 797 825 826
f 798 827 799
f 798 826 827
f 799 828 800
f 799 827 828
f 800 829 801
f 800 828 829
f 801 830 802
f 801 829 830
f 802 831 803
f 802 830 831
f 803 64 63
f 803 831 64
f 101 832 804
f 101 100 832
f 804 833 805
f 804 832 833
f 805 834 806
f 805 833 834
f 806 835 807
f 806 834 835
f 807 836 808
f 807 835 836
f 808 837 809
f 808 836 837
f 809 838 810
f 809 837 838
f 810 839 811
f 810 838 839
f 811 840 812
f 811 839 840
f 812 841 813
f 812 840 841
f 813 842 814
f 813 841 842
f 814 843 815
f 814 842 843
f 815 844 816
f 815 843 844
f 816 845 817
f 816 844 845
f 817 846 818
f 817 845 846
f 818 847 819
f 818 846 847
f 819 848 820
f 819 847 848
f 820 849 821
f 820 848 849
f 821 850 822
f 821 849 850
f 822 851 823
f 822 850 851
f 823 852 824
f 823 851 852
f 824 853 825
f 824 852 853
f 825 854 826
f 825 853 854
f 826 855 827
f 826 854 855
f 827 856 828
f 827 855 856
f 828 857 829
f 828 856 857
f 829 858 830
f 829 857 858
f 830 859 831
f 830 858 859
f 831 65 64
f 831 859 65
f 100 860 832
f 100 99 860
f 832 861 833
f 832 860 861
f 833 862 834
f 833 861 862
f 834 863 835
f 834 862 863
f 835 864 836
f 835 863 864
f 836 865 837
f 836 864 865
f 837 866 838
f 837 865 866
f 838 867 839
f 838 866 867
f 839 868 840
f 839 867 868
f 840 869 841
f 840 868 869
f 841 870 842
f 841 869 870
f 842 871 843
f 842 870 871
f 843 872 844
f 843 871 872
f 844 873 845
f 844 872 873
f 845 874 846
f 845 873 874
f 846 875 847
f 846 874 875
f 847 876 848
f 847 875 876
f 848 877 849
f 848 876 877
f 849 878 850
f 849 877 878
f 850 879 851
f 850 878 879
f 851 880 852
f 851 879 880
f 852 881 853
f 852 880 881
f 853 882 854
f 853 881 882
f 854 883 855
f 854 882 883
f 855 884 856
f 855 883 884
f 856 885 857
f 856 884 885
f 857 886 858
f 857 885 886
f 858 887 859
f 858 886 887
f 859 66 65
f 859 887 66
f 99 888 860
f 99 98 888
f 860 889 861
f 860 888 889
f 861 890 862
f 861 889 890
f 862 891 863
f 862 890 891
f 863 892 864
f 863 891 892
f 864 893 865
f 864 892 893
f 865 894 866
f 865 893 894
f 866 895 867
f 866 894 895
f 867 896 868
f 867 895 896
f 868 897 869
f 868 896 897
f 869 898 870
f 869 897 898
f 870 899 871
f 870 898 899
f 871 900 872
f 871 899 900
f 872 901 873
f 872 900 901
f 873 902 874
f 873 901 902
f 874 903 875
f 874 902 903
f 875 904 876
f 875 903 904
f 876 905 877
f 876 904 905
f 877 906 878
f 877 905 906
f 878 907 879
f 878 906 907
f 879 908 880
f 879 907 908
f 880 909 881
f 880 908 909
f 881 910 882
f 881 909 910
f 882 911 883
f 882 910 911
f 883 912 884
f 883 911 912
f 884 913 885
f 884 912 913
f 885 914 886
f 885 913 914
f 886 915 887
f 886 914 915
f 887 67 66
f 887 915 67
f 98 916 888
f 98 97 916
f 888 917 889
f 888 916 917
f 889 918 890
f 889 917 918
f 890 919 891
f 890 918 919
f 891 920 892
f 891 919 920
f 892 921 893
f 892 920 921
f 893 922 894
f 893 921 922
f 894 923 895
f 894 922 923
f 895 924 896
f 895 923 924
f 896 925 897
f 896 924 925
f 897 926 898
f 897 925 926
f 898 927 899
f 898 926 927
f 899 928 900
f 899 927 928
f 900 929 901
f 900 928 929
f 901 930 902
f 901 929 930
f 902 931 903
f 902 930 931
f 903 932 904
f 903 931 932
f 904 933 905
f 904 932 933
f 905 934 906
f 905 933 934
f 906 935 907
f 906 934 935
f 907 936 908
f 907 935 936
f 908 937 909
f 908 936 937
f 909 938 910
f 909 937 938
f 910 939 911
f 910 938 939
f 911 940 912
f 911 939 940
f 912 941 913
f 912 940 941
f 913 942 914
f 913 941 942
f 914 943 915
f 914 942 943
f 915 68 67
f 915 943 68
f 97 96 916
f 97 4 96
f 916 95 917
f 916 96 95
f 917 94 918
f 917 95 94
f 918 93 919
f 918 94 93
f 919 92 920
f 919 93 92
f 920 91 921
f 920 92 91
f 921 90 922
f 921 91 90
f 922 89 923
f 922 90 89
f 923 88 924
f 923 89 88
f 924 87 925
f 924 88 87
f 925 86 926
f 925 87 86
f 926 85 927
f 926 86 85
f 927 84 928
f 927 85 84
f 928 83 929
f 928 84 83
f 929 82 930
f 929 83 82
f 930 81 931
f 930 82 81
f 931 80 932
f 931 81 80
f 932 79 933
f 932 80 79
f 933 78 934
f 933 79 78
f 934 77 935
f 934 78 77
f 935 76 936
f 935 77 76
f 936 75 937
f 936 76 75
f 937 74 938
f 937 75 74
f 938 73 939
f 938 74 73
f 939 72 940
f 939 73 72
f 940 71 941
f 940 72 71
f 941 70 942
f 941 71 70
f 942 69 943
f 942 70 69
f 943 3 68
f 943 69 3
f 2 944 113
f 2 53 944
f 113 945 114
f 113 944 945
f 114 946 115
f 114 945 946
f 115 947 116
f 115 946 947
f 116 948 117
f 116 947 948
f 117 949 118
f 117 948 949
f 118 950 119
f 118 949 950
f 119 951 120
f 119 950 951
f 120 952 121
f 120 951 952
f 121 953 122
f 121 952 953
f 122 954 123
f 122 953 954
f 123 955 124
f 123 954 955
f 124 956 125
f 124 955 956
f 125 957 126
f 125 956 957
f 126 958 127
f 126 957 958
f 127 959 128
f 127 958 959
f 128 960 129
f 128 959 960
f 129 961 130
f 129 960 961
f 130 962 131
f 130 961 962
f 131 963 132
f 131 962 963
f 132 964 133
f 132 963 964
f 133 965 134
f 133 964 965
f 134 966 135
f 134 965 966
f 135 967 136
f 135 966 967
f 136 968 137
f 136 967 968
f 137 969 138
f 137 968 969
f 138 970 139
f 138 969 970
f 139 971 140
f 139 970 971
f 140 972 141
f 140 971 972
f 141 973 142
f 141 972 973
f 142 143 5
f 142 973 143
f 53 974 944
f 53 54 974
f 944 975 945
f 944 974 975
f 945 976 946
f 945 975 976
f 946 977 947
f 946 976 977
f 947 978 948
f 947 977 978
f 948 979 949
f 948 978 979
f 949 980 950
f 949 979 980
f 950 981 951
f 950 980 981
f 951 982 952
f 951 981 982
f 952 983 953
f 952 982 983
f 953 984 954
f 953 983 984
f 954 985 955
f 954 984 985
f 955 986 956
f 955 985 986
f 956 987 957
f 956 986 987
f 957 988 958
f 957 987 988
f 958 989 959
f 958 988 989
f 959 990 960
f 959 989 990
f 960 991 961
f 960 990 991
f 961 992 962
f 961 991 992
f 962 993 963
f 962 992 993
f 963 994 964
f 963 993 994
f 964 995 965
f 964 994 995
f 965 996 966
f 965 995 996
f 966 997 967
f 966 996 997
f 967 998 968
f 967 997 998
f 968 999 969
f 968 998 999
f 969 1000 970
f 969 999 1000
f 970 1001 971
f 970 1000 1001
f 971 1002 972
f 971 1001 1002
f 972 1003 973
f 972 1002 1003
f 973 144 143
f 973 1003 144
f 54 1004 974
f 54 55 1004
f 974 1005 975
f 974 1004 1005
f 975 1006 976
f 975 1005 1006
f 976 1007 977
f 976 1006 1007
f 977 1008 978
f 977 1007 1008
f 978 1009 979
f 978 1008 1009
f 979 1010 980
f 979 1009 1010
f 980 1011 981
f 980 1010 1011
f 981 1012 982
f 981 1011 1012
f 982 1013 983
f 982 1012 1013
f 983 1014 984
f 983 1013 1014
f 984 1015 985
f 984 1014 1015
f 985 1016 986
f 985 1015 1016
f 986 1017 987
f 986 1016 1017
f 987 1018 988
f 987 1017 1018
f 988 1019 989
f 988 1018 1019
f 989 1020 990
f 989 1019 1020
f 990 1021 991
f 990 1020 1021
f 991 1022 992
f 991 1021 1022
f 992 1023 993
f 992 1022 1023
f 993 1024 994
f 993 1023 1024
f 994 1025 995
f 994 1024 1025
f 995 1026 996
f 995 1025 1026
f 996 1027 997
f 996 1026 1027
f 997 1028 998
f 997 1027 1028
f 998 1029 999
f 998 1028 1029
f 999 1030 1000
f 999 1029 1030
f 1000 1031 1001
f 1000 1030 1031
f 1001 1032 1002
f 1001 1031 1032
f 1002 1033 1003
f 1002 1032 1033
f 1003 145 144
f 1003 1033 145
f 55 1034 1004
f 55 56 1034
f 1004 1035 1005
f 1004 1034 1035
f 1005 1036 1006
f 1005 1035 1036
f 1006 1037 1007
f 1006 1036 1037
f 1007 1038 1008
f 1007 1037 1038
f 1008 1039 1009
f 1008 1038 1039
f 1009 1040 1010
f 1009 1039 1040
f 1010 1041 1011
f 1010 1040 1041
f 1011 1042 1012
f 1011 1041 1042
f 1012 1043 1013
f 1012 1042 1043
f 1013 1044 1014
f 1013 1043 1044
f 1014 1045 1015
f 1014 1044 1045
f 1015 1046 1016
f 1015 1045 1046
f 1016 1047 1017
f 1016 1046 1047
f 1017 1048 1018
f 1017 1047 1048
f 1018 1049 1019
f 1018 1048 1049
f 1019 1050 1020
f 1019 1049 1050
f 1020 1051 1021
f 1020 1050 1051
f 1021 1052 1022
f 1021 1051 1052
f 1022 1053 1023
f 1022 1052 1053
f 1023 1054 1024
f 1023 1053 1054
f 1024 1055 1025
f 1024 1054 1055
f 1025 1056 1026
f 1025 1055 1056
f 1026 1057 1027
f 1026 1056 1057
f 1027 1058 1028
f 1027 1057 1058
f 1028 1059 1029
f 1028 1058 1059
f 1029 1060 1030
f 1029 1059 1060
f 1030 1061 1031
f 1030 1060 1061
f 1031 1062 1032
f 1031 1061 1062
f 1032 1063 1033
f 1032 1062 1063
f 1033 146 145
f 1033 1063 146
f 56 1064 1034
f 56 57 1064
f 1034 1065 1035
f 1034 1064 1065
f 1035 1066 1036
f 1035 1065 1066
f 1036 1067 1037
f 1036 1066 1067
f 1037 1068 1038
f 1037 1067 1068
f 1038 1069 1039
f 1038 1068 1069
f 1039 1070 1040
f 1039 1069 1070
f 1040 1071 1041
f 1040 1070 1071
f 1041 1072 1042
f 1041 1071 1072
f 1042 1073 1043
f 1042 1072 1073
f 1043 1074 1044
f 1043 1073 1074
f 1044 1075 1045
f 1044 1074 1075
f 1045 1076 1046
f 1045 1075 1076
f 1046 1077 1047
f 1046 1076 1077
f 1047 1078 1048
f 1047 1077 1078
f 1048 1079 1049
f 1048 1078 1079
f 1049 1080 1050
f 1049 1079 1080
f 1050 1081 1051
f 1050 1080 1081
f 1051 1082 1052
f 1051 1081 1082
f 1052 1083 1053
f 1052 1082 1083
f 1053 1084 1054
f 1053 1083 1084
f 1054 1085 1055
f 1054 1084 1085
f 1055 1086 1056
f 1055 1085 1086
f 1056 1087 1057
f 1056 1086 1087
f 1057 1088 1058
f 1057 1087 1088
f 1058 1089 1059
f 1058 1088 1089
f 1059 1090 1060
f 1059 1089 1090
f 1060 1091 1061
f 1060 1090 1091
f 1061 1092 1062
f 1061 1091 1092
f 1062 1093 1063
f 1062 1092 1093
f 1063 147 146
f 1063 1093 147
f 57 1094 1064
f 57 58 1094
f 1064 1095 1065
f 1064 1094 1095
f 1065 1096 1066
f 1065 1095 1096
f 1066 1097 1067
f 1066 1096 1097
f 1067 1098 1068
f 1067 1097 1098
f 1068 1099 1069
f 1068 1098 1099
f 1069 1100 1070
f 1069 1099 1100
f 1070 1101 1071
f 1070 1100 1101
f 1071 1102 1072
f 1071 1101 1102
f 1072 1103 1073
f 1072 1102 1103
f 1073 1104 1074
f 1073 1103 1104
f 1074 1105 1075
f 1074 1104 1105
f 1075 1106 1076
f 1075 1105 1106
f 1076 1107 1077
f 1076 1106 1107
f 1077 1108 1078
f 1077 1107 1108
f 1078 1109 1079
f 1078 1108 1109
f 1079 1110 1080
f 1079 1109 1110
f 1080 1111 1081
f 1080 1110 1111
f 1081 1112 1082
f 1081 1111 1112
f 1082 1113 1083
f 1082 1112 1113
f 1083 1114 1084
f 1083 1113 1114
f 1084 1115 1085
f 1084 1114 1115
f 1085 1116 1086
f 1085 1115 1116
f 1086 1117 1087
f 1086 1116 1117
f 1087 1118 1088
f 1087 1117 1118
f 1088 1119 1089
f 1088 1118 1119
f 1089 1120 1090
f 1089 1119 1120
f 1090 1121 1091
f 1090 1120 1121
f 1091 1122 1092
f 1091 1121 1122
f 1092 1123 1093
f 1092 1122 1123
f 1093 148 147
f 1093 1123 148
f 58 1124 1094
f 58 59 1124
f 1094 1125 1095
f 1094 1124 1125
f 1095 1126 1096
f 1095 1125 1126
f 1096 1127 1097
f 1096 1126 1127
f 1097 1128 1098
f 1097 1127 1128
f 1098 1129 1099
f 1098 1128 1129
f 1099 1130 1100
f 1099 1129 1130
f 1100 1131 1101
f 1100 1130 1131
f 1101 1132 1102
f 1101 1131 1132
f 1102 1133 1103
f 1102 1132 1133
f 1103 1134 1104
f 1103 1133 1134
f 1104 1135 1105
f 1104 1134 1135
f 1105 1136 1106
f 1105 1135 1136
f 1106 1137 1107
f 1106 1136 1137
f 1107 1138 1108
f 1107 1137 1138
f 1108 1139 1109
f 1108 1138 1139
f 1109 1140 1110
f 1109 1139 1140
f 1110 1141 1111
f 1110 1140 1141
f 1111 1142 1112
f 1111 1141 1142
f 1112 1143 1113
f 1112 1142 1143
f 1113 1144 1114
f 1113 1143 1144
f 1114 1145 1115
f 1114 1144 1145
f 1115 1146 1116
f 1115 1145 1146
f 1116 1147 1117
f 1116 1146 1147
f 1117 1148 1118
f 1117 1147 1148
f 1118 1149 1119
f 1118 1148 1149
f 1119 1150 1120
f 1119 1149 1150
f 1120 1151 1121
f 1120 1150 1151
f 1121 1152 1122
f 1121 1151 1152
f 1122 1153 1123
f 1122 1152 1153
f 1123 149 148
f 1123 1153 149
f 59 1154 1124
f 59 60 1154
f 1124 1155 1125
f 1124 1154 1155
f 1125 1156 1126
f 1125 1155 1156
f 1126 1157 1127
f 1126 1156 1157
f 1127 1158 1128
f 1127 1157 1158
f 1128 1159 1129
f 1128 1158 1159
f 1129 1160 1130
f 1129 1159 1160
f 1130 1161 1131
f 1130 1160 1161
f 1131 1162 1132
f 1131 1161 1162
f 1132 1163 1133
f 1132 1162 1163
f 1133 1164 1134
f 1133 1163 1164
f 1134 1165 1135
f 1134 1164 1165
f 1135 1166 1136
f 1135 1165 1166
f 1136 1167 1137
f 1136 1166 1167
f 1137 1168 1138
f 1137 1167 1168
f 1138 1169 1139
f 1138 1168 1169
f 1139 1170 1140
f 1139 1169 1170
f 1140 1171 1141
f 1140 1170 1171
f 1141 1172 1142
f 1141 1171 1172
f 1142 1173 1143
f 1142 1172 1173
f 1143 1174 1144
f 1143 1173 1174
f 1144 1175 1145
f 1144 1174 1175
f 1145 1176 1146
f 1145 1175 1176
f 1146 1177 1147
f 1146 1176 1177
f 1147 1178 1148
f 1147 1177 1178
f 1148 1179 1149
f 1148 1178 1179
f 1149 1180 1150
f 1149 1179 1180
f 1150 1181 1151
f 1150 1180 1181
f 1151 1182 1152
f 1151 1181 1182
f 1152 1183 1153
f 1152 1182 1183
f 1153 150 149
f 1153 1183 150
f 60 1184 1154
f 60 61 1184
f 1154 1185 1155
f 1154 1184 1185
f 1155 1186 1156
f 1155 1185 1186
f 1156 1187 1157
f 1156 1186 1187
f 1157 1188 1158
f 1157 1187 1188
f 1158 1189 1159
f 1158 1188 1189
f 1159 1190 1160
f 1159 1189 1190
f 1160 1191 1161
f 1160 1190 1191
f 1161 1192 1162
f 1161 1191 1192
f 1162 1193 1163
f 1162 1192 1193
f 1163 1194 1164
f 1163 1193 1194
f 1164 1195 1165
f 1164 1194 1195
f 1165 1196 1166
f 1165 1195 1196
f 1166 1197 1167
f 1166 1196 1197
f 1167 1198 1168
f 1167 1197 1198
f 1168 1199 1169
f 1168 1198 1199
f 1169 1200 1170
f 1169 1199 1200
f 1170 1201 1171
f 1170 1200 1201
f 1171 1202 1172
f 1171 1201 1202
f 1172 1203 1173
f 1172 1202 1203
f 1173 1204 1174
f 1173 1203 1204
f 1174 1205 1175
f 1174 1204 1205
f 1175 1206 1176
f 1175 1205 1206
f 1176 1207 1177
f 1176 1206 1207
f 1177 1208 1178
f 1177 1207 1208
f 1178 1209 1179
f 1178 1208 1209
f 1179 1210 1180
f 1179 1209 1210
f 1180 1211 1181
f 1180 1210 1211
f 1181 1212 1182
f 1181 1211 1212
f 1182 1213 1183
f 1182 1212 1213
f 1183 151 150
f 1183 1213 151
f 61 1214 1184
f 61 62 1214
f 1184 1215 1185
f 1184 1214 1215
f 1185 1216 1186
f 1185 1215 1216
f 1186 1217 1187
f 1186 1216 1217
f 1187 1218 1188
f 1187 1217 1218
f 1188 1219 1189
f 1188 1218 1219
f 1189 1220 1190
f 1189 1219 1220
f 1190 1221 1191
f 1190 1220 1221
f 1191 1222 1192
f 1191 1221 1222
f 1192 1223 1193
f 1192 1222 1223
f 1193 1224 1194
f 1193 1223 1224
f 1194 1225 1195
f 1194 1224 1225
f 1195 1226 1196
f 1195 1225 1226
f 1196 1227 1197
f 1196 1226 1227
f 1197 1228 1198
f 1197 1227 1228
f 1198 1229 1199
f 1198 1228 1229
f 1199 1230 1200
f 1199 1229 1230
f 1200 1231 1201
f 1200 1230 1231
f 1201 1232 1202
f 1201 1231 1232
f 1202 1233 1203
f 1202 1232 1233
f 1203 1234 1204
f 1203 1233 1234
f 1204 1235 1205
f 1204 1234 1235
f 1205 1236 1206
f 1205 1235 1236
f 1206 1237 1207
f 1206 1236 1237
f 1207 1238 1208
f 1207 1237 1238
f 1208 1239 1209
f 1208 1238 1239
f 1209 1240 1210
f 1209 1239 1240
f 1210 1241 1211
f 1210 1240 1241
f 1211 1242 1212
f 1211 1241 1242
f 1212 1243 1213
f 1212 1242 1243
f 1213 152 151
f 1213 1243 152
f 62 1244 1214
f 62 63 1244
f 1214 1245 1215
f 1214 1244 1245
f 1215 1246 1216
f 1215 1245 1246
f 1216 1247 1217
f 1216 1246 1247
f 1217 1248 1218
f 1217 1247 1248
f 1218 1249 1219
f 1218 1248 1249
f 1219 1250 1220
f 1219 1249 1250
f 1220 1251 1221
f 1220 1250 1251
f 1221 1252 1222
f 1221 1251 1252
f 1222 1253 1223
f 1222 1252 1253
f 1223 1254 1224
f 1223 1253 1254
f 1224 1255 1225
f 1224 1254 1255
f 1225 1256 1226
f 1225 1255 1256
f 1226 1257 1227
f 1226 1256 1257
f 1227 1258 1228
f 1227 1257 1258
f 1228 1259 1229
f 1228 1258 1259
f 1229 1260 1230
f 1229 1259 1260
f 1230 1261 1231
f 1230 1260 1261
f 1231 1262 1232
f 1231 1261 1262
f 1232 1263 1233
f 1232 1262 1263
f 1233 1264 1234
f 1233 1263 1264
f 1234 1265 1235
f 1234 1264 1265
f 1235 1266 1236
f 1235 1265 1266
f 1236 1267 1237
f 1236 1266 1267
f 1237 1268 1238
f 1237 1267 1268
f 1238 1269 1239
f 1238 1268 1269
f 1239 1270 1240
f 1239 1269 1270
f 1240 1271 1241
f 1240 1270 1271
f 1241 1272 1242
f 1241 1271 1272
f 1242 1273 1243
f 1242 1272 1273
f 1243 153 152
f 1243 1273 153
f 63 1274 1244
f 63 64 1274
f 1244 1275 1245
f 1244 1274 1275
f 1245 1276 1246
f 1245 1275 1276
f 1246 1277 1247
f 1246 1276 1277
f 1247 1278 1248
f 1247 1277 1278
f 1248 1279 1249
f 1248 1278 1279
f 1249 1280 1250
f 1249 1279 1280
f 1250 1281 1251
f 1250 1280 1281
f 1251 1282 1252
f 1251 1281 1282
f 1252 1283 1253
f 1252 1282 1283
f 1253 1284 1254
f 1253 1283 1284
f 1254 1285 1255
f 1254 1284 1285
f 1255 1286 1256
f 1255 1285 1286
f 1256 1287 1257
f 1256 1286 1287
f 1257 1288 1258
f 1257 1287 1288
f 1258 1289 1259
f 1258 1288 1289
f 1259 1290 1260
f 1259 1289 1290
f 1260 1291 1261
f 1260 1290 1291
f 1261 1292 1262
f 1261 1291 1292
f 1262 1293 1263
f 1262 1292 1293
f 1263 1294 1264
f 1263 1293 1294
f 1264 1295 1265
f 1264 1294 1295
f 1265 1296 1266
f 1265 1295 1296
f 1266 1297 1267
f 1266 1296 1297
f 1267 1298 1268
f 1267 1297 1298
f 1268 1299 1269
f 1268 1298 1299
f 1269 1300 1270
f 1269 1299 1300
f 1270 1301 1271
f 1270 1300 1301
f 1271 1302 1272
f 1271 1301 1302
f 1272 1303 1273
f 1272 1302 1303
f 1273 154 153
f 1273 1303 154
f 64 1304 1274
f 64 65 1304
f 1274 1305 1275
f 1274 1304 1305
f 1275 1306 1276
f 1275 1305 1306
f 1276 1307 1277
f 1276 1306 1307
f 1277 1308 1278
f 1277 1307 1308
f 1278 1309 1279
f 1278 1308 1309
f 1279 1310 1280
f 1279 1309 1310
f 1280 1311 1281
f 1280 1310 1311
f 1281 1312 1282
f 1281 1311 1312
f 1282 1313 1283
f 1282 1312 1313
f 1283 1314 1284
f 1283 1313 1314
f 1284 1315 1285
f 1284 1314 1315
f 1285 1316 1286
f 1285 1315 1316
f 1286 1317 1287
f 1286 1316 1317
f 1287 1318 1288
f 1287 1317 1318
f 1288 1319 1289
f 1288 1318 1319
f 1289 1320 1290
f 1289 1319 1320
f 1290 1321 1291
f 1290 1320 1321
f 1291 1322 1292
f 1291 1321 1322
f 1292 1323 1293
f 1292 1322 1323
f 1293 1324 1294
f 1293 1323 1324
f 1294 1325 1295
f 1294 1324 1325
f 1295 1326 1296
f 1295 1325 1326
f 1296 1327 1297
f 1296 1326 1327
f 1297 1328 1298
f 1297 1327 1328
f 1298 1329 1299
f 1298 1328 1329
f 1299 1330 1300
f 1299 1329 1330
f 1300 1331 1301
f 1300 1330 1331
f 1301 1332 1302
f 1301 1331 1332
f 1302 1333 1303
f 1302 1332 1333
f 1303 155 154
f 1303 1333 155
f 65 1334 1304
f 65 66 1334
f 1304 1335 1305
f 1304 1334 1335
f 1305 1336 1306
f 1305 1335 1336
f 1306 1337 1307
f 1306 1336 1337
f 1307 1338 1308
f 1307 1337 1338
f 1308 1339 1309
f 1308 1338 1339
f 1309 1340 1310
f 1309 1339 1340
f 1310 1341 1311
f 1310 1340 1341
f 1311 1342 1312
f 1311 1341 1342
f 1312 1343 1313
f 1312 1342 1343
f 1313 1344 1314
f 1313 1343 1344
f 1314 1345 1315
f 1314 1344 1345
f 1315 1346 1316
f 1315 1345 1346
f 1316 1347 1317
f 1316 1346 1347
f 1317 1348 1318
f 1317 1347 1348
f 1318 1349 1319
f 1318 1348 1349
f 1319 1350 1320
f 1319 1349 1350
f 1320 1351 1321
f 1320 1350 1351
f 1321 1352 1322
f 1321 1351 1352
f 1322 1353 1323
f 1322 1352 1353
f 1323 1354 1324
f 1323 1353 1354
f 1324 1355 1325
f 1324 1354 1355
f 1325 1356 1326
f 1325 1355 1356
f 1326 1357 1327
f 1326 1356 1357
f 1327 1358 1328
f 1327 1357 1358
f 1328 1359 1329
f 1328 1358 1359
f 1329 1360 1330
f 1329 1359 1360
f 1330 1361 1331
f 1330 1360 1361
f 1331 1362 1332
f 1331 1361 1362
f 1332 1363 1333
f 1332 1362 1363
f 1333 156 155
f 1333 1363 156
f 66 1364 1334
f 66 67 1364
f 1334 1365 1335
f 1334 1364 1365
f 1335 1366 1336
f 1335 1365 1366
f 1336 1367 1337
f 1336 1366 1367
f 1337 1368 1338
f 1337 1367 1368
f 1338 1369 1339
f 1338 1368 1369
f 1339 1370 1340
f 1339 1369 1370
f 1340 1371 1341
f 1340 1370 1371
f 1341 1372 1342
f 1341 1371 1372
f 1342 1373 1343
f 1342 1372 1373
f 1343 1374 1344
f 1343 1373 1374
f 1344 1375 1345
f 1344 1374 1375
f 1345 1376 1346
f 1345 1375 1376
f 1346 1377 1347
f 1346 1376 1377
f 1347 1378 1348
f 1347 1377 1378
f 1348 1379 1349
f 1348 1378 1379
f 1349 1380 1350
f 1349 1379 1380
f 1350 1381 1351
f 1350 1380 1381
f 1351 1382 1352
f 1351 1381 1382
f 1352 1383 1353
f 1352 1382 1383
f 1353 1384 1354
f 1353 1383 1384
f 1354 1385 1355
f 1354 1384 1385
f 1355 1386 1356
f 1355 1385 1386
f 1356 1387 1357
f 1356 1386 1387
f 1357 1388 1358
f 1357 1387 1388
f 1358 1389 1359
f 1358 1388 1389
f 1359 1390 1360
f 1359 1389 1390
f 1360 1391 1361
f 1360 1390 1391
f 1361 1392 1362
f 1361 1391 1392
f 1362 1393 1363
f 1362 1392 1393
f 1363 157 156
f 1363 1393 157
f 67 1394 1364
f 67 68 1394
f 1364 1395 1365
f 1364 1394 1395
f 1365 1396 1366
f 1365 1395 1396
f 1366 1397 1367
f 1366 1396 1397
f 1367 1398 1368
f 1367 1397 1398
f 1368 1399 1369
f 1368 1398 1399
f 1369 1400 1370
f 1369 1399 1400
f 1370 1401 1371
f 1370 1400 1401
f 1371 1402 1372
f 1371 1401 1402
f 1372 1403 1373
f 1372 1402 1403
f 1373 1404 1374
f 1373 1403 1404
f 1374 1405 1375
f 1374 1404 1405
f 1375 1406 1376
f 1375 1405 1406
f 1376 1407 1377
f 1376 1406 1407
f 1377 1408 1378
f 1377 1407 1408
f 1378 1409 1379
f 1378 1408 1409
f 1379 1410 1380
f 1379 1409 1410
f 1380 1411 1381
f 1380 1410 1411
f 1381 1412 1382
f 1381 1411 1412
f 1382 1413 1383
f 1382 1412 1413
f 1383 1414 1384
f 1383 1413 1414
f 1384 1415 1385
f 1384 1414 1415
f 1385 1416 1386
f 1385 1415 1416
f 1386 1417 1387
f 1386 1416 1417
f 1387 1418 1388
f 1387 1417 1418
f 1388 1419 1389
f 1388 1418 1419
f 1389 1420 1390
f 1389 1419 1420
f 1390 1421 1391
f 1390 1420 1421
f 1391 1422 1392
f 1391 1421 1422
f 1392 1423 1393
f 1392 1422 1423
f 1393 158 157
f 1393 1423 158
f 68 188 1394
f 68 3 188
f 1394 187 1395
f 1394 188 187
f 1395 186 1396
f 1395 187 186
f 1396 185 1397
f 1396 186 185
f 1397 184 1398
f 1397 185 184
f 1398 183 1399
f 1398 184 183
f 1399 182 1400
f 1399 183 182
f 1400 181 1401
f 1400 182 181
f 1401 180 1402
f 1401 181 180
f 1402 179 1403
f 1402 180 179
f 1403 178 1404
f 1403 179 178
f 1404 177 1405
f 1404 178 177
f 1405 176 1406
f 1405 177 176
f 1406 175 1407
f 1406 176 175
f 1407 174 1408
f 1407 175 174
f 1408 173 1409
f 1408 174 173
f 1409 172 1410
f 1409 173 172
f 1410 171 1411
f 1410 172 171
f 1411 170 1412
f 1411 171 170
f 1412 169 1413
f 1412 170 169
f 1413 168 1414
f 1413 169 168
f 1414 167 1415
f 1414 168 167
f 1415 166 1416
f 1415 167 166
f 1416 165 1417
f 1416 166 165
f 1417 164 1418
f 1417 165 164
f 1418 163 1419
f 1418 164 163
f 1419 162 1420
f 1419 163 162
f 1420 161 1421
f 1420 162 161
f 1421 160 1422
f 1421 161 160
f 1422 159 1423
f 1422 160 159
f 1423 6 158
f 1423 159 6
f 5 1424 189
f 5 143 1424
f 189 1425 190
f 189 1424 1425
f 190 1426 191
f 190 1425 1426
f 191 1427 192
f 191 1426 1427
f 192 1428 193
f 192 1427 1428
f 193 1429 194
f 193 1428 1429
f 194 1430 195
f 194 1429 1430
f 195 1431 196
f 195 1430 1431
f 196 1432 197
f 196 1431 1432
f 197 1433 198
f 197 1432 1433
f 198 1434 199
f 198 1433 1434
f 199 1435 200
f 199 1434 1435
f 200 1436 201
f 200 1435 1436
f 201 1437 202
f 201 1436 1437
f 202 1438 203
f 202 1437 1438
f 203 1439 204
f 203 1438 1439
f 204 1440 205
f 204 1439 1440
f 205 1441 206
f 205 1440 1441
f 206 1442 207
f 206 1441 1442
f 207 1443 208
f 207 1442 1443
f 208 1444 209
f 208 1443 1444
f 209 1445 210
f 209 1444 1445
f 210 1446 211
f 210 1445 1446
f 211 1447 212
f 211 1446 1447
f 212 1448 213
f 212 1447 1448
f 213 1449 214
f 213 1448 1449
f 214 1450 215
f 214 1449 1450
f 215 1451 216
f 215 1450 1451
f 216 217 7
f 216 1451 217
f 143 1452 1424
f 143 144 1452
f 1424 1453 1425
f 1424 1452 1453
f 1425 1454 1426
f 1425 1453 1454
f 1426 1455 1427
f 1426 1454 1455
f 1427 1456 1428
f 1427 1455 1456
f 1428 1457 1429
f 1428 1456 1457
f 1429 1458 1430
f 1429 1457 1458
f 1430 1459 1431
f 1430 1458 1459
f 1431 1460 1432
f 1431 1459 1460
f 1432 1461 1433
f 1432 1460 1461
f 1433 1462 1434
f 1433 1461 1462
f 1434 1463 1435
f 1434 1462 1463
f 1435 1464 1436
f 1435 1463 1464
f 1436 1465 1437
f 1436 1464 1465
f 1437 1466 1438
f 1437 1465 1466
f 1438 1467 1439
f 1438 1466 1467
f 1439 1468 1440
f 1439 1467 1468
f 1440 1469 1441
f 1440 1468 1469
f 1441 1470 1442
f 1441 1469 1470
f 1442 1471 1443
f 1442 1470 1471
f 1443 1472 1444
f 1443 1471 1472
f 1444 1473 1445
f 1444 1472 1473
f 1445 1474 1446
f 1445 1473 1474
f 1446 1475 1447
f 1446 1474 1475
f 1447 1476 1448
f 1447 1475 1476
f 1448 1477 1449
f 1448 1476 1477
f 1449 1478 1450
f 1449 1477 1478
f 1450 1479 1451
f 1450 1478 1479
f 1451 218 217
f 1451 1479 218
f 144 1480 1452
f 144 145 1480
f 1452 1481 1453
f 1452 1480 1481
f 1453 1482 1454
f 1453 1481 1482
f 1454 1483 1455
f 1454 1482 1483
f 1455 1484 1456
f 1455 1483 1484
f 1456 1485 1457
f 1456 1484 1485
f 1457 1486 1458
f 1457 1485 1486
f 1458 1487 1459
f 1458 1486 1487
f 1459 1488 1460
f 1459 1487 1488
f 1460 1489 1461
f 1460 1488 1489
f 1461 1490 1462
f 1461 1489 1490
f 1462 1491 1463
f 1462 1490 1491
f 1463 1492 1464
f 1463 1491 1492
f 1464 1493 1465
f 1464 1492 1493
f 1465 1494 1466
f 1465 1493 1494
f 1466 1495 1467
f 1466 1494 1495
f 1467 1496 1468
f 1467 1495 1496
f 1468 1497 1469
f 1468 1496 1497
f 1469 1498 1470
f 1469 1497 1498
f 1470 1499 1471
f 1470 1498 1499
f 1471 1500 1472
f 1471 1499 1500
f 1472 1501 1473
f 1472 1500 1501
f 1473 1502 1474
f 1473 1501 1502
f 1474 1503 1475
f 1474 1502 1503
f 1475 1504 1476
f 1475 1503 1504
f 1476 1505 1477
f 1476 1504 1505
f 1477 1506 1478
f 1477 1505 1506
f 1478 1507 1479
f 1478 1506 1507
f 1479 219 218
f 1479 1507 219
f 145 1508 1480
f 145 146 1508
f 1480 1509 1481
f 1480 1508 1509
f 1481 1510 1482
f 1481 1509 1510
f 1482 1511 1483
f 1482 1510 1511
f 1483 1512 1484
f 1483 1511 1512
f 1484 1513 1485
f 1484 1512 1513
f 1485 1514 1486
f 1485 1513 1514
f 1486 1515 1487
f 1486 1514 1515
f 1487 1516 1488
f 1487 1515 1516
f 1488 1517 1489
f 1488 1516 1517
f 1489 1518 1490
f 1489 1517 1518
f 1490 1519 1491
f 1490 1518 1519
f 1491 1520 1492
f 1491 1519 1520
f 1492 1521 1493
f 1492 1520 1521
f 1493 1522 1494
f 1493 1521 1522
f 1494 1523 1495
f 1494 1522 1523
f 1495 1524 1496
f 1495 1523 1524
f 1496 1525 1497
f 1496 1524 1525
f 1497 1526 1498
f 1497 1525 1526
f 1498 1527 1499
f 1498 1526 1527
f 1499 1528 1500
f 1499 1527 1528
f 1500 1529 1501
f 1500 1528 1529
f 1501 1530 1502
f 1501 1529 1530
f 1502 1531 1503
f 1502 1530 1531
f 1503 1532 1504
f 1503 1531 1532
f 1504 1533 1505
f 1504 1532 1533
f 1505 1534 1506
f 1505 1533 1534
f 1506 1535 1507
f 1506 1534 1535
f 1507 220 219
f 1507 1535 220
f 146 1536 1508
f 146 147 1536
f 1508 1537 1509
f 1508 1536 1537
f 1509 1538 1510
f 1509 1537 1538
f 1510 1539 1511
f 1510 1538 1539
f 1511 1540 1512
f 1511 1539 1540
f 1512 1541 1513
f 1512 1540 1541
f 1513 1542 1514
f 1513 1541 1542
f 1514 1543 1515
f 1514 1542 1543
f 1515 1544 1516
f 1515 1543 1544
f 1516 1545 1517
f 1516 1544 1545
f 1517 1546 1518
f 1517 1545 1546
f 1518 1547 1519
f 1518 1546 1547
f 1519 1548 1520
f 1519 1547 1548
f 1520 1549 1521
f 1520 1548 1549
f 1521 1550 1522
f 1521 1549 1550
f 1522 1551 1523
f 1522 1550 1551
f 1523 1552 1524
f 1523 1551 1552
f 1524 1553 1525
f 1524 1552 1553
f 1525 1554 1526
f 1525 1553 1554
f 1526 1555 1527
f 1526 1554 1555
f 1527 1556 1528
f 1527 1555 1556
f 1528 1557 1529
f 1528 1556 1557
f 1529 1558 1530
f 1529 1557 1558
f 1530 1559 1531
f 1530 1558 1559
f 1531 1560 1532
f 1531 1559 1560
f 1532 1561 1533
f 1532 1560 1561
f 1533 1562 1534
f 1533 1561 1562
f 1534 1563 1535
f 1534 1562 1563
f 1535 221 220
f 1535 1563 221
f 147 1564 1536
f 147 148 1564
f 1536 1565 1537
f 1536 1564 1565
f 1537 1566 1538
f 1537 1565 1566
f 1538 1567 1539
f 1538 1566 1567
f 1539 1568 1540
f 1539 1567 1568
f 1540 1569 1541
f 1540 1568 1569
f 1541 1570 1542
f 1541 1569 1570
f 1542 1571 1543
f 1542 1570 1571
f 1543 1572 1544
f 1543 1571 1572
f 1544 1573 1545
f 1544 1572 1573
f 1545 1574 1546
f 1545 1573 1574
f 1546 1575 1547
f 1546 1574 1575
f 1547 1576 1548
f 1547 1575 1576
f 1548 1577 1549
f 1548 1576 1577
f 1549 1578 1550
f 1549 1577 1578
f 1550 1579 1551
f 1550 1578 1579
f 1551 1580 1552
f 1551 1579 1580
f 1552 1581 1553
f 1552 1580 1581
f 1553 1582 1554
f 1553 1581 1582
f 1554 1583 1555
f 1554 1582 1583
f 1555 1584 1556
f 1555 1583 1584
f 1556 1585 1557
f 1556 1584 1585
f 1557 1586 1558
f 1557 1585 1586
f 1558 1587 1559
f 1558 1586 1587
f 1559 1588 1560
f 1559 1587 1588
f 1560 1589 1561
f 1560 1588 1589
f 1561 1590 1562
f 1561 1589 1590
f 1562 1591 1563
f 1562 1590 1591
f 1563 222 221
f 1563 1591 222
f 148 1592 1564
f 148 149 1592
f 1564 1593 1565
f 1564 1592 1593
f 1565 1594 1566
f 1565 1593 1594
f 1566 1595 1567
f 1566 1594 1595
f 1567 1596 1568
f 1567 1595 1596
f 1568 1597 1569
f 1568 1596 1597
f 1569 1598 1570
f 1569 1597 1598
f 1570 1599 1571
f 1570 1598 1599
f 1571 1600 1572
f 1571 1599 1600
f 1572 1601 1573
f 1572 1600 1601
f 1573 1602 1574
f 1573 1601 1602
f 1574 1603 1575
f 1574 1602 1603
f 1575 1604 1576
f 1575 1603 1604
f 1576 1605 1577
f 1576 1604 1605
f 1577 1606 1578
f 1577 1605 1606
f 1578 1607 1579
f 1578 1606 1607
f 1579 1608 1580
f 1579 1607 1608
f 1580 1609 1581
f 1580 1608 1609
f 1581 1610 1582
f 1581 1609 1610
f 1582 1611 1583
f 1582 1610 1611
f 1583 1612 1584
f 1583 1611 1612
f 1584 1613 1585
f 1584 1612 1613
f 1585 1614 1586
f 1585 1613 1614
f 1586 1615 1587
f 1586 1614 1615
f 1587 1616 1588
f 1587 1615 1616
f 1588 1617 1589
f 1588 1616 1617
f 1589 1618 1590
f 1589 1617 1618
f 1590 1619 1591
f 1590 1618 1619
f 1591 223 222
f 1591 1619 223
f 149 1620 1592
f 149 150 1620
f 1592 1621 1593
f 1592 1620 1621
f 1593 1622 1594
f 1593 1621 1622
f 1594 1623 1595
f 1594 1622 1623
f 1595 1624 1596
f 1595 1623 1624
f 1596 1625 1597
f 1596 1624 1625
f 1597 1626 1598
f 1597 1625 1626
f 1598 1627 1599
f 1598 1626 1627
f 1599 1628 1600
f 1599 1627 1628
f 1600 1629 1601
f 1600 1628 1629
f 1601 1630 1602
f 1601 1629 1630
f 1602 1631 1603
f 1602 1630 1631
f 1603 1632 1604
f 1603 1631 1632
f 1604 1633 1605
f 1604 1632 1633
f 1605 1634 1606
f 1605 1633 1634
f 1606 1635 1607
f 1606 1634 1635
f 1607 1636 1608
f 1607 1635 1636
f 1608 1637 1609
f 1608 1636 1637
f 1609 1638 1610
f 1609 1637 1638
f 1610 1639 1611
f 1610 1638 1639
f 1611 1640 1612
f 1611 1639 1640
f 1612 1641 1613
f 1612 1640 1641
f 1613 1642 1614
f 1613 1641 1642
f 1614 1643 1615
f 1614 1642 1643
f 1615 1644 1616
f 1615 1643 1644
f 1616 1645 1617
f 1616 1644 1645
f 1617 1646 1618
f 1617 1645 1646
f 1618 1647 1619
f 1618 1646 1647
f 1619 224 223
f 1619 1647 224
f 150 1648 1620
f 150 151 1648
f 1620 1649 1621
f 1620 1648 1649
f 1621 1650 1622
f 1621 1649 1650
f 1622 1651 1623
f 1622 1650 1651
f 1623 1652 1624
f 1623 1651 1652
f 1624 1653 1625
f 1624 1652 1653
f 1625 1654 1626
f 1625 1653 1654
f 1626 1655 1627
f 1626 1654 1655
f 1627 1656 1628
f 1627 1655 1656
f 1628 1657 1629
f 1628 1656 1657
f 1629 1658 1630
f 1629 1657 1658
f 1630 1659 1631
f 1630 1658 1659
f 1631 1660 1632
f 1631 1659 1660
f 1632 1661 1633
f 1632 1660 1661
f 1633 1662 1634
f 1633 1661 1662
f 1634 1663 1635
f 1634 1662 1663
f 1635 1664 1636
f 1635 1663 1664
f 1636 1665 1637
f 1636 1664 1665
f 1637 1666 1638
f 1637 1665 1666
f 1638 1667 1639
f 1638 1666 1667
f 1639 1668 1640
f 1639 1667 1668
f 1640 1669 1641
f 1640 1668 1669
f 1641 1670 1642
f 1641 1669 1670
f 1642 1671 1643
f 1642 1670 1671
f 1643 1672 1644
f 1643 1671 1672
f 1644 1673 1645
f 1644 1672 1673
f 1645 1674 1646
f 1645 1673 1674
f 1646 1675 1647
f 1646 1674 1675
f 1647 225 224
f 1647 1675 225
f 151 1676 1648
f 151 152 1676
f 1648 1677 1649
f 1648 1676 1677
f 1649 1678 1650
f 1649 1677 1678
f 1650 1679 1651
f 1650 1678 1679
f 1651 1680 1652
f 1651 1679 1680
f 1652 1681 1653
f 1652 1680 1681
f 1653 1682 1654
f 1653 1681 1682
f 1654 1683 1655
f 1654 1682 1683
f 1655 1684 1656
f 1655 1683 1684
f 1656 1685 1657
f 1656 1684 1685
f 1657 1686 1658
f 1657 1685 1686
f 1658 1687 1659
f 1658 1686 1687
f 1659 1688 1660
f 1659 1687 1688
f 1660 1689 1661
f 1660 1688 1689
f 1661 1690 1662
f 1661 1689 1690
f 1662 1691 1663
f 1662 1690 1691
f 1663 1692 1664
f 1663 1691 1692
f 1664 1693 1665
f 1664 1692 1693
f 1665 1694 1666
f 1665 1693 1694
f 1666 1695 1667
f 1666 1694 1695
f 1667 1696 1668
f 1667 1695 1696
f 1668 1697 1669
f 1668 1696 1697
f 1669 1698 1670
f 1669 1697 1698
f 1670 1699 1671
f 1670 1698 1699
f 1671 1700 1672
f 1671 1699 1700
f 1672 1701 1673
f 1672 1700 1701
f 1673 1702 1674
f 1673 1701 1702
f 1674 1703 1675
f 1674 1702 1703
f 1675 226 225
f 1675 1703 226
f 152 1704 1676
f 152 153 1704
f 1676 1705 1677
f 1676 1704 1705
f 1677 1706 1678
f 1677 1705 1706
f 1678 1707 1679
f 1678 1706 1707
f 1679 1708 1680
f 1679 1707 1708
f 1680 1709 1681
f 1680 1708 1709
f 1681 1710 1682
f 1681 1709 1710
f 1682 1711 1683
f 1682 1710 1711
f 1683 1712 1684
f 1683 1711 1712
f 1684 1713 1685
f 1684 1712 1713
f 1685 1714 1686
f 1685 1713 1714
f 1686 1715 1687
f 1686 1714 1715
f 1687 1716 1688
f 1687 1715 1716
f 1688 1717 1689
f 1688 1716 1717
f 1689 1718 1690
f 1689 1717 1718
f 1690 1719 1691
f 1690 1718 1719
f 1691 1720 1692
f 1691 1719 1720
f 1692 1721 1693
f 1692 1720 1721
f 1693 1722 1694
f 1693 1721 1722
f 1694 1723 1695
f 1694 1722 1723
f 1695 1724 1696
f 1695 1723 1724
f 1696 1725 1697
f 1696 1724 1725
f 1697 1726 1698
f 1697 1725 1726
f 1698 1727 1699
f 1698 1726 1727
f 1699 1728 1700
f 1699 1727 1728
f 1700 1729 1701
f 1700 1728 1729
f 1701 1730 1702
f 1701 1729 1730
f 1702 1731 1703
f 1702 1730 1731
f 1703 227 226
f 1703 1731 227
f 153 1732 1704
f 153 154 1732
f 1704 1733 1705
f 1704 1732 1733
f 1705 1734 1706
f 1705 1733 1734
f 1706 1735 1707
f 1706 1734 1735
f 1707 1736 1708
f 1707 1735 1736
f 1708 1737 1709
f 1708 1736 1737
f 1709 1738 1710
f 1709 1737 1738
f 1710 1739 1711
f 1710 1738 1739
f 1711 1740 1712
f 1711 1739 1740
f 1712 1741 1713
f 1712 1740 1741
f 1713 1742 1714
f 1713 1741 1742
f 1714 1743 1715
f 1714 1742 1743
f 1715 1744 1716
f 1715 1743 1744
f 1716 1745 1717
f 1716 1744 1745
f 1717 1746 1718
f 1717 1745 1746
f 1718 1747 1719
f 1718 1746 1747
f 1719 1748 1720
f 1719 1747 1748
f 1720 1749 1721
f 1720 1748 1749
f 1721 1750 1722
f 1721 1749 1750
f 1722 1751 1723
f 1722 1750 1751
f 1723 1752 1724
f 1723 1751 1752
f 1724 1753 1725
f 1724 1752 1753
f 1725 1754 1726
f 1725 1753 1754
f 1726 1755 1727
f 1726 1754 1755
f 1727 1756 1728
f 1727 1755 1756
f 1728 1757 1729
f 1728 1756 1757
f 1729 1758 1730
f 1729 1757 1758
f 1730 1759 1731
f 1730 1758 1759
f 1731 228 227
f 1731 1759 228
f 154 1760 1732
f 154 155 1760
f 1732 1761 1733
f 1732 1760 1761
f 1733 1762 1734
f 1733 1761 1762
f 1734 1763 1735
f 1734 1762 1763
f 1735 1764 1736
f 1735 1763 1764
f 1736 1765 1737
f 1736 1764 1765
f 1737 1766 1738
f 1737 1765 1766
f 1738 1767 1739
f 1738 1766 1767
f 1739 1768 1740
f 1739 1767 1768
f 1740 1769 1741
f 1740 1768 1769
f 1741 1770 1742
f 1741 1769 1770
f 1742 1771 1743
f 1742 1770 1771
f 1743 1772 1744
f 1743 1771 1772
f 1744 1773 1745
f 1744 1772 1773
f 1745 1774 1746
f 1745 1773 1774
f 1746 1775 1747
f 1746 1774 1775
f 1747 1776 1748
f 1747 1775 1776
f 1748 1777 1749
f 1748 1776 1777
f 1749 1778 1750
f 1749 1777 1778
f 1750 1779 1751
f 1750 1778 1779
f 1751 1780 1752
f 1751 1779 1780
f 1752 1781 1753
f 1752 1780 1781
f 1753 1782 1754
f 1753 1781 1782
f 1754 1783 1755
f 1754 1782 1783
f 1755 1784 1756
f 1755 1783 1784
f 1756 1785 1757
f 1756 1784 1785
f 1757 1786 1758
f 1757 1785 1786
f 1758 1787 1759
f 1758 1786 1787
f 1759 229 228
f 1759 1787 229
f 155 1788 1760
f 155 156 1788
f 1760 1789 1761
f 1760 1788 1789
f 1761 1790 1762
f 1761 1789 1790
f 1762 1791 1763
f 1762 1790 1791
f 1763 1792 1764
f 1763 1791 1792
f 1764 1793 1765
f 1764 1792 1793
f 1765 1794 1766
f 1765 1793 1794
f 1766 1795 1767
f 1766 1794 1795
f 1767 1796 1768
f 1767 1795 1796
f 1768 1797 1769
f 1768 1796 1797
f 1769 1798 1770
f 1769 1797 1798
f 1770 1799 1771
f 1770 1798 1799
f 1771 1800 1772
f 1771 1799 1800
f 1772 1801 1773
f 1772 1800 1801
f 1773 1802 1774
f 1773 1801 1802
f 1774 1803 1775
f 1774 1802 1803
f 1775 1804 1776
f 1775 1803 1804
f 1776 1805 1777
f 1776 1804 1805
f 1777 1806 1778
f 1777 1805 1806
f 1778 1807 1779
f 1778 1806 1807
f 1779 1808 1780
f 1779 1807 1808
f 1780 1809 1781
f 1780 1808 1809
f 1781 1810 1782
f 1781 1809 1810
f 1782 1811 1783
f 1782 1810 1811
f 1783 1812 1784
f 1783 1811 1812
f 1784 1813 1785
f 1784 1812 1813
f 1785 1814 1786
f 1785 1813 1814
f 1786 1815 1787
f 1786 1814 1815
f 1787 230 229
f 1787 1815 230
f 156 1816 1788
f 156 157 1816
f 1788 1817 1789
f 1788 1816 1817
f 1789 1818 1790
f 1789 1817 1818
f 1790 1819 1791
f 1790 1818 1819
f 1791 1820 1792
f 1791 1819 1820
f 1792 1821 1793
f 1792 1820 1821
f 1793 1822 1794
f 1793 1821 1822
f 1794 1823 1795
f 1794 1822 1823
f 1795 1824 1796
f 1795 1823 1824
f 1796 1825 1797
f 1796 1824 1825
f 1797 1826 1798
f 1797 1825 1826
f 1798 1827 1799
f 1798 1826 1827
f 1799 1828 1800
f 1799 1827 1828
f 1800 1829 1801
f 1800 1828 1829
f 1801 1830 1802
f 1801 1829 1830
f 1802 1831 1803
f 1802 1830 1831
f 1803 1832 1804
f 1803 1831 1832
f 1804 1833 1805
f 1804 1832 1833
f 1805 1834 1806
f 1805 1833 1834
f 1806 1835 1807
f 1806 1834 1835
f 1807 1836 1808
f 1807 1835 1836
f 1808 1837 1809
f 1808 1836 1837
f 1809 1838 1810
f 1809 1837 1838
f 1810 1839 1811
f 1810 1838 1839
f 1811 1840 1812
f 1811 1839 1840
f 1812 1841 1813
f 1812 1840 1841
f 1813 1842 1814
f 1813 1841 1842
f 1814 1843 1815
f 1814 1842 1843
f 1815 231 230
f 1815 1843 231
f 157 1844 1816
f 157 158 1844
f 1816 1845 1817
f 1816 1844 1845
f 1817 1846 1818
f 1817 1845 1846
f 1818 1847 1819
f 1818 1846 1847
f 1819 1848 1820
f 1819 1847 1848
f 1820 1849 1821
f 1820 1848 1849
f 1821 1850 1822
f 1821 1849 1850
f 1822 1851 1823
f 1822 1850 1851
f 1823 1852 1824
f 1823 1851 1852
f 1824 1853 1825
f 1824 1852 1853
f 1825 1854 1826
f 1825 1853 1854
f 1826 1855 1827
f 1826 1854 1855
f 1827 1856 1828
f 1827 1855 1856
f 1828 1857 1829
f 1828 1856 1857
f 1829 1858 1830
f 1829 1857 1858
f 1830 1859 1831
f 1830 1858 1859
f 1831 1860 1832
f 1831 1859 1860
f 1832 1861 1833
f 1832 1860 1861
f 1833 1862 1834
f 1833 1861 1862
f 1834 1863 1835
f 1834 1862 1863
f 1835 1864 1836
f 1835 1863 1864
f 1836 1865 1837
f 1836 1864 1865
f 1837 1866 1838
f 1837 1865 1866
f 1838 1867 1839
f 1838 1866 1867
f 1839 1868 1840
f 1839 1867 1868
f 1840 1869 1841
f 1840 1868 1869
f 1841 1870 1842
f 1841 1869 1870
f 1842 1871 1843
f 1842 1870 1871
f 1843 232 231
f 1843 1871 232
f 158 260 1844
f 158 6 260
f 1844 259 1845
f 1844 260 259
f 1845 258 1846
f 1845 259 258
f 1846 257 1847
f 1846 258 257
f 1847 256 1848
f 1847 257 256
f 1848 255 1849
f 1848 256 255
f 1849 254 1850
f 1849 255 254
f 1850 253 1851
f 1850 254 253
f 1851 252 1852
f 1851 253 252
f 1852 251 1853
f 1852 252 251
f 1853 250 1854
f 1853 251 250
f 1854 249 1855
f 1854 250 249
f 1855 248 1856
f 1855 249 248
f 1856 247 1857
f 1856 248 247
f 1857 246 1858
f 1857 247 246
f 1858 245 1859
f 1858 246 245
f 1859 244 1860
f 1859 245 244
f 1860 243 1861
f 1860 244 243
f 1861 242 1862
f 1861 243 242
f 1862 241 1863
f 1862 242 241
f 1863 240 1864
f 1863 241 240
f 1864 239 1865
f 1864 240 239
f 1865 238 1866
f 1865 239 238
f 1866 237 1867
f 1866 238 237
f 1867 236 1868
f 1867 237 236
f 1868 235 1869
f 1868 236 235
f 1869 234 1870
f 1869 235 234
f 1870 233 1871
f 1870 234 233
f 1871 8 232
f 1871 233 8
f 1 1872 261
f 1 25 1872
f 261 1873 262
f 261 1872 1873
f 262 1874 263
f 262 1873 1874
f 263 1875 264
f 263 1874 1875
f 264 1876 265
f 264 1875 1876
f 265 1877 266
f 265 1876 1877
f 266 1878 267
f 266 1877 1878
f 267 1879 268
f 267 1878 1879
f 268 1880 269
f 268 1879 1880
f 269 1881 270
f 269 1880 1881
f 270 1882 271
f 270 1881 1882
f 271 1883 272
f 271 1882 1883
f 272 1884 273
f 272 1883 1884
f 273 1885 274
f 273 1884 1885
f 274 1886 275
f 274 1885 1886
f 275 1887 276
f 275 1886 1887
f 276 1888 277
f 276 1887 1888
f 277 1889 278
f 277 1888 1889
f 278 1890 279
f 278 1889 1890
f 279 1891 280
f 279 1890 1891
f 280 1892 281
f 280 1891 1892
f 281 1893 282
f 281 1892 1893
f 282 1894 283
f 282 1893 1894
f 283 1895 284
f 283 1894 1895
f 284 1896 285
f 284 1895 1896
f 285 1897 286
f 285 1896 1897
f 286 1898 287
f 286 1897 1898
f 287 1899 288
f 287 1898 1899
f 288 1900 289
f 288 1899 1900
f 289 1901 290
f 289 1900 1901
f 290 216 7
f 290 1901 216
f 25 1902 1872
f 25 26 1902
f 1872 1903 1873
f 1872 1902 1903
f 1873 1904 1874
f 1873 1903 1904
f 1874 1905 1875
f 1874 1904 1905
f 1875 1906 1876
f 1875 1905 1906
f 1876 1907 1877
f 1876 1906 1907
f 1877 1908 1878
f 1877 1907 1908
f 1878 1909 1879
f 1878 1908 1909
f 1879 1910 1880
f 1879 1909 1910
f 1880 1911 1881
f 1880 1910 1911
f 1881 1912 1882
f 1881 1911 1912
f 1882 1913 1883
f 1882 1912 1913
f 1883 1914 1884
f 1883 1913 1914
f 1884 1915 1885
f 1884 1914 1915
f 1885 1916 1886
f 1885 1915 1916
f 1886 1917 1887
f 1886 1916 1917
f 1887 1918 1888
f 1887 1917 1918
f 1888 1919 1889
f 1888 1918 1919
f 1889 1920 1890
f 1889 1919 1920
f 1890 1921 1891
f 1890 1920 1921
f 1891 1922 1892
f 1891 1921 1922
f 1892 1923 1893
f 1892 1922 1923
f 1893 1924 1894
f 1893 1923 1924
f 1894 1925 1895
f 1894 1924 1925
f 1895 1926 1896
f 1895 1925 1926
f 1896 1927 1897
f 1896 1926 1927
f 1897 1928 1898
f 1897 1927 1928
f 1898 1929 1899
f 1898 1928 1929
f 1899 1930 1900
f 1899 1929 1930
f 1900 1931 1901
f 1900 1930 1931
f 1901 215 216
f 1901 1931 215
f 26 1932 1902
f 26 27 1932
f 1902 1933 1903
f 1902 1932 1933
f 1903 1934 1904
f 1903 1933 1934
f 1904 1935 1905
f 1904 1934 1935
f 1905 1936 1906
f 1905 1935 1936
f 1906 1937 1907
f 1906 1936 1937
f 1907 1938 1908
f 1907 1937 1938
f 1908 1939 1909
f 1908 1938 1939
f 1909 1940 1910
f 1909 1939 1940
f 1910 1941 1911
f 1910 1940 1941
f 1911 1942 1912
f 1911 1941 1942
f 1912 1943 1913
f 1912 1942 1943
f 1913 1944 1914
f 1913 1943 1944
f 1914 1945 1915
f 1914 1944 1945
f 1915 1946 1916
f 1915 1945 1946
f 1916 1947 1917
f 1916 1946 1947
f 1917 1948 1918
f 1917 1947 1948
f 1918 1949 1919
f 1918 1948 1949
f 1919 1950 1920
f 1919 1949 1950
f 1920 1951 1921
f 1920 1950 1951
f 1921 1952 1922
f 1921 1951 1952
f 1922 1953 1923
f 1922 1952 1953
f 1923 1954 1924
f 1923 1953 1954
f 1924 1955 1925
f 1924 1954 1955
f 1925 1956 1926
f 1925 1955 1956
f 1926 1957 1927
f 1926 1956 1957
f 1927 1958 1928
f 1927 1957 1958
f 1928 1959 1929
f 1928 1958 1959
f 1929 1960 1930
f 1929 1959 1960
f 1930 1961 1931
f 1930 1960 1961
f 1931 214 215
f 1931 1961 214
f 27 1962 1932
f 27 28 1962
f 1932 1963 1933
f 1932 1962 1963
f 1933 1964 1934
f 1933 1963 1964
f 1934 1965 1935
f 1934 1964 1965
f 1935 1966 1936
f 1935 1965 1966
f 1936 1967 1937
f 1936 1966 1967
f 1937 1968 1938
f 1937 1967 1968
f 1938 1969 1939
f 1938 1968 1969
f 1939 1970 1940
f 1939 1969 1970
f 1940 1971 1941
f 1940 1970 1971
f 1941 1972 1942
f 1941 1971 1972
f 1942 1973 1943
f 1942 1972 1973
f 1943 1974 1944
f 1943 1973 1974
f 1944 1975 1945
f 1944 1974 1975
f 1945 1976 1946
f 1945 1975 1976
f 1946 1977 1947
f 1946 1976 1977
f 1947 1978 1948
f 1947 1977 1978
f 1948 1979 1949
f 1948 1978 1979
f 1949 1980 1950
f 1949 1979 1980
f 1950 1981 1951
f 1950 1980 1981
f 1951 1982 1952
f 1951 1981 1982
f 1952 1983 1953
f 1952 1982 1983
f 1953 1984 1954
f 1953 1983 1984
f 1954 1985 1955
f 1954 1984 1985
f 1955 1986 1956
f 1955 1985 1986
f 1956 1987 1957
f 1956 1986 1987
f 1957 1988 1958
f 1957 1987 1988
f 1958 1989 1959
f 1958 1988 1989
f 1959 1990 1960
f 1959 1989 1990
f 1960 1991 1961
f 1960 1990 1991
f 1961 213 214
f 1961 1991 213
f 28 1992 1962
f 28 29 1992
f 1962 1993 1963
f 1962 1992 1993
f 1963 1994 1964
f 1963 1993 1994
f 1964 1995 1965
f 1964 1994 1995
f 1965 1996 1966
f 1965 1995 1996
f 1966 1997 1967
f 1966 1996 1997
f 1967 1998 1968
f 1967 1997 1998
f 1968 1999 1969
f 1968 1998 1999
f 1969 2000 1970
f 1969 1999 2000
f 1970 2001 1971
f 1970 2000 2001
f 1971 2002 1972
f 1971 2001 2002
f 1972 2003 1973
f 1972 2002 2003
f 1973 2004 1974
f 1973 2003 2004
f 1974 2005 1975
f 1974 2004 2005
f 1975 2006 1976
f 1975 2005 2006
f 1976 2007 1977
f 1976 2006 2007
f 1977 2008 1978
f 1977 2007 2008
f 1978 2009 1979
f 1978 2008 2009
f 1979 2010 1980
f 1979 2009 2010
f 1980 2011 1981
f 1980 2010 2011
f 1981 2012 1982
f 1981 2011 2012
f 1982 2013 1983
f 1982 2012 2013
f 1983 2014 1984
f 1983 2013 2014
f 1984 2015 1985
f 1984 2014 2015
f 1985 2016 1986
f 1985 2015 2016
f 1986 2017 1987
f 1986 2016 2017
f 1987 2018 1988
f 1987 2017 2018
f 1988 2019 1989
f 1988 2018 2019
f 1989 2020 1990
f 1989 2019 2020
f 1990 2021 1991
f 1990 2020 2021
f 1991 212 213
f 1991 2021 212
f 29 2022 1992
f 29 30 2022
f 1992 2023 1993
f 1992 2022 2023
f 1993 2024 1994
f 1993 2023 2024
f 1994 2025 1995
f 1994 2024 2025
f 1995 2026 1996
f 1995 2025 2026
f 1996 2027 1997
f 1996 2026 2027
f 1997 2028 1998
f 1997 2027 2028
f 1998 2029 1999
f 1998 2028 2029
f 1999 2030 2000
f 1999 2029 2030
f 2000 2031 2001
f 2000 2030 2031
f 2001 2032 2002
f 2001 2031 2032
f 2002 2033 2003
f 2002 2032 2033
f 2003 2034 2004
f 2003 2033 2034
f 2004 2035 2005
f 2004 2034 2035
f 2005 2036 2006
f 2005 2035 2036
f 2006 2037 2007
f 2006 2036 2037
f 2007 2038 2008
f 2007 2037 2038
f 2008 2039 2009
f 2008 2038 2039
f 2009 2040 2010
f 2009 2039 2040
f 2010 2041 2011
f 2010 2040 2041
f 2011 2042 2012
f 2011 2041 2042
f 2012 2043 2013
f 2012 2042 2043
f 2013 2044 2014
f 2013 2043 2044
f 2014 2045 2015
f 2014 2044 2045
f 2015 2046 2016
f 2015 2045 2046
f 2016 2047 2017
f 2016 2046 2047
f 2017 2048 2018
f 2017 2047 2048
f 2018 2049 2019
f 2018 2048 2049
f 2019 2050 2020
f 2019 2049 2050
f 2020 2051 2021
f 2020 2050 2051
f 2021 211 212
f 2021 2051 211
f 30 2052 2022
f 30 31 2052
f 2022 2053 2023
f 2022 2052 2053
f 2023 2054 2024
f 2023 2053 2054
f 2024 2055 2025
f 2024 2054 2055
f 2025 2056 2026
f 2025 2055 2056
f 2026 2057 2027
f 2026 2056 2057
f 2027 2058 2028
f 2027 2057 2058
f 2028 2059 2029
f 2028 2058 2059
f 2029 2060 2030
f 2029 2059 2060
f 2030 2061 2031
f 2030 2060 2061
f 2031 2062 2032
f 2031 2061 2062
f 2032 2063 2033
f 2032 2062 2063
f 2033 2064 2034
f 2033 2063 2064
f 2034 2065 2035
f 2034 2064 2065
f 2035 2066 2036
f 2035 2065 2066
f 2036 2067 2037
f 2036 2066 2067
f 2037 2068 2038
f 2037 2067 2068
f 2038 2069 2039
f 2038 2068 2069
f 2039 2070 2040
f 2039 2069 2070
f 2040 2071 2041
f 2040 2070 2071
f 2041 2072 2042
f 2041 2071 2072
f 2042 2073 2043
f 2042 2072 2073
f 2043 2074 2044
f 2043 2073 2074
f 2044 2075 2045
f 2044 2074 2075
f 2045 2076 2046
f 2045 2075 2076
f 2046 2077 2047
f 2046 2076 2077
f 2047 2078 2048
f 2047 2077 2078
f 2048 2079 2049
f 2048 2078 2079
f 2049 2080 2050
f 2049 2079 2080
f 2050 2081 2051
f 2050 2080 2081
f 2051 210 211
f 2051 2081 210
f 31 2082 2052
f 31 32 2082
f 2052 2083 2053
f 2052 2082 2083
f 2053 2084 2054
f 2053 2083 2084
f 2054 2085 2055
f 2054 2084 2085
f 2055 2086 2056
f 2055 2085 2086
f 2056 2087 2057
f 2056 2086 2087
f 2057 2088 2058
f 2057 2087 2088
f 2058 2089 2059
f 2058 2088 2089
f 2059 2090 2060
f 2059 2089 2090
f 2060 2091 2061
f 2060 2090 2091
f 2061 2092 2062
f 2061 2091 2092
f 2062 2093 2063
f 2062 2092 2093
f 2063 2094 2064
f 2063 2093 2094
f 2064 2095 2065
f 2064 2094 2095
f 2065 2096 2066
f 2065 2095 2096
f 2066 2097 2067
f 2066 2096 2097
f 2067 2098 2068
f 2067 2097 2098
f 2068 2099 2069
f 2068 2098 2099
f 2069 2100 2070
f 2069 2099 2100
f 2070 2101 2071
f 2070 2100 2101
f 2071 2102 2072
f 2071 2101 2102
f 2072 2103 2073
f 2072 2102 2103
f 2073 2104 2074
f 2073 2103 2104
f 2074 2105 2075
f 2074 2104 2105
f 2075 2106 2076
f 2075 2105 2106
f 2076 2107 2077
f 2076 2106 2107
f 2077 2108 2078
f 2077 2107 2108
f 2078 2109 2079
f 2078 2108 2109
f 2079 2110 2080
f 2079 2109 2110
f 2080 2111 2081
f 2080 2110 2111
f 2081 209 210
f 2081 2111 209
f 32 2112 2082
f 32 33 2112
f 2082 2113 2083
f 2082 2112 2113
f 2083 2114 2084
f 2083 2113 2114
f 2084 2115 2085
f 2084 2114 2115
f 2085 2116 2086
f 2085 2115 2116
f 2086 2117 2087
f 2086 2116 2117
f 2087 2118 2088
f 2087 2117 2118
f 2088 2119 2089
f 2088 2118 2119
f 2089 2120 2090
f 2089 2119 2120
f 2090 2121 2091
f 2090 2120 2121
f 2091 2122 2092
f 2091 2121 2122
f 2092 2123 2093
f 2092 2122 2123
f 2093 2124 2094
f 2093 2123 2124
f 2094 2125 2095
f 2094 2124 2125
f 2095 2126 2096
f 2095 2125 2126
f 2096 2127 2097
f 2096 2126 2127
f 2097 2128 2098
f 2097 2127 2128
f 2098 2129 2099
f 2098 2128 2129
f 2099 2130 2100
f 2099 2129 2130
f 2100 2131 2101
f 2100 2130 2131
f 2101 2132 2102
f 2101 2131 2132
f 2102 2133 2103
f 2102 2132 2133
f 2103 2134 2104
f 2103 2133 2134
f 2104 2135 2105
f 2104 2134 2135
f 2105 2136 2106
f 2105 2135 2136
f 2106 2137 2107
f 2106 2136 2137
f 2107 2138 2108
f 2107 2137 2138
f 2108 2139 2109
f 2108 2138 2139
f 2109 2140 2110
f 2109 2139 2140
f 2110 2141 2111
f 2110 2140 2141
f 2111 208 209
f 2111 2141 208
f 33 2142 2112
f 33 34 2142
f 2112 2143 2113
f 2112 2142 2143
f 2113 2144 2114
f 2113 2143 2144
f 2114 2145 2115
f 2114 2144 2145
f 2115 2146 2116
f 2115 2145 2146
f 2116 2147 2117
f 2116 2146 2147
f 2117 2148 2118
f 2117 2147 2148
f 2118 2149 2119
f 2118 2148 2149
f 2119 2150 2120
f 2119 2149 2150
f 2120 2151 2121
f 2120 2150 2151
f 2121 2152 2122
f 2121 2151 2152
f 2122 2153 2123
f 2122 2152 2153
f 2123 2154 2124
f 2123 2153 2154
f 2124 2155 2125
f 2124 2154 2155
f 2125 2156 2126
f 2125 2155 2156
f 2126 2157 2127
f 2126 2156 2157
f 2127 2158 2128
f 2127 2157 2158
f 2128 2159 2129
f 2128 2158 2159
f 2129 2160 2130
f 2129 2159 2160
f 2130 2161 2131
f 2130 2160 2161
f 2131 2162 2132
f 2131 2161 2162
f 2132 2163 2133
f 2132 2162 2163
f 2133 2164 2134
f 2133 2163 2164
f 2134 2165 2135
f 2134 2164 2165
f 2135 2166 2136
f 2135 2165 2166
f 2136 2167 2137
f 2136 2166 2167
f 2137 2168 2138
f 2137 2167 2168
f 2138 2169 2139
f 2138 2168 2169
f 2139 2170 2140
f 2139 2169 2170
f 2140 2171 2141
f 2140 2170 2171
f 2141 207 208
f 2141 2171 207
f 34 2172 2142
f 34 35 2172
f 2142 2173 2143
f 2142 2172 2173
f 2143 2174 2144
f 2143 2173 2174
f 2144 2175 2145
f 2144 2174 2175
f 2145 2176 2146
f 2145 2175 2176
f 2146 2177 2147
f 2146 2176 2177
f 2147 2178 2148
f 2147 2177 2178
f 2148 2179 2149
f 2148 2178 2179
f 2149 2180 2150
f 2149 2179 2180
f 2150 2181 2151
f 2150 2180 2181
f 2151 2182 2152
f 2151 2181 2182
f 2152 2183 2153
f 2152 2182 2183
f 2153 2184 2154
f 2153 2183 2184
f 2154 2185 2155
f 2154 2184 2185
f 2155 2186 2156
f 2155 2185 2186
f 2156 2187 2157
f 2156 2186 2187
f 2157 2188 2158
f 2157 2187 2188
f 2158 2189 2159
f 2158 2188 2189
f 2159 2190 2160
f 2159 2189 2190
f 2160 2191 2161
f 2160 2190 2191
f 2161 2192 2162
f 2161 2191 2192
f 2162 2193 2163
f 2162 2192 2193
f 2163 2194 2164
f 2163 2193 2194
f 2164 2195 2165
f 2164 2194 2195
f 2165 2196 2166
f 2165 2195 2196
f 2166 2197 2167
f 2166 2196 2197
f 2167 2198 2168
f 2167 2197 2198
f 2168 2199 2169
f 2168 2198 2199
f 2169 2200 2170
f 2169 2199 2200
f 2170 2201 2171
f 2170 2200 2201
f 2171 206 207
f 2171 2201 206
f 35 2202 2172
f 35 36 2202
f 2172 2203 2173
f 2172 2202 2203
f 2173 2204 2174
f 2173 2203 2204
f 2174 2205 2175
f 2174 2204 2205
f 2175 2206 2176
f 2175 2205 2206
f 2176 2207 2177
f 2176 2206 2207
f 2177 2208 2178
f 2177 2207 2208
f 2178 2209 2179
f 2178 2208 2209
f 2179 2210 2180
f 2179 2209 2210
f 2180 2211 2181
f 2180 2210 2211
f 2181 2212 2182
f 2181 2211 2212
f 2182 2213 2183
f 2182 2212 2213
f 2183 2214 2184
f 2183 2213 2214
f 2184 2215 2185
f 2184 2214 2215
f 2185 2216 2186
f 2185 2215 2216
f 2186 2217 2187
f 2186 2216 2217
f 2187 2218 2188
f 2187 2217 2218
f 2188 2219 2189
f 2188 2218 2219
f 2189 2220 2190
f 2189 2219 2220
f 2190 2221 2191
f 2190 2220 2221
f 2191 2222 2192
f 2191 2221 2222
f 2192 2223 2193
f 2192 2222 2223
f 2193 2224 2194
f 2193 2223 2224
f 2194 2225 2195
f 2194 2224 2225
f 2195 2226 2196
f 2195 2225 2226
f 2196 2227 2197
f 2196 2226 2227
f 2197 2228 2198
f 2197 2227 2228
f 2198 2229 2199
f 2198 2228 2229
f 2199 2230 2200
f 2199 2229 2230
f 2200 2231 2201
f 2200 2230 2231
f 2201 205 206
f 2201 2231 205
f 36 2232 2202
f 36 37 2232
f 2202 2233 2203
f 2202 2232 2233
f 2203 2234 2204
f 2203 2233 2234
f 2204 2235 2205
f 2204 2234 2235
f 2205 2236 2206
f 2205 2235 2236
f 2206 2237 2207
f 2206 2236 2237
f 2207 2238 2208
f 2207 2237 2238
f 2208 2239 2209
f 2208 2238 2239
f 2209 2240 2210
f 2209 2239 2240
f 2210 2241 2211
f 2210 2240 2241
f 2211 2242 2212
f 2211 2241 2242
f 2212 2243 2213
f 2212 2242 2243
f 2213 2244 2214
f 2213 2243 2244
f 2214 2245 2215
f 2214 2244 2245
f 2215 2246 2216
f 2215 2245 2246
f 2216 2247 2217
f 2216 2246 2247
f 2217 2248 2218
f 2217 2247 2248
f 2218 2249 2219
f 2218 2248 2249
f 2219 2250 2220
f 2219 2249 2250
f 2220 2251 2221
f 2220 2250 2251
f 2221 2252 2222
f 2221 2251 2252
f 2222 2253 2223
f 2222 2252 2253
f 2223 2254 2224
f 2223 2253 2254
f 2224 2255 2225
f 2224 2254 2255
f 2225 2256 2226
f 2225 2255 2256
f 2226 2257 2227
f 2226 2256 2257
f 2227 2258 2228
f 2227 2257 2258
f 2228 2259 2229
f 2228 2258 2259
f 2229 2260 2230
f 2229 2259 2260
f 2230 2261 2231
f 2230 2260 2261
f 2231 204 205
f 2231 2261 204
f 37 2262 2232
f 37 38 2262
f 2232 2263 2233
f 2232 2262 2263
f 2233 2264 2234
f 2233 2263 2264
f 2234 2265 2235
f 2234 2264 2265
f 2235 2266 2236
f 2235 2265 2266
f 2236 2267 2237
f 2236 2266 2267
f 2237 2268 2238
f 2237 2267 2268
f 2238 2269 2239
f 2238 2268 2269
f 2239 2270 2240
f 2239 2269 2270
f 2240 2271 2241
f 2240 2270 2271
f 2241 2272 2242
f 2241 2271 2272
f 2242 2273 2243
f 2242 2272 2273
f 2243 2274 2244
f 2243 2273 2274
f 2244 2275 2245
f 2244 2274 2275
f 2245 2276 2246
f 2245 2275 2276
f 2246 2277 2247
f 2246 2276 2277
f 2247 2278 2248
f 2247 2277 2278
f 2248 2279 2249
f 2248 2278 2279
f 2249 2280 2250
f 2249 2279 2280
f 2250 2281 2251
f 2250 2280 2281
f 2251 2282 2252
f 2251 2281 2282
f 2252 2283 2253
f 2252 2282 2283
f 2253 2284 2254
f 2253 2283 2284
f 2254 2285 2255
f 2254 2284 2285
f 2255 2286 2256
f 2255 2285 2286
f 2256 2287 2257
f 2256 2286 2287
f 2257 2288 2258
f 2257 2287 2288
f 2258 2289 2259
f 2258 2288 2289
f 2259 2290 2260
f 2259 2289 2290
f 2260 2291 2261
f 2260 2290 2291
f 2261 203 204
f 2261 2291 203
f 38 2292 2262
f 38 39 2292
f 2262 2293 2263
f 2262 2292 2293
f 2263 2294 2264
f 2263 2293 2294
f 2264 2295 2265
f 2264 2294 2295
f 2265 2296 2266
f 2265 2295 2296
f 2266 2297 2267
f 2266 2296 2297
f 2267 2298 2268
f 2267 2297 2298
f 2268 2299 2269
f 2268 2298 2299
f 2269 2300 2270
f 2269 2299 2300
f 2270 2301 2271
f 2270 2300 2301
f 2271 2302 2272
f 2271 2301 2302
f 2272 2303 2273
f 2272 2302 2303
f 2273 2304 2274
f 2273 2303 2304
f 2274 2305 2275
f 2274 2304 2305
f 2275 2306 2276
f 2275 2305 2306
f 2276 2307 2277
f 2276 2306 2307
f 2277 2308 2278
f 2277 2307 2308
f 2278 2309 2279
f 2278 2308 2309
f 2279 2310 2280
f 2279 2309 2310
f 2280 2311 2281
f 2280 2310 2311
f 2281 2312 2282
f 2281 2311 2312
f 2282 2313 2283
f 2282 2312 2313
f 2283 2314 2284
f 2283 2313 2314
f 2284 2315 2285
f 2284 2314 2315
f 2285 2316 2286
f 2285 2315 2316
f 2286 2317 2287
f 2286 2316 2317
f 2287 2318 2288
f 2287 2317 2318
f 2288 2319 2289
f 2288 2318 2319
f 2289 2320 2290
f 2289 2319 2320
f 2290 2321 2291
f 2290 2320 2321
f 2291 202 203
f 2291 2321 202
f 39 2322 2292
f 39 40 2322
f 2292 2323 2293
f 2292 2322 2323
f 2293 2324 2294
f 2293 2323 2324
f 2294 2325 2295
f 2294 2324 2325
f 2295 2326 2296
f 2295 2325 2326
f 2296 2327 2297
f 2296 2326 2327
f 2297 2328 2298
f 2297 2327 2328
f 2298 2329 2299
f 2298 2328 2329
f 2299 2330 2300
f 2299 2329 2330
f 2300 2331 2301
f 2300 2330 2331
f 2301 2332 2302
f 2301 2331 2332
f 2302 2333 2303
f 2302 2332 2333
f 2303 2334 2304
f 2303 2333 2334
f 2304 2335 2305
f 2304 2334 2335
f 2305 2336 2306
f 2305 2335 2336
f 2306 2337 2307
f 2306 2336 2337
f 2307 2338 2308
f 2307 2337 2338
f 2308 2339 2309
f 2308 2338 2339
f 2309 2340 2310
f 2309 2339 2340
f 2310 2341 2311
f 2310 2340 2341
f 2311 2342 2312
f 2311 2341 2342
f 2312 2343 2313
f 2312 2342 2343
f 2313 2344 2314
f 2313 2343 2344
f 2314 2345 2315
f 2314 2344 2345
f 2315 2346 2316
f 2315 2345 2346
f 2316 2347 2317
f 2316 2346 2347
f 2317 2348 2318
f 2317 2347 2348
f 2318 2349 2319
f 2318 2348 2349
f 2319 2350 2320
f 2319 2349 2350
f 2320 2351 2321
f 2320 2350 2351
f 2321 201 202
f 2321 2351 201
f 40 2352 2322
f 40 41 2352
f 2322 2353 2323
f 2322 2352 2353
f 2323 2354 2324
f 2323 2353 2354
f 2324 2355 2325
f 2324 2354 2355
f 2325 2356 2326
f 2325 2355 2356
f 2326 2357 2327
f 2326 2356 2357
f 2327 2358 2328
f 2327 2357 2358
f 2328 2359 2329
f 2328 2358 2359
f 2329 2360 2330
f 2329 2359 2360
f 2330 2361 2331
f 2330 2360 2361
f 2331 2362 2332
f 2331 2361 2362
f 2332 2363 2333
f 2332 2362 2363
f 2333 2364 2334
f 2333 2363 2364
f 2334 2365 2335
f 2334 2364 2365
f 2335 2366 2336
f 2335 2365 2366
f 2336 2367 2337
f 2336 2366 2367
f 2337 2368 2338
f 2337 2367 2368
f 2338 2369 2339
f 2338 2368 2369
f 2339 2370 2340
f 2339 2369 2370
f 2340 2371 2341
f 2340 2370 2371
f 2341 2372 2342
f 2341 2371 2372
f 2342 2373 2343
f 2342 2372 2373
f 2343 2374 2344
f 2343 2373 2374
f 2344 2375 2345
f 2344 2374 2375
f 2345 2376 2346
f 2345 2375 2376
f 2346 2377 2347
f 2346 2376 2377
f 2347 2378 2348
f 2347 2377 2378
f 2348 2379 2349
f 2348 2378 2379
f 2349 2380 2350
f 2349 2379 2380
f 2350 2381 2351
f 2350 2380 2381
f 2351 200 201
f 2351 2381 200
f 41 2382 2352
f 41 42 2382
f 2352 2383 2353
f 2352 2382 2383
f 2353 2384 2354
f 2353 2383 2384
f 2354 2385 2355
f 2354 2384 2385
f 2355 2386 2356
f 2355 2385 2386
f 2356 2387 2357
f 2356 2386 2387
f 2357 2388 2358
f 2357 2387 2388
f 2358 2389 2359
f 2358 2388 2389
f 2359 2390 2360
f 2359 2389 2390
f 2360 2391 2361
f 2360 2390 2391
f 2361 2392 2362
f 2361 2391 2392
f 2362 2393 2363
f 2362 2392 2393
f 2363 2394 2364
f 2363 2393 2394
f 2364 2395 2365
f 2364 2394 2395
f 2365 2396 2366
f 2365 2395 2396
f 2366 2397 2367
f 2366 2396 2397
f 2367 2398 2368
f 2367 2397 2398
f 2368 2399 2369
f 2368 2398 2399
f 2369 2400 2370
f 2369 2399 2400
f 2370 2401 2371
f 2370 2400 2401
f 2371 2402 2372
f 2371 2401 2402
f 2372 2403 2373
f 2372 2402 2403
f 2373 2404 2374
f 2373 2403 2404
f 2374 2405 2375
f 2374 2404 2405
f 2375 2406 2376
f 2375 2405 2406
f 2376 2407 2377
f 2376 2406 2407
f 2377 2408 2378
f 2377 2407 2408
f 2378 2409 2379
f 2378 2408 2409
f 2379 2410 2380
f 2379 2409 2410
f 2380 2411 2381
f 2380 2410 2411
f 2381 199 200
f 2381 2411 199
f 42 2412 2382
f 42 43 2412
f 2382 2413 2383
f 2382 2412 2413
f 2383 2414 2384
f 2383 2413 2414
f 2384 2415 2385
f 2384 2414 2415
f 2385 2416 2386
f 2385 2415 2416
f 2386 2417 2387
f 2386 2416 2417
f 2387 2418 2388
f 2387 2417 2418
f 2388 2419 2389
f 2388 2418 2419
f 2389 2420 2390
f 2389 2419 2420
f 2390 2421 2391
f 2390 2420 2421
f 2391 2422 2392
f 2391 2421 2422
f 2392 2423 2393
f 2392 2422 2423
f 2393 2424 2394
f 2393 2423 2424
f 2394 2425 2395
f 2394 2424 2425
f 2395 2426 2396
f 2395 2425 2426
f 2396 2427 2397
f 2396 2426 2427
f 2397 2428 2398
f 2397 2427 2428
f 2398 2429 2399
f 2398 2428 2429
f 2399 2430 2400
f 2399 2429 2430
f 2400 2431 2401
f 2400 2430 2431
f 2401 2432 2402
f 2401 2431 2432
f 2402 2433 2403
f 2402 2432 2433
f 2403 2434 2404
f 2403 2433 2434
f 2404 2435 2405
f 2404 2434 2435
f 2405 2436 2406
f 2405 2435 2436
f 2406 2437 2407
f 2406 2436 2437
f 2407 2438 2408
f 2407 2437 2438
f 2408 2439 2409
f 2408 2438 2439
f 2409 2440 2410
f 2409 2439 2440
f 2410 2441 2411
f 2410 2440 2441
f 2411 198 199
f 2411 2441 198
f 43 2442 2412
f 43 44 2442
f 2412 2443 2413
f 2412 2442 2443
f 2413 2444 2414
f 2413 2443 2444
f 2414 2445 2415
f 2414 2444 2445
f 2415 2446 2416
f 2415 2445 2446
f 2416 2447 2417
f 2416 2446 2447
f 2417 2448 2418
f 2417 2447 2448
f 2418 2449 2419
f 2418 2448 2449
f 2419 2450 2420
f 2419 2449 2450
f 2420 2451 2421
f 2420 2450 2451
f 2421 2452 2422
f 2421 2451 2452
f 2422 2453 2423
f 2422 2452 2453
f 2423 2454 2424
f 2423 2453 2454
f 2424 2455 2425
f 2424 2454 2455
f 2425 2456 2426
f 2425 2455 2456
f 2426 2457 2427
f 2426 2456 2457
f 2427 2458 2428
f 2427 2457 2458
f 2428 2459 2429
f 2428 2458 2459
f 2429 2460 2430
f 2429 2459 2460
f 2430 2461 2431
f 2430 2460 2461
f 2431 2462 2432
f 2431 2461 2462
f 2432 2463 2433
f 2432 2462 2463
f 2433 2464 2434
f 2433 2463 2464
f 2434 2465 2435
f 2434 2464 2465
f 2435 2466 2436
f 2435 2465 2466
f 2436 2467 2437
f 2436 2466 2467
f 2437 2468 2438
f 2437 2467 2468
f 2438 2469 2439
f 2438 2468 2469
f 2439 2470 2440
f 2439 2469 2470
f 2440 2471 2441
f 2440 2470 2471
f 2441 197 198
f 2441 2471 197
f 44 2472 2442
f 44 45 2472
f 2442 2473 2443
f 2442 2472 2473
f 2443 2474 2444
f 2443 2473 2474
f 2444 2475 2445
f 2444 2474 2475
f 2445 2476 2446
f 2445 2475 2476
f 2446 2477 2447
f 2446 2476 2477
f 2447 2478 2448
f 2447 2477 2478
f 2448 2479 2449
f 2448 2478 2479
f 2449 2480 2450
f 2449 2479 2480
f 2450 2481 2451
f 2450 2480 2481
f 2451 2482 2452
f 2451 2481 2482
f 2452 2483 2453
f 2452 2482 2483
f 2453 2484 2454
f 2453 2483 2484
f 2454 2485 2455
f 2454 2484 2485
f 2455 2486 2456
f 2455 2485 2486
f 2456 2487 2457
f 2456 2486 2487
f 2457 2488 2458
f 2457 2487 2488
f 2458 2489 2459
f 2458 2488 2489
f 2459 2490 2460
f 2459 2489 2490
f 2460 2491 2461
f 2460 2490 2491
f 2461 2492 2462
f 2461 2491 2492
f 2462 2493 2463
f 2462 2492 2493
f 2463 2494 2464
f 2463 2493 2494
f 2464 2495 2465
f 2464 2494 2495
f 2465 2496 2466
f 2465 2495 2496
f 2466 2497 2467
f 2466 2496 2497
f 2467 2498 2468
f 2467 2497 2498
f 2468 2499 2469
f 2468 2498 2499
f 2469 2500 2470
f 2469 2499 2500
f 2470 2501 2471
f 2470 2500 2501
f 2471 196 197
f 2471 2501 196
f 45 2502 2472
f 45 46 2502
f 2472 2503 2473
f 2472 2502 2503
f 2473 2504 2474
f 2473 2503 2504
f 2474 2505 2475
f 2474 2504 2505
f 2475 2506 2476
f 2475 2505 2506
f 2476 2507 2477
f 2476 2506 2507
f 2477 2508 2478
f 2477 2507 2508
f 2478 2509 2479
f 2478 2508 2509
f 2479 2510 2480
f 2479 2509 2510
f 2480 2511 2481
f 2480 2510 2511
f 2481 2512 2482
f 2481 2511 2512
f 2482 2513 2483
f 2482 2512 2513
f 2483 2514 2484
f 2483 2513 2514
f 2484 2515 2485
f 2484 2514 2515
f 2485 2516 2486
f 2485 2515 2516
f 2486 2517 2487
f 2486 2516 2517
f 2487 2518 2488
f 2487 2517 2518
f 2488 2519 2489
f 2488 2518 2519
f 2489 2520 2490
f 2489 2519 2520
f 2490 2521 2491
f 2490 2520 2521
f 2491 2522 2492
f 2491 2521 2522
f 2492 2523 2493
f 2492 2522 2523
f 2493 2524 2494
f 2493 2523 2524
f 2494 2525 2495
f 2494 2524 2525
f 2495 2526 2496
f 2495 2525 2526
f 2496 2527 2497
f 2496 2526 2527
f 2497 2528 2498
f 2497 2527 2528
f 2498 2529 2499
f 2498 2528 2529
f 2499 2530 2500
f 2499 2529 2530
f 2500 2531 2501
f 2500 2530 2531
f 2501 195 196
f 2501 2531 195
f 46 2532 2502
f 46 47 2532
f 2502 2533 2503
f 2502 2532 2533
f 2503 2534 2504
f 2503 2533 2534
f 2504 2535 2505
f 2504 2534 2535
f 2505 2536 2506
f 2505 2535 2536
f 2506 2537 2507
f 2506 2536 2537
f 2507 2538 2508
f 2507 2537 2538
f 2508 2539 2509
f 2508 2538 2539
f 2509 2540 2510
f 2509 2539 2540
f 2510 2541 2511
f 2510 2540 2541
f 2511 2542 2512
f 2511 2541 2542
f 2512 2543 2513
f 2512 2542 2543
f 2513 2544 2514
f 2513 2543 2544
f 2514 2545 2515
f 2514 2544 2545
f 2515 2546 2516
f 2515 2545 2546
f 2516 2547 2517
f 2516 2546 2547
f 2517 2548 2518
f 2517 2547 2548
f 2518 2549 2519
f 2518 2548 2549
f 2519 2550 2520
f 2519 2549 2550
f 2520 2551 2521
f 2520 2550 2551
f 2521 2552 2522
f 2521 2551 2552
f 2522 2553 2523
f 2522 2552 2553
f 2523 2554 2524
f 2523 2553 2554
f 2524 2555 2525
f 2524 2554 2555
f 2525 2556 2526
f 2525 2555 2556
f 2526 2557 2527
f 2526 2556 2557
f 2527 2558 2528
f 2527 2557 2558
f 2528 2559 2529
f 2528 2558 2559
f 2529 2560 2530
f 2529 2559 2560
f 2530 2561 2531
f 2530 2560 2561
f 2531 194 195
f 2531 2561 194
f 47 2562 2532
f 47 48 2562
f 2532 2563 2533
f 2532 2562 2563
f 2533 2564 2534
f 2533 2563 2564
f 2534 2565 2535
f 2534 2564 2565
f 2535 2566 2536
f 2535 2565 2566
f 2536 2567 2537
f 2536 2566 2567
f 2537 2568 2538
f 2537 2567 2568
f 2538 2569 2539
f 2538 2568 2569
f 2539 2570 2540
f 2539 2569 2570
f 2540 2571 2541
f 2540 2570 2571
f 2541 2572 2542
f 2541 2571 2572
f 2542 2573 2543
f 2542 2572 2573
f 2543 2574 2544
f 2543 2573 2574
f 2544 2575 2545
f 2544 2574 2575
f 2545 2576 2546
f 2545 2575 2576
f 2546 2577 2547
f 2546 2576 2577
f 2547 2578 2548
f 2547 2577 2578
f 2548 2579 2549
f 2548 2578 2579
f 2549 2580 2550
f 2549 2579 2580
f 2550 2581 2551
f 2550 2580 2581
f 2551 2582 2552
f 2551 2581 2582
f 2552 2583 2553
f 2552 2582 2583
f 2553 2584 2554
f 2553 2583 2584
f 2554 2585 2555
f 2554 2584 2585
f 2555 2586 2556
f 2555 2585 2586
f 2556 2587 2557
f 2556 2586 2587
f 2557 2588 2558
f 2557 2587 2588
f 2558 2589 2559
f 2558 2588 2589
f 2559 2590 2560
f 2559 2589 2590
f 2560 2591 2561
f 2560 2590 2591
f 2561 193 194
f 2561 2591 193
f 48 2592 2562
f 48 49 2592
f 2562 2593 2563
f 2562 2592 2593
f 2563 2594 2564
f 2563 2593 2594
f 2564 2595 2565
f 2564 2594 2595
f 2565 2596 2566
f 2565 2595 2596
f 2566 2597 2567
f 2566 2596 2597
f 2567 2598 2568
f 2567 2597 2598
f 2568 2599 2569
f 2568 2598 2599
f 2569 2600 2570
f 2569 2599 2600
f 2570 2601 2571
f 2570 2600 2601
f 2571 2602 2572
f 2571 2601 2602
f 2572 2603 2573
f 2572 2602 2603
f 2573 2604 2574
f 2573 2603 2604
f 2574 2605 2575
f 2574 2604 2605
f 2575 2606 2576
f 2575 2605 2606
f 2576 2607 2577
f 2576 2606 2607
f 2577 2608 2578
f 2577 2607 2608
f 2578 2609 2579
f 2578 2608 2609
f 2579 2610 2580
f 2579 2609 2610
f 2580 2611 2581
f 2580 2610 2611
f 2581 2612 2582
f 2581 2611 2612
f 2582 2613 2583
f 2582 2612 2613
f 2583 2614 2584
f 2583 2613 2614
f 2584 2615 2585
f 2584 2614 2615
f 2585 2616 2586
f 2585 2615 2616
f 2586 2617 2587
f 2586 2616 2617
f 2587 2618 2588
f 2587 2617 2618
f 2588 2619 2589
f 2588 2618 2619
f 2589 2620 2590
f 2589 2619 2620
f 2590 2621 2591
f 2590 2620 2621
f 2591 192 193
f 2591 2621 192
f 49 2622 2592
f 49 50 2622
f 2592 2623 2593
f 2592 2622 2623
f 2593 2624 2594
f 2593 2623 2624
f 2594 2625 2595
f 2594 2624 2625
f 2595 2626 2596
f 2595 2625 2626
f 2596 2627 2597
f 2596 2626 2627
f 2597 2628 2598
f 2597 2627 2628
f 2598 2629 2599
f 2598 2628 2629
f 2599 2630 2600
f 2599 2629 2630
f 2600 2631 2601
f 2600 2630 2631
f 2601 2632 2602
f 2601 2631 2632
f 2602 2633 2603
f 2602 2632 2633
f 2603 2634 2604
f 2603 2633 2634
f 2604 2635 2605
f 2604 2634 2635
f 2605 2636 2606
f 2605 2635 2636
f 2606 2637 2607
f 2606 2636 2637
f 2607 2638 2608
f 2607 2637 2638
f 2608 2639 2609
f 2608 2638 2639
f 2609 2640 2610
f 2609 2639 2640
f 2610 2641 2611
f 2610 2640 2641
f 2611 2642 2612
f 2611 2641 2642
f 2612 2643 2613
f 2612 2642 2643
f 2613 2644 2614
f 2613 2643 2644
f 2614 2645 2615
f 2614 2644 2645
f 2615 2646 2616
f 2615 2645 2646
f 2616 2647 2617
f 2616 2646 2647
f 2617 2648 2618
f 2617 2647 2648
f 2618 2649 2619
f 2618 2648 2649
f 2619 2650 2620
f 2619 2649 2650
f 2620 2651 2621
f 2620 2650 2651
f 2621 191 192
f 2621 2651 191
f 50 2652 2622
f 50 51 2652
f 2622 2653 2623
f 2622 2652 2653
f 2623 2654 2624
f 2623 2653 2654
f 2624 2655 2625
f 2624 2654 2655
f 2625 2656 2626
f 2625 2655 2656
f 2626 2657 2627
f 2626 2656 2657
f 2627 2658 2628
f 2627 2657 2658
f 2628 2659 2629
f 2628 2658 2659
f 2629 2660 2630
f 2629 2659 2660
f 2630 2661 2631
f 2630 2660 2661
f 2631 2662 2632
f 2631 2661 2662
f 2632 2663 2633
f 2632 2662 2663
f 2633 2664 2634
f 2633 2663 2664
f 2634 2665 2635
f 2634 2664 2665
f 2635 2666 2636
f 2635 2665 2666
f 2636 2667 2637
f 2636 2666 2667
f 2637 2668 2638
f 2637 2667 2668
f 2638 2669 2639
f 2638 2668 2669
f 2639 2670 2640
f 2639 2669 2670
f 2640 2671 2641
f 2640 2670 2671
f 2641 2672 2642
f 2641 2671 2672
f 2642 2673 2643
f 2642 2672 2673
f 2643 2674 2644
f 2643 2673 2674
f 2644 2675 2645
f 2644 2674 2675
f 2645 2676 2646
f 2645 2675 2676
f 2646 2677 2647
f 2646 2676 2677
f 2647 2678 2648
f 2647 2677 2678
f 2648 2679 2649
f 2648 2678 2679
f 2649 2680 2650
f 2649 2679 2680
f 2650 2681 2651
f 2650 2680 2681
f 2651 190 191
f 2651 2681 190
f 51 2682 2652
f 51 52 2682
f 2652 2683 2653
f 2652 2682 2683
f 2653 2684 2654
f 2653 2683 2684
f 2654 2685 2655
f 2654 2684 2685
f 2655 2686 2656
f 2655 2685 2686
f 2656 2687 2657
f 2656 2686 2687
f 2657 2688 2658
f 2657 2687 2688
f 2658 2689 2659
f 2658 2688 2689
f 2659 2690 2660
f 2659 2689 2690
f 2660 2691 2661
f 2660 2690 2691
f 2661 2692 2662
f 2661 2691 2692
f 2662 2693 2663
f 2662 2692 2693
f 2663 2694 2664
f 2663 2693 2694
f 2664 2695 2665
f 2664 2694 2695
f 2665 2696 2666
f 2665 2695 2696
f 2666 2697 2667
f 2666 2696 2697
f 2667 2698 2668
f 2667 2697 2698
f 2668 2699 2669
f 2668 2698 2699
f 2669 2700 2670
f 2669 2699 2700
f 2670 2701 2671
f 2670 2700 2701
f 2671 2702 2672
f 2671 2701 2702
f 2672 2703 2673
f 2672 2702 2703
f 2673 2704 2674
f 2673 2703 2704
f 2674 2705 2675
f 2674 2704 2705
f 2675 2706 2676
f 2675 2705 2706
f 2676 2707 2677
f 2676 2706 2707
f 2677 2708 2678
f 2677 2707 2708
f 2678 2709 2679
f 2678 2708 2709
f 2679 2710 2680
f 2679 2709 2710
f 2680 2711 2681
f 2680 2710 2711
f 2681 189 190
f 2681 2711 189
f 52 113 2682
f 52 2 113
f 2682 114 2683
f 2682 113 114
f 2683 115 2684
f 2683 114 115
f 2684 116 2685
f 2684 115 116
f 2685 117 2686
f 2685 116 117
f 2686 118 2687
f 2686 117 118
f 2687 119 2688
f 2687 118 119
f 2688 120 2689
f 2688 119 120
f 2689 121 2690
f 2689 120 121
f 2690 122 2691
f 2690 121 122
f 2691 123 2692
f 2691 122 123
f 2692 124 2693
f 2692 123 124
f 2693 125 2694
f 2693 124 125
f 2694 126 2695
f 2694 125 126
f 2695 127 2696
f 2695 126 127
f 2696 128 2697
f 2696 127 128
f 2697 129 2698
f 2697 128 129
f 2698 130 2699
f 2698 129 130
f 2699 131 2700
f 2699 130 131
f 2700 132 2701
f 2700 131 132
f 2701 133 2702
f 2701 132 133
f 2702 134 2703
f 2702 133 134
f 2703 135 2704
f 2703 134 135
f 2704 136 2705
f 2704 135 136
f 2705 137 2706
f 2705 136 137
f 2706 138 2707
f 2706 137 138
f 2707 139 2708
f 2707 138 139
f 2708 140 2709
f 2708 139 140
f 2709 141 2710
f 2709 140 141
f 2710 142 2711
f 2710 141 142
f 2711 5 189
f 2711 142 5
f 9 2712 291
f 9 298 2712
f 291 2713 292
f 291 2712 2713
f 292 293 10
f 292 2713 293
f 298 2714 2712
f 298 297 2714
f 2712 2715 2713
f 2712 2714 2715
f 2713 294 293
f 2713 2715 294
f 297 296 2714
f 297 12 296
f 2714 295 2715
f 2714 296 295
f 2715 11 294
f 2715 295 11
f 10 2716 299
f 10 293 2716
f 299 2717 300
f 299 2716 2717
f 300 2718 301
f 300 2717 2718
f 301 2719 302
f 301 2718 2719
f 302 2720 303
f 302 2719 2720
f 303 2721 304
f 303 2720 2721
f 304 2722 305
f 304 2721 2722
f 305 2723 306
f 305 2722 2723
f 306 307 13
f 306 2723 307
f 293 2724 2716
f 293 294 2724
f 2716 2725 2717
f 2716 2724 2725
f 2717 2726 2718
f 2717 2725 2726
f 2718 2727 2719
f 2718 2726 2727
f 2719 2728 2720
f 2719 2727 2728
f 2720 2729 2721
f 2720 2728 2729
f 2721 2730 2722
f 2721 2729 2730
f 2722 2731 2723
f 2722 2730 2731
f 2723 308 307
f 2723 2731 308
f 294 316 2724
f 294 11 316
f 2724 315 2725
f 2724 316 315
f 2725 314 2726
f 2725 315 314
f 2726 313 2727
f 2726 314 313
f 2727 312 2728
f 2727 313 312
f 2728 311 2729
f 2728 312 311
f 2729 310 2730
f 2729 311 310
f 2730 309 2731
f 2730 310 309
f 2731 14 308
f 2731 309 14
f 15 2732 317
f 15 376 2732
f 317 2733 318
f 317 2732 2733
f 318 2734 319
f 318 2733 2734
f 319 2735 320
f 319 2734 2735
f 320 2736 321
f 320 2735 2736
f 321 2737 322
f 321 2736 2737
f 322 2738 323
f 322 2737 2738
f 323 2739 324
f 323 2738 2739
f 324 2740 325
f 324 2739 2740
f 325 2741 326
f 325 2740 2741
f 326 327 16
f 326 2741 327
f 376 2742 2732
f 376 375 2742
f 2732 2743 2733
f 2732 2742 2743
f 2733 2744 2734
f 2733 2743 2744
f 2734 2745 2735
f 2734 2744 2745
f 2735 2746 2736
f 2735 2745 2746
f 2736 2747 2737
f 2736 2746 2747
f 2737 2748 2738
f 2737 2747 2748
f 2738 2749 2739
f 2738 2748 2749
f 2739 2750 2740
f 2739 2749 2750
f 2740 2751 2741
f 2740 2750 2751
f 2741 328 327
f 2741 2751 328
f 375 2752 2742
f 375 374 2752
f 2742 2753 2743
f 2742 2752 2753
f 2743 2754 2744
f 2743 2753 2754
f 2744 2755 2745
f 2744 2754 2755
f 2745 2756 2746
f 2745 2755 2756
f 2746 2757 2747
f 2746 2756 2757
f 2747 2758 2748
f 2747 2757 2758
f 2748 2759 2749
f 2748 2758 2759
f 2749 2760 2750
f 2749 2759 2760
f 2750 2761 2751
f 2750 2760 2761
f 2751 329 328
f 2751 2761 329
f 374 2762 2752
f 374 373 2762
f 2752 2763 2753
f 2752 2762 2763
f 2753 2764 2754
f 2753 2763 2764
f 2754 2765 2755
f 2754 2764 2765
f 2755 2766 2756
f 2755 2765 2766
f 2756 2767 2757
f 2756 2766 2767
f 2757 2768 2758
f 2757 2767 2768
f 2758 2769 2759
f 2758 2768 2769
f 2759 2770 2760
f 2759 2769 2770
f 2760 2771 2761
f 2760 2770 2771
f 2761 330 329
f 2761 2771 330
f 373 2772 2762
f 373 372 2772
f 2762 2773 2763
f 2762 2772 2773
f 2763 2774 2764
f 2763 2773 2774
f 2764 2775 2765
f 2764 2774 2775
f 2765 2776 2766
f 2765 2775 2776
f 2766 2777 2767
f 2766 2776 2777
f 2767 2778 2768
f 2767 2777 2778
f 2768 2779 2769
f 2768 2778 2779
f 2769 2780 2770
f 2769 2779 2780
f 2770 2781 2771
f 2770 2780 2781
f 2771 331 330
f 2771 2781 331
f 372 2782 2772
f 372 371 2782
f 2772 2783 2773
f 2772 2782 2783
f 2773 2784 2774
f 2773 2783 2784
f 2774 2785 2775
f 2774 2784 2785
f 2775 2786 2776
f 2775 2785 2786
f 2776 2787 2777
f 2776 2786 2787
f 2777 2788 2778
f 2777 2787 2788
f 2778 2789 2779
f 2778 2788 2789
f 2779 2790 2780
f 2779 2789 2790
f 2780 2791 2781
f 2780 2790 2791
f 2781 332 331
f 2781 2791 332
f 371 2792 2782
f 371 370 2792
f 2782 2793 2783
f 2782 2792 2793
f 2783 2794 2784
f 2783 2793 2794
f 2784 2795 2785
f 2784 2794 2795
f 2785 2796 2786
f 2785 2795 2796
f 2786 2797 2787
f 2786 2796 2797
f 2787 2798 2788
f 2787 2797 2798
f 2788 2799 2789
f 2788 2798 2799
f 2789 2800 2790
f 2789 2799 2800
f 2790 2801 2791
f 2790 2800 2801
f 2791 333 332
f 2791 2801 333
f 370 2802 2792
f 370 369 2802
f 2792 2803 2793
f 2792 2802 2803
f 2793 2804 2794
f 2793 2803 2804
f 2794 2805 2795
f 2794 2804 2805
f 2795 2806 2796
f 2795 2805 2806
f 2796 2807 2797
f 2796 2806 2807
f 2797 2808 2798
f 2797 2807 2808
f 2798 2809 2799
f 2798 2808 2809
f 2799 2810 2800
f 2799 2809 2810
f 2800 2811 2801
f 2800 2810 2811
f 2801 334 333
f 2801 2811 334
f 369 2812 2802
f 369 368 2812
f 2802 2813 2803
f 2802 2812 2813
f 2803 2814 2804
f 2803 2813 2814
f 2804 2815 2805
f 2804 2814 2815
f 2805 2816 2806
f 2805 2815 2816
f 2806 2817 2807
f 2806 2816 2817
f 2807 2818 2808
f 2807 2817 2818
f 2808 2819 2809
f 2808 2818 2819
f 2809 2820 2810
f 2809 2819 2820
f 2810 2821 2811
f 2810 2820 2821
f 2811 335 334
f 2811 2821 335
f 368 2822 2812
f 368 14 2822
f 2812 2823 2813
f 2812 2822 2823
f 2813 2824 2814
f 2813 2823 2824
f 2814 2825 2815
f 2814 2824 2825
f 2815 2826 2816
f 2815 2825 2826
f 2816 2827 2817
f 2816 2826 2827
f 2817 2828 2818
f 2817 2827 2828
f 2818 2829 2819
f 2818 2828 2829
f 2819 2830 2820
f 2819 2829 2830
f 2820 2831 2821
f 2820 2830 2831
f 2821 336 335
f 2821 2831 336
f 14 2832 2822
f 14 309 2832
f 2822 2833 2823
f 2822 2832 2833
f 2823 2834 2824
f 2823 2833 2834
f 2824 2835 2825
f 2824 2834 2835
f 2825 2836 2826
f 2825 2835 2836
f 2826 2837 2827
f 2826 2836 2837
f 2827 2838 2828
f 2827 2837 2838
f 2828 2839 2829
f 2828 2838 2839
f 2829 2840 2830
f 2829 2839 2840
f 2830 2841 2831
f 2830 2840 2841
f 2831 337 336
f 2831 2841 337
f 309 2842 2832
f 309 310 2842
f 2832 2843 2833
f 2832 2842 2843
f 2833 2844 2834
f 2833 2843 2844
f 2834 2845 2835
f 2834 2844 2845
f 2835 2846 2836
f 2835 2845 2846
f 2836 2847 2837
f 2836 2846 2847
f 2837 2848 2838
f 2837 2847 2848
f 2838 2849 2839
f 2838 2848 2849
f 2839 2850 2840
f 2839 2849 2850
f 2840 2851 2841
f 2840 2850 2851
f 2841 338 337
f 2841 2851 338
f 310 2852 2842
f 310 311 2852
f 2842 2853 2843
f 2842 2852 2853
f 2843 2854 2844
f 2843 2853 2854
f 2844 2855 2845
f 2844 2854 2855
f 2845 2856 2846
f 2845 2855 2856
f 2846 2857 2847
f 2846 2856 2857
f 2847 2858 2848
f 2847 2857 2858
f 2848 2859 2849
f 2848 2858 2859
f 2849 2860 2850
f 2849 2859 2860
f 2850 2861 2851
f 2850 2860 2861
f 2851 339 338
f 2851 2861 339
f 311 2862 2852
f 311 312 2862
f 2852 2863 2853
f 2852 2862 2863
f 2853 2864 2854
f 2853 2863 2864
f 2854 2865 2855
f 2854 2864 2865
f 2855 2866 2856
f 2855 2865 2866
f 2856 2867 2857
f 2856 2866 2867
f 2857 2868 2858
f 2857 2867 2868
f 2858 2869 2859
f 2858 2868 2869
f 2859 2870 2860
f 2859 2869 2870
f 2860 2871 2861
f 2860 2870 2871
f 2861 340 339
f 2861 2871 340
f 312 2872 2862
f 312 313 2872
f 2862 2873 2863
f 2862 2872 2873
f 2863 2874 2864
f 2863 2873 2874
f 2864 2875 2865
f 2864 2874 2875
f 2865 2876 2866
f 2865 2875 2876
f 2866 2877 2867
f 2866 2876 2877
f 2867 2878 2868
f 2867 2877 2878
f 2868 2879 2869
f 2868 2878 2879
f 2869 2880 2870
f 2869 2879 2880
f 2870 2881 2871
f 2870 2880 2881
f 2871 341 340
f 2871 2881 341
f 313 2882 2872
f 313 314 2882
f 2872 2883 2873
f 2872 2882 2883
f 2873 2884 2874
f 2873 2883 2884
f 2874 2885 2875
f 2874 2884 2885
f 2875 2886 2876
f 2875 2885 2886
f 2876 2887 2877
f 2876 2886 2887
f 2877 2888 2878
f 2877 2887 2888
f 2878 2889 2879
f 2878 2888 2889
f 2879 2890 2880
f 2879 2889 2890
f 2880 2891 2881
f 2880 2890 2891
f 2881 342 341
f 2881 2891 342
f 314 2892 2882
f 314 315 2892
f 2882 2893 2883
f 2882 2892 2893
f 2883 2894 2884
f 2883 2893 2894
f 2884 2895 2885
f 2884 2894 2895
f 2885 2896 2886
f 2885 2895 2896
f 2886 2897 2887
f 2886 2896 2897
f 2887 2898 2888
f 2887 2897 2898
f 2888 2899 2889
f 2888 2898 2899
f 2889 2900 2890
f 2889 2899 2900
f 2890 2901 2891
f 2890 2900 2901
f 2891 343 342
f 2891 2901 343
f 315 2902 2892
f 315 316 2902
f 2892 2903 2893
f 2892 2902 2903
f 2893 2904 2894
f 2893 2903 2904
f 2894 2905 2895
f 2894 2904 2905
f 2895 2906 2896
f 2895 2905 2906
f 2896 2907 2897
f 2896 2906 2907
f 2897 2908 2898
f 2897 2907 2908
f 2898 2909 2899
f 2898 2908 2909
f 2899 2910 2900
f 2899 2909 2910
f 2900 2911 2901
f 2900 2910 2911
f 2901 344 343
f 2901 2911 344
f 316 2912 2902
f 316 11 2912
f 2902 2913 2903
f 2902 2912 2913
f 2903 2914 2904
f 2903 2913 2914
f 2904 2915 2905
f 2904 2914 2915
f 2905 2916 2906
f 2905 2915 2916
f 2906 2917 2907
f 2906 2916 2917
f 2907 2918 2908
f 2907 2917 2918
f 2908 2919 2909
f 2908 2918 2919
f 2909 2920 2910
f 2909 2919 2920
f 2910 2921 2911
f 2910 2920 2921
f 2911 345 344
f 2911 2921 345
f 11 2922 2912
f 11 388 2922
f 2912 2923 2913
f 2912 2922 2923
f 2913 2924 2914
f 2913 2923 2924
f 2914 2925 2915
f 2914 2924 2925
f 2915 2926 2916
f 2915 2925 2926
f 2916 2927 2917
f 2916 2926 2927
f 2917 2928 2918
f 2917 2927 2928
f 2918 2929 2919
f 2918 2928 2929
f 2919 2930 2920
f 2919 2929 2930
f 2920 2931 2921
f 2920 2930 2931
f 2921 346 345
f 2921 2931 346
f 388 2932 2922
f 388 387 2932
f 2922 2933 2923
f 2922 2932 2933
f 2923 2934 2924
f 2923 2933 2934
f 2924 2935 2925
f 2924 2934 2935
f 2925 2936 2926
f 2925 2935 2936
f 2926 2937 2927
f 2926 2936 2937
f 2927 2938 2928
f 2927 2937 2938
f 2928 2939 2929
f 2928 2938 2939
f 2929 2940 2930
f 2929 2939 2940
f 2930 2941 2931
f 2930 2940 2941
f 2931 347 346
f 2931 2941 347
f 387 2942 2932
f 387 386 2942
f 2932 2943 2933
f 2932 2942 2943
f 2933 2944 2934
f 2933 2943 2944
f 2934 2945 2935
f 2934 2944 2945
f 2935 2946 2936
f 2935 2945 2946
f 2936 2947 2937
f 2936 2946 2947
f 2937 2948 2938
f 2937 2947 2948
f 2938 2949 2939
f 2938 2948 2949
f 2939 2950 2940
f 2939 2949 2950
f 2940 2951 2941
f 2940 2950 2951
f 2941 348 347
f 2941 2951 348
f 386 2952 2942
f 386 385 2952
f 2942 2953 2943
f 2942 2952 2953
f 2943 2954 2944
f 2943 2953 2954
f 2944 2955 2945
f 2944 2954 2955
f 2945 2956 2946
f 2945 2955 2956
f 2946 2957 2947
f 2946 2956 2957
f 2947 2958 2948
f 2947 2957 2958
f 2948 2959 2949
f 2948 2958 2959
f 2949 2960 2950
f 2949 2959 2960
f 2950 2961 2951
f 2950 2960 2961
f 2951 349 348
f 2951 2961 349
f 385 2962 2952
f 385 384 2962
f 2952 2963 2953
f 2952 2962 2963
f 2953 2964 2954
f 2953 2963 2964
f 2954 2965 2955
f 2954 2964 2965
f 2955 2966 2956
f 2955 2965 2966
f 2956 2967 2957
f 2956 2966 2967
f 2957 2968 2958
f 2957 2967 2968
f 2958 2969 2959
f 2958 2968 2969
f 2959 2970 2960
f 2959 2969 2970
f 2960 2971 2961
f 2960 2970 2971
f 2961 350 349
f 2961 2971 350
f 384 2972 2962
f 384 383 2972
f 2962 2973 2963
f 2962 2972 2973
f 2963 2974 2964
f 2963 2973 2974
f 2964 2975 2965
f 2964 2974 2975
f 2965 2976 2966
f 2965 2975 2976
f 2966 2977 2967
f 2966 2976 2977
f 2967 2978 2968
f 2967 2977 2978
f 2968 2979 2969
f 2968 2978 2979
f 2969 2980 2970
f 2969 2979 2980
f 2970 2981 2971
f 2970 2980 2981
f 2971 351 350
f 2971 2981 351
f 383 2982 2972
f 383 382 2982
f 2972 2983 2973
f 2972 2982 2983
f 2973 2984 2974
f 2973 2983 2984
f 2974 2985 2975
f 2974 2984 2985
f 2975 2986 2976
f 2975 2985 2986
f 2976 2987 2977
f 2976 2986 2987
f 2977 2988 2978
f 2977 2987 2988
f 2978 2989 2979
f 2978 2988 2989
f 2979 2990 2980
f 2979 2989 2990
f 2980 2991 2981
f 2980 2990 2991
f 2981 352 351
f 2981 2991 352
f 382 2992 2982
f 382 381 2992
f 2982 2993 2983
f 2982 2992 2993
f 2983 2994 2984
f 2983 2993 2994
f 2984 2995 2985
f 2984 2994 2995
f 2985 2996 2986
f 2985 2995 2996
f 2986 2997 2987
f 2986 2996 2997
f 2987 2998 2988
f 2987 2997 2998
f 2988 2999 2989
f 2988 2998 2999
f 2989 3000 2990
f 2989 2999 3000
f 2990 3001 2991
f 2990 3000 3001
f 2991 353 352
f 2991 3001 353
f 381 3002 2992
f 381 380 3002
f 2992 3003 2993
f 2992 3002 3003
f 2993 3004 2994
f 2993 3003 3004
f 2994 3005 2995
f 2994 3004 3005
f 2995 3006 2996
f 2995 3005 3006
f 2996 3007 2997
f 2996 3006 3007
f 2997 3008 2998
f 2997 3007 3008
f 2998 3009 2999
f 2998 3008 3009
f 2999 3010 3000
f 2999 3009 3010
f 3000 3011 3001
f 3000 3010 3011
f 3001 354 353
f 3001 3011 354
f 380 3012 3002
f 380 379 3012
f 3002 3013 3003
f 3002 3012 3013
f 3003 3014 3004
f 3003 3013 3014
f 3004 3015 3005
f 3004 3014 3015
f 3005 3016 3006
f 3005 3015 3016
f 3006 3017 3007
f 3006 3016 3017
f 3007 3018 3008
f 3007 3017 3018
f 3008 3019 3009
f 3008 3018 3019
f 3009 3020 3010
f 3009 3019 3020
f 3010 3021 3011
f 3010 3020 3021
f 3011 355 354
f 3011 3021 355
f 379 3022 3012
f 379 378 3022
f 3012 3023 3013
f 3012 3022 3023
f 3013 3024 3014
f 3013 3023 3024
f 3014 3025 3015
f 3014 3024 3025
f 3015 3026 3016
f 3015 3025 3026
f 3016 3027 3017
f 3016 3026 3027
f 3017 3028 3018
f 3017 3027 3028
f 3018 3029 3019
f 3018 3028 3029
f 3019 3030 3020
f 3019 3029 3030
f 3020 3031 3021
f 3020 3030 3031
f 3021 356 355
f 3021 3031 356
f 378 3032 3022
f 378 377 3032
f 3022 3033 3023
f 3022 3032 3033
f 3023 3034 3024
f 3023 3033 3034
f 3024 3035 3025
f 3024 3034 3035
f 3025 3036 3026
f 3025 3035 3036
f 3026 3037 3027
f 3026 3036 3037
f 3027 3038 3028
f 3027 3037 3038
f 3028 3039 3029
f 3028 3038 3039
f 3029 3040 3030
f 3029 3039 3040
f 3030 3041 3031
f 3030 3040 3041
f 3031 357 356
f 3031 3041 357
f 377 367 3032
f 377 18 367
f 3032 366 3033
f 3032 367 366
f 3033 365 3034
f 3033 366 365
f 3034 364 3035
f 3034 365 364
f 3035 363 3036
f 3035 364 363
f 3036 362 3037
f 3036 363 362
f 3037 361 3038
f 3037 362 361
f 3038 360 3039
f 3038 361 360
f 3039 359 3040
f 3039 360 359
f 3040 358 3041
f 3040 359 358
f 3041 17 357
f 3041 358 17
f 13 3042 389
f 13 307 3042
f 389 3043 390
f 389 3042 3043
f 390 391 19
f 390 3043 391
f 307 3044 3042
f 307 308 3044
f 3042 3045 3043
f 3042 3044 3045
f 3043 392 391
f 3043 3045 392
f 308 394 3044
f 308 14 394
f 3044 393 3045
f 3044 394 393
f 3045 20 392
f 3045 393 20
f 14 3046 394
f 14 368 3046
f 394 3047 393
f 394 3046 3047
f 393 395 20
f 393 3047 395
f 368 3048 3046
f 368 369 3048
f 3046 3049 3047
f 3046 3048 3049
f 3047 396 395
f 3047 3049 396
f 369 3050 3048
f 369 370 3050
f 3048 3051 3049
f 3048 3050 3051
f 3049 397 396
f 3049 3051 397
f 370 3052 3050
f 370 371 3052
f 3050 3053 3051
f 3050 3052 3053
f 3051 398 397
f 3051 3053 398
f 371 3054 3052
f 371 372 3054
f 3052 3055 3053
f 3052 3054 3055
f 3053 399 398
f 3053 3055 399
f 372 3056 3054
f 372 373 3056
f 3054 3057 3055
f 3054 3056 3057
f 3055 400 399
f 3055 3057 400
f 373 3058 3056
f 373 374 3058
f 3056 3059 3057
f 3056 3058 3059
f 3057 401 400
f 3057 3059 401
f 374 3060 3058
f 374 375 3060
f 3058 3061 3059
f 3058 3060 3061
f 3059 402 401
f 3059 3061 402
f 375 3062 3060
f 375 376 3062
f 3060 3063 3061
f 3060 3062 3063
f 3061 403 402
f 3061 3063 403
f 376 405 3062
f 376 15 405
f 3062 404 3063
f 3062 405 404
f 3063 21 403
f 3063 404 21
f 12 3064 296
f 12 419 3064
f 296 3065 295
f 296 3064 3065
f 295 388 11
f 295 3065 388
f 419 3066 3064
f 419 418 3066
f 3064 3067 3065
f 3064 3066 3067
f 3065 387 388
f 3065 3067 387
f 418 3068 3066
f 418 417 3068
f 3066 3069 3067
f 3066 3068 3069
f 3067 386 387
f 3067 3069 386
f 417 3070 3068
f 417 416 3070
f 3068 3071 3069
f 3068 3070 3071
f 3069 385 386
f 3069 3071 385
f 416 3072 3070
f 416 415 3072
f 3070 3073 3071
f 3070 3072 3073
f 3071 384 385
f 3071 3073 384
f 415 3074 3072
f 415 414 3074
f 3072 3075 3073
f 3072 3074 3075
f 3073 383 384
f 3073 3075 383
f 414 3076 3074
f 414 413 3076
f 3074 3077 3075
f 3074 3076 3077
f 3075 382 383
f 3075 3077 382
f 413 3078 3076
f 413 412 3078
f 3076 3079 3077
f 3076 3078 3079
f 3077 381 382
f 3077 3079 381
f 412 3080 3078
f 412 411 3080
f 3078 3081 3079
f 3078 3080 3081
f 3079 380 381
f 3079 3081 380
f 411 3082 3080
f 411 410 3082
f 3080 3083 3081
f 3080 3082 3083
f 3081 379 380
f 3081 3083 379
f 410 3084 3082
f 410 409 3084
f 3082 3085 3083
f 3082 3084 3085
f 3083 378 379
f 3083 3085 378
f 409 3086 3084
f 409 408 3086
f 3084 3087 3085
f 3084 3086 3087
f 3085 377 378
f 3085 3087 377
f 408 407 3086
f 408 22 407
f 3086 406 3087
f 3086 407 406
f 3087 18 377
f 3087 406 18
f 23 3088 420
f 23 431 3088
f 420 3089 421
f 420 3088 3089
f 421 3090 422
f 421 3089 3090
f 422 3091 423
f 422 3090 3091
f 423 3092 424
f 423 3091 3092
f 424 3093 425
f 424 3092 3093
f 425 3094 426
f 425 3093 3094
f 426 3095 427
f 426 3094 3095
f 427 3096 428
f 427 3095 3096
f 428 3097 429
f 428 3096 3097
f 429 407 22
f 429 3097 407
f 431 3098 3088
f 431 430 3098
f 3088 3099 3089
f 3088 3098 3099
f 3089 3100 3090
f 3089 3099 3100
f 3090 3101 3091
f 3090 3100 3101
f 3091 3102 3092
f 3091 3101 3102
f 3092 3103 3093
f 3092 3102 3103
f 3093 3104 3094
f 3093 3103 3104
f 3094 3105 3095
f 3094 3104 3105
f 3095 3106 3096
f 3095 3105 3106
f 3096 3107 3097
f 3096 3106 3107
f 3097 406 407
f 3097 3107 406
f 430 358 3098
f 430 17 358
f 3098 359 3099
f 3098 358 359
f 3099 360 3100
f 3099 359 360
f 3100 361 3101
f 3100 360 361
f 3101 362 3102
f 3101 361 362
f 3102 363 3103
f 3102 362 363
f 3103 364 3104
f 3103 363 364
f 3104 365 3105
f 3104 364 365
f 3105 366 3106
f 3105 365 366
f 3106 367 3107
f 3106 366 367
f 3107 18 406
f 3107 367 18
f 21 3108 432
f 21 404 3108
f 432 3109 433
f 432 3108 3109
f 433 3110 434
f 433 3109 3110
f 434 3111 435
f 434 3110 3111
f 435 3112 436
f 435 3111 3112
f 436 3113 437
f 436 3112 3113
f 437 3114 438
f 437 3113 3114
f 438 3115 439
f 438 3114 3115
f 439 3116 440
f 439 3115 3116
f 440 3117 441
f 440 3116 3117
f 441 442 24
f 441 3117 442
f 404 3118 3108
f 404 405 3118
f 3108 3119 3109
f 3108 3118 3119
f 3109 3120 3110
f 3109 3119 3120
f 3110 3121 3111
f 3110 3120 3121
f 3111 3122 3112
f 3111 3121 3122
f 3112 3123 3113
f 3112 3122 3123
f 3113 3124 3114
f 3113 3123 3124
f 3114 3125 3115
f 3114 3124 3125
f 3115 3126 3116
f 3115 3125 3126
f 3116 3127 3117
f 3116 3126 3127
f 3117 443 442
f 3117 3127 443
f 405 317 3118
f 405 15 317
f 3118 318 3119
f 3118 317 318
f 3119 319 3120
f 3119 318 319
f 3120 320 3121
f 3120 319 320
f 3121 321 3122
f 3121 320 321
f 3122 322 3123
f 3122 321 322
f 3123 323 3124
f 3123 322 323
f 3124 324 3125
f 3124 323 324
f 3125 325 3126
f 3125 324 325
f 3126 326 3127
f 3126 325 326
f 3127 16 443
f 3127 326 16
f 24 3128 444
f 24 442 3128
f 444 3129 445
f 444 3128 3129
f 445 3130 446
f 445 3129 3130
f 446 3131 447
f 446 3130 3131
f 447 3132 448
f 447 3131 3132
f 448 3133 449
f 448 3132 3133
f 449 3134 450
f 449 3133 3134
f 450 3135 451
f 450 3134 3135
f 451 3136 452
f 451 3135 3136
f 452 3137 453
f 452 3136 3137
f 453 3138 454
f 453 3137 3138
f 454 3139 455
f 454 3138 3139
f 455 3140 456
f 455 3139 3140
f 456 3141 457
f 456 3140 3141
f 457 3142 458
f 457 3141 3142
f 458 3143 459
f 458 3142 3143
f 459 3144 460
f 459 3143 3144
f 460 3145 461
f 460 3144 3145
f 461 3146 462
f 461 3145 3146
f 462 3147 463
f 462 3146 3147
f 463 3148 464
f 463 3147 3148
f 464 3149 465
f 464 3148 3149
f 465 3150 466
f 465 3149 3150
f 466 3151 467
f 466 3150 3151
f 467 3152 468
f 467 3151 3152
f 468 3153 469
f 468 3152 3153
f 469 3154 470
f 469 3153 3154
f 470 3155 471
f 470 3154 3155
f 471 3156 472
f 471 3155 3156
f 472 3157 473
f 472 3156 3157
f 473 3158 474
f 473 3157 3158
f 474 431 23
f 474 3158 431
f 442 3159 3128
f 442 443 3159
f 3128 3160 3129
f 3128 3159 3160
f 3129 3161 3130
f 3129 3160 3161
f 3130 3162 3131
f 3130 3161 3162
f 3131 3163 3132
f 3131 3162 3163
f 3132 3164 3133
f 3132 3163 3164
f 3133 3165 3134
f 3133 3164 3165
f 3134 3166 3135
f 3134 3165 3166
f 3135 3167 3136
f 3135 3166 3167
f 3136 3168 3137
f 3136 3167 3168
f 3137 3169 3138
f 3137 3168 3169
f 3138 3170 3139
f 3138 3169 3170
f 3139 3171 3140
f 3139 3170 3171
f 3140 3172 3141
f 3140 3171 3172
f 3141 3173 3142
f 3141 3172 3173
f 3142 3174 3143
f 3142 3173 3174
f 3143 3175 3144
f 3143 3174 3175
f 3144 3176 3145
f 3144 3175 3176
f 3145 3177 3146
f 3145 3176 3177
f 3146 3178 3147
f 3146 3177 3178
f 3147 3179 3148
f 3147 3178 3179
f 3148 3180 3149
f 3148 3179 3180
f 3149 3181 3150
f 3149 3180 3181
f 3150 3182 3151
f 3150 3181 3182
f 3151 3183 3152
f 3151 3182 3183
f 3152 3184 3153
f 3152 3183 3184
f 3153 3185 3154
f 3153 3184 3185
f 3154 3186 3155
f 3154 3185 3186
f 3155 3187 3156
f 3155 3186 3187
f 3156 3188 3157
f 3156 3187 3188
f 3157 3189 3158
f 3157 3188 3189
f 3158 430 431
f 3158 3189 430
f 443 327 3159
f 443 16 327
f 3159 328 3160
f 3159 327 328
f 3160 329 3161
f 3160 328 329
f 3161 330 3162
f 3161 329 330
f 3162 331 3163
f 3162 330 331
f 3163 332 3164
f 3163 331 332
f 3164 333 3165
f 3164 332 333
f 3165 334 3166
f 3165 333 334
f 3166 335 3167
f 3166 334 335
f 3167 336 3168
f 3167 335 336
f 3168 337 3169
f 3168 336 337
f 3169 338 3170
f 3169 337 338
f 3170 339 3171
f 3170 338 339
f 3171 340 3172
f 3171 339 340
f 3172 341 3173
f 3172 340 341
f 3173 342 3174
f 3173 341 342
f 3174 343 3175
f 3174 342 343
f 3175 344 3176
f 3175 343 344
f 3176 345 3177
f 3176 344 345
f 3177 346 3178
f 3177 345 346
f 3178 347 3179
f 3178 346 347
f 3179 348 3180
f 3179 347 348
f 3180 349 3181
f 3180 348 349
f 3181 350 3182
f 3181 349 350
f 3182 351 3183
f 3182 350 351
f 3183 352 3184
f 3183 351 352
f 3184 353 3185
f 3184 352 353
f 3185 354 3186
f 3185 353 354
f 3186 355 3187
f 3186 354 355
f 3187 356 3188
f 3187 355 356
f 3188 357 3189
f 3188 356 357
f 3189 17 430
f 3189 357 17
f 3210 3269 3209
f 3210 3274 3269
f 3207 484 483
f 3207 3206 484
f 3299 286 3306
f 3299 285 286
f 3216 225 3215
f 3216 224 225
f 3229 3277 3228
f 3229 3298 3277
f 3191 492 491
f 3191 3255 492
f 291 475 9
f 291 3212 475
f 3212 476 475
f 3212 3211 476
f 8 3676 232
f 8 486 3676
f 232 3459 231
f 232 3676 3459
f 231 3278 230
f 231 3459 3278
f 3206 485 484
f 3206 3205 485
f 3327 3348 3353
f 3327 3270 3348
f 226 3215 225
f 226 3280 3215
f 3208 480 479
f 3208 3214 480
f 479 3209 3208
f 479 478 3209
f 477 3211 3210
f 477 476 3211
f 229 3291 228
f 229 3279 3291
f 3206 3327 3205
f 3206 3270 3327
f 3268 483 482
f 3268 3207 483
f 3342 3268 3349
f 3342 3207 3268
f 3214 481 480
f 3214 3213 481
f 3272 3433 3349
f 3272 3345 3433
f 224 3217 223
f 224 3216 3217
f 223 3275 222
f 223 3217 3275
f 3218 222 3275
f 3218 221 222
f 220 3220 219
f 220 3219 3220
f 3219 221 3218
f 3219 220 221
f 3221 219 3220
f 3221 218 219
f 3222 218 3221
f 3222 217 218
f 290 217 3222
f 290 7 217
f 3294 3221 3220
f 3294 3329 3221
f 285 3300 284
f 285 3299 3300
f 3240 284 3300
f 3240 283 284
f 3431 3281 3293
f 3431 3360 3281
f 3204 3396 3324
f 3204 3267 3396
f 3271 3346 3344
f 3271 3273 3346
f 282 3242 281
f 282 3241 3242
f 3241 283 3240
f 3241 282 283
f 3244 280 3243
f 3244 279 280
f 3234 278 3248
f 3234 277 278
f 3332 3262 3341
f 3332 3267 3262
f 276 3239 275
f 276 3254 3239
f 3203 299 300
f 3203 3204 299
f 3500 3559 3691
f 3500 3563 3559
f 273 3253 272
f 273 3238 3253
f 3198 303 304
f 3198 3201 303
f 3308 3251 3236
f 3308 3303 3251
f 304 3199 3198
f 304 305 3199
f 270 3236 269
f 270 3250 3236
f 3200 305 306
f 3200 3199 305
f 3375 3318 3384
f 3375 3301 3318
f 3261 3338 3264
f 3261 3337 3338
f 266 3245 265
f 266 3252 3245
f 3331 3266 3460
f 3331 3265 3266
f 3498 3451 3441
f 3498 3566 3451
f 3284 3226 3296
f 3284 3225 3226
f 3298 3230 3286
f 3298 3229 3230
f 104 3226 3225
f 104 105 3226
f 3233 111 112
f 3233 3232 111
f 261 112 1
f 261 3233 112
f 97 487 4
f 97 3195 487
f 3195 488 487
f 3195 3194 488
f 3193 3256 3192
f 3193 3259 3256
f 3258 3335 3336
f 3258 3256 3335
f 3401 3335 3333
f 3401 3411 3335
f 3276 100 101
f 3276 3287 100
f 102 3224 3223
f 102 103 3224
f 3333 3256 3259
f 3333 3335 3256
f 103 3225 3224
f 103 104 3225
f 105 3227 3226
f 105 106 3227
f 3228 106 107
f 3228 3227 106
f 3229 107 108
f 3229 3228 107
f 3230 108 109
f 3230 3229 108
f 110 3232 3231
f 110 111 3232
f 19 3675 390
f 19 495 3675
f 3334 3405 3407
f 3334 3343 3405
f 3255 493 492
f 3255 3257 493
f 491 3192 3191
f 491 490 3192
f 489 3194 3193
f 489 488 3194
f 3258 3192 3256
f 3258 3191 3192
f 3198 3264 3201
f 3198 3261 3264
f 3235 272 3253
f 3235 271 272
f 301 3202 3197
f 301 302 3202
f 3197 3262 3203
f 3197 3263 3262
f 3315 3238 3249
f 3315 3319 3238
f 3204 10 299
f 3204 3324 10
f 300 3197 3203
f 300 301 3197
f 3190 495 494
f 3190 3675 495
f 3288 3224 3295
f 3288 3223 3224
f 99 3287 3289
f 99 100 3287
f 490 3193 3192
f 490 489 3193
f 3259 3194 3326
f 3259 3193 3194
f 97 3290 3195
f 97 98 3290
f 269 3251 268
f 269 3236 3251
f 3196 306 13
f 3196 3200 306
f 3238 274 3249
f 3238 273 274
f 3260 3201 3264
f 3260 3202 3201
f 3201 302 303
f 3201 3202 302
f 3199 3261 3198
f 3199 3265 3261
f 3249 275 3239
f 3249 274 275
f 3431 3352 3419
f 3431 3293 3352
f 3208 3271 3214
f 3208 3273 3271
f 3205 486 485
f 3205 3676 486
f 3279 230 3278
f 3279 229 230
f 227 3280 226
f 227 3292 3280
f 3272 3214 3271
f 3272 3213 3214
f 3209 3273 3208
f 3209 3269 3273
f 3517 3330 3465
f 3517 3402 3330
f 478 3210 3209
f 478 477 3210
f 3211 3274 3210
f 3211 3325 3274
f 291 3400 3212
f 291 292 3400
f 3213 482 481
f 3213 3268 482
f 3491 3536 3548
f 3491 3481 3536
f 3402 3347 3330
f 3402 3414 3347
f 3219 3293 3281
f 3219 3218 3293
f 3581 3536 3585
f 3581 3548 3536
f 3502 3452 3409
f 3502 3373 3452
f 3220 3281 3294
f 3220 3219 3281
f 3372 3439 3452
f 3372 3307 3439
f 290 3520 289
f 290 3222 3520
f 289 3307 288
f 289 3520 3307
f 3441 3497 3498
f 3441 3442 3497
f 3223 101 102
f 3223 3276 101
f 3377 3441 3451
f 3377 3380 3441
f 3246 265 3245
f 3246 264 265
f 3246 3392 3247
f 3246 3370 3392
f 3359 3427 3423
f 3359 3357 3427
f 109 3231 3230
f 109 110 3231
f 3309 263 3247
f 3309 262 263
f 3286 3231 3297
f 3286 3230 3231
f 261 3309 3233
f 261 262 3309
f 277 3254 276
f 277 3234 3254
f 271 3250 270
f 271 3235 3250
f 268 3237 267
f 268 3251 3237
f 3200 3265 3199
f 3200 3266 3265
f 267 3252 266
f 267 3237 3252
f 3245 3310 3322
f 3245 3252 3310
f 3203 3267 3204
f 3203 3262 3267
f 3305 3241 3240
f 3305 3311 3241
f 281 3243 280
f 281 3242 3243
f 3312 3243 3242
f 3312 3313 3243
f 3242 3311 3312
f 3242 3241 3311
f 279 3248 278
f 279 3244 3248
f 3298 3358 3357
f 3298 3286 3358
f 3297 3232 3328
f 3297 3231 3232
f 3254 3320 3304
f 3254 3234 3320
f 3340 3415 3339
f 3340 3416 3415
f 3679 3451 3378
f 3679 3377 3451
f 3235 3318 3301
f 3235 3253 3318
f 3383 3316 3382
f 3383 3315 3316
f 3257 494 493
f 3257 3190 494
f 3518 3535 3461
f 3518 3407 3535
f 3334 3255 3343
f 3334 3257 3255
f 3397 3257 3334
f 3397 3190 3257
f 3333 3326 3354
f 3333 3259 3326
f 3202 3263 3197
f 3202 3260 3263
f 3302 3376 3308
f 3302 3379 3376
f 3341 3263 3339
f 3341 3262 3263
f 3250 3301 3302
f 3250 3235 3301
f 3196 3266 3200
f 3196 3398 3266
f 3608 3609 3560
f 3608 3644 3609
f 3314 3234 3248
f 3314 3320 3234
f 3270 3207 3342
f 3270 3206 3207
f 292 3399 3400
f 292 10 3399
f 3400 3465 3325
f 3400 3399 3465
f 3345 3271 3344
f 3345 3272 3271
f 3216 3283 3282
f 3216 3215 3283
f 3213 3349 3268
f 3213 3272 3349
f 3353 3403 3355
f 3353 3348 3403
f 3325 3330 3274
f 3325 3465 3330
f 3362 3423 3422
f 3362 3359 3423
f 3228 3285 3227
f 3228 3277 3285
f 3459 3353 3278
f 3459 3327 3353
f 3279 3353 3355
f 3279 3278 3353
f 3282 3217 3216
f 3282 3368 3217
f 3368 3275 3217
f 3368 3352 3275
f 3355 3428 3356
f 3355 3403 3428
f 3215 3367 3283
f 3215 3280 3367
f 3225 3295 3224
f 3225 3284 3295
f 3296 3227 3285
f 3296 3226 3227
f 3392 3408 3394
f 3392 3370 3408
f 3289 98 99
f 3289 3290 98
f 3354 3401 3333
f 3354 3350 3401
f 3223 3369 3276
f 3223 3288 3369
f 3290 3194 3195
f 3290 3326 3194
f 3292 228 3291
f 3292 227 228
f 3218 3352 3293
f 3218 3275 3352
f 3281 3395 3294
f 3281 3360 3395
f 3221 3520 3222
f 3221 3329 3520
f 3306 287 3372
f 3306 286 287
f 3361 3295 3364
f 3361 3288 3295
f 3284 3364 3295
f 3284 3366 3364
f 3394 3328 3392
f 3394 3297 3328
f 3357 3277 3298
f 3357 3359 3277
f 3247 264 3246
f 3247 263 264
f 3240 3393 3305
f 3240 3300 3393
f 3302 3236 3250
f 3302 3308 3236
f 3303 3237 3251
f 3303 3317 3237
f 3317 3252 3237
f 3317 3310 3252
f 3296 3366 3284
f 3296 3365 3366
f 3304 3239 3254
f 3304 3316 3239
f 3316 3249 3239
f 3316 3315 3249
f 3534 3402 3517
f 3534 3466 3402
f 3329 3395 3439
f 3329 3294 3395
f 3329 3307 3520
f 3329 3439 3307
f 3372 288 3307
f 3372 287 288
f 3377 3317 3380
f 3377 3310 3317
f 3328 3233 3309
f 3328 3232 3233
f 3322 3246 3245
f 3322 3370 3246
f 3679 3310 3377
f 3679 3322 3310
f 3313 3244 3243
f 3313 3321 3244
f 3312 3388 3313
f 3312 3387 3388
f 3321 3248 3244
f 3321 3314 3248
f 3449 3388 3387
f 3449 3444 3388
f 3313 3389 3321
f 3313 3388 3389
f 3374 3314 3390
f 3374 3320 3314
f 3319 3253 3238
f 3319 3318 3253
f 3384 3319 3381
f 3384 3318 3319
f 3454 3376 3379
f 3454 3453 3376
f 3304 3382 3316
f 3304 3385 3382
f 3387 3311 3386
f 3387 3312 3311
f 3321 3390 3314
f 3321 3389 3390
f 13 3323 3196
f 13 3461 3323
f 3418 3345 3344
f 3418 3514 3345
f 3212 3325 3211
f 3212 3400 3325
f 3289 3326 3290
f 3289 3354 3326
f 3459 3205 3327
f 3459 3676 3205
f 3247 3328 3309
f 3247 3392 3328
f 3274 3347 3269
f 3274 3330 3347
f 3265 3337 3261
f 3265 3331 3337
f 3354 3287 3350
f 3354 3289 3287
f 3467 3405 3336
f 3467 3468 3405
f 3264 3340 3260
f 3264 3338 3340
f 3404 3341 3410
f 3404 3332 3341
f 3381 3315 3383
f 3381 3319 3315
f 3260 3339 3263
f 3260 3340 3339
f 3389 3444 3445
f 3389 3388 3444
f 3475 3348 3413
f 3475 3403 3348
f 3258 3255 3191
f 3258 3343 3255
f 3534 3525 3466
f 3534 3579 3525
f 3342 3348 3270
f 3342 3413 3348
f 3414 3466 3472
f 3414 3402 3466
f 3414 3346 3347
f 3414 3412 3346
f 3269 3346 3273
f 3269 3347 3346
f 3292 3356 3351
f 3292 3291 3356
f 3350 3276 3369
f 3350 3287 3276
f 3351 3280 3292
f 3351 3367 3280
f 3367 3432 3283
f 3367 3420 3432
f 3355 3291 3279
f 3355 3356 3291
f 3420 3351 3421
f 3420 3367 3351
f 3420 3483 3482
f 3420 3421 3483
f 3277 3362 3285
f 3277 3359 3362
f 3436 3371 3440
f 3436 3393 3371
f 3297 3358 3286
f 3297 3394 3358
f 3285 3365 3296
f 3285 3362 3365
f 3485 3539 3540
f 3485 3486 3539
f 3299 3373 3371
f 3299 3306 3373
f 3369 3361 3435
f 3369 3288 3361
f 3283 3363 3282
f 3283 3432 3363
f 3282 3434 3368
f 3282 3363 3434
f 3429 3366 3430
f 3429 3364 3366
f 3489 3426 3488
f 3489 3430 3426
f 3426 3362 3422
f 3426 3365 3362
f 3368 3419 3352
f 3368 3434 3419
f 3371 3300 3299
f 3371 3393 3300
f 3393 3457 3305
f 3393 3436 3457
f 3373 3372 3452
f 3373 3306 3372
f 3409 3439 3395
f 3409 3452 3439
f 3320 3385 3304
f 3320 3374 3385
f 3301 3379 3302
f 3301 3375 3379
f 3308 3391 3303
f 3308 3376 3391
f 3391 3441 3380
f 3391 3442 3441
f 3427 3486 3485
f 3427 3424 3486
f 3375 3437 3438
f 3375 3384 3437
f 3380 3303 3391
f 3380 3317 3303
f 3339 3410 3341
f 3339 3415 3410
f 3447 3381 3383
f 3447 3448 3381
f 3384 3448 3437
f 3384 3381 3448
f 3577 3532 3578
f 3577 3529 3532
f 3385 3456 3443
f 3385 3374 3456
f 3305 3386 3311
f 3305 3457 3386
f 3449 3506 3444
f 3449 3508 3506
f 3519 3458 3570
f 3519 3396 3458
f 3374 3455 3456
f 3374 3390 3455
f 3408 3358 3394
f 3408 3424 3358
f 3267 3458 3396
f 3267 3332 3458
f 3399 3324 3464
f 3399 10 3324
f 3397 3675 3190
f 3397 3518 3675
f 3461 389 3518
f 3461 13 389
f 3323 3398 3196
f 3323 3462 3398
f 3406 3331 3516
f 3406 3337 3331
f 3479 3336 3335
f 3479 3467 3336
f 3463 3464 3324
f 3463 3523 3464
f 3412 3344 3346
f 3412 3418 3344
f 3356 3421 3351
f 3356 3428 3421
f 3407 3397 3334
f 3407 3518 3397
f 3546 3642 3622
f 3546 3596 3642
f 3337 3417 3338
f 3337 3406 3417
f 3424 3357 3358
f 3424 3427 3357
f 3425 3395 3360
f 3425 3409 3395
f 3446 3505 3500
f 3446 3443 3505
f 3350 3435 3401
f 3350 3369 3435
f 3514 3433 3345
f 3514 3477 3433
f 3472 3525 3530
f 3472 3466 3525
f 3349 3413 3342
f 3349 3433 3413
f 3382 3443 3446
f 3382 3385 3443
f 3496 3447 3501
f 3496 3448 3447
f 3338 3416 3340
f 3338 3417 3416
f 3258 3405 3343
f 3258 3336 3405
f 3425 3431 3491
f 3425 3360 3431
f 3543 3592 3542
f 3543 3617 3592
f 3426 3366 3365
f 3426 3430 3366
f 3440 3494 3436
f 3440 3583 3494
f 3419 3480 3481
f 3419 3434 3480
f 3429 3361 3364
f 3429 3512 3361
f 3422 3484 3488
f 3422 3423 3484
f 3475 3428 3403
f 3475 3487 3428
f 3361 3526 3435
f 3361 3512 3526
f 3524 3479 3527
f 3524 3467 3479
f 3498 3539 3566
f 3498 3555 3539
f 3363 3493 3492
f 3363 3432 3493
f 3492 3434 3363
f 3492 3480 3434
f 3499 3444 3506
f 3499 3445 3444
f 3450 3387 3386
f 3450 3449 3387
f 3438 3379 3375
f 3438 3454 3379
f 3391 3453 3442
f 3391 3376 3453
f 3511 3453 3454
f 3511 3504 3453
f 3409 3473 3502
f 3409 3425 3473
f 3373 3440 3371
f 3373 3502 3440
f 3322 3378 3370
f 3322 3679 3378
f 3378 3408 3370
f 3378 3507 3408
f 3484 3540 3541
f 3484 3485 3540
f 3442 3504 3497
f 3442 3453 3504
f 3446 3383 3382
f 3446 3447 3383
f 3445 3390 3389
f 3445 3455 3390
f 3560 3564 3684
f 3560 3609 3564
f 3469 3410 3471
f 3469 3404 3410
f 3501 3446 3500
f 3501 3447 3446
f 3415 3471 3410
f 3415 3474 3471
f 3437 3496 3495
f 3437 3448 3496
f 3534 3464 3523
f 3534 3517 3464
f 3481 3431 3419
f 3481 3491 3431
f 3513 3436 3494
f 3513 3457 3436
f 3423 3485 3484
f 3423 3427 3485
f 3473 3440 3502
f 3473 3583 3440
f 3510 3456 3455
f 3510 3509 3456
f 3509 3443 3456
f 3509 3505 3443
f 3386 3513 3450
f 3386 3457 3513
f 3332 3515 3458
f 3332 3404 3515
f 3463 3396 3519
f 3463 3324 3396
f 3398 3460 3266
f 3398 3521 3460
f 3470 3406 3537
f 3470 3417 3406
f 3522 3462 3323
f 3522 3575 3462
f 3472 3412 3414
f 3472 3476 3412
f 3399 3517 3465
f 3399 3464 3517
f 3476 3418 3412
f 3476 3571 3418
f 3646 3644 3608
f 3646 3660 3644
f 3468 3407 3405
f 3468 3535 3407
f 3535 3582 3522
f 3535 3468 3582
f 3678 3462 3575
f 3678 3677 3462
f 3417 3478 3416
f 3417 3470 3478
f 3558 3692 3691
f 3558 3556 3692
f 3549 3494 3551
f 3549 3513 3494
f 3528 3471 3529
f 3528 3469 3471
f 3416 3474 3415
f 3416 3478 3474
f 3421 3487 3483
f 3421 3428 3487
f 3571 3514 3418
f 3571 3533 3514
f 3482 3432 3420
f 3482 3493 3432
f 3413 3477 3475
f 3413 3433 3477
f 3526 3401 3435
f 3526 3411 3401
f 3479 3411 3527
f 3479 3335 3411
f 3506 3561 3499
f 3506 3562 3561
f 3551 3583 3581
f 3551 3494 3583
f 3542 3483 3543
f 3542 3482 3483
f 3533 3477 3514
f 3533 3572 3477
f 3486 3566 3539
f 3486 3507 3566
f 3490 3429 3430
f 3490 3569 3429
f 3516 3460 3573
f 3516 3331 3460
f 3430 3545 3490
f 3430 3489 3545
f 3537 3516 3602
f 3537 3406 3516
f 3627 3630 3682
f 3627 3668 3630
f 3425 3548 3473
f 3425 3491 3548
f 3632 3633 3629
f 3632 3657 3633
f 3585 3629 3628
f 3585 3590 3629
f 3450 3508 3449
f 3450 3568 3508
f 3437 3503 3438
f 3437 3495 3503
f 3503 3454 3438
f 3503 3511 3454
f 3474 3529 3471
f 3474 3532 3529
f 3540 3555 3587
f 3540 3539 3555
f 3544 3488 3484
f 3544 3489 3488
f 3684 3455 3445
f 3684 3510 3455
f 3636 3598 3631
f 3636 3605 3598
f 3690 3558 3604
f 3690 3603 3558
f 3599 3631 3598
f 3599 3688 3631
f 3555 3685 3587
f 3555 3600 3685
f 3574 3523 3463
f 3574 3621 3523
f 3378 3566 3507
f 3378 3451 3566
f 3486 3408 3507
f 3486 3424 3408
f 3567 3509 3510
f 3567 3563 3509
f 3480 3536 3481
f 3480 3538 3536
f 3568 3513 3549
f 3568 3450 3513
f 3505 3563 3500
f 3505 3509 3563
f 3469 3588 3550
f 3469 3528 3588
f 3504 3557 3497
f 3504 3565 3557
f 3527 3526 3546
f 3527 3411 3526
f 3404 3550 3515
f 3404 3469 3550
f 3531 3470 3586
f 3531 3478 3470
f 389 3675 3518
f 389 390 3675
f 3561 3560 3499
f 3561 3608 3560
f 3544 3545 3489
f 3544 3591 3545
f 3462 3521 3398
f 3462 3677 3521
f 3461 3522 3323
f 3461 3535 3522
f 3647 3642 3615
f 3647 3620 3642
f 3621 3534 3523
f 3621 3579 3534
f 3524 3468 3467
f 3524 3582 3468
f 3530 3476 3472
f 3530 3614 3476
f 3597 3590 3538
f 3597 3632 3590
f 3496 3556 3552
f 3496 3692 3556
f 3614 3571 3476
f 3614 3580 3571
f 3538 3492 3553
f 3538 3480 3492
f 3572 3475 3477
f 3572 3487 3475
f 3532 3478 3531
f 3532 3474 3478
f 3578 3690 3577
f 3578 3603 3690
f 3533 3580 3617
f 3533 3571 3580
f 3493 3553 3492
f 3493 3547 3553
f 3600 3557 3606
f 3600 3555 3557
f 3482 3547 3493
f 3482 3542 3547
f 3572 3617 3543
f 3572 3533 3617
f 3487 3543 3483
f 3487 3572 3543
f 3544 3589 3591
f 3544 3541 3589
f 3594 3549 3595
f 3594 3568 3549
f 3546 3524 3527
f 3546 3622 3524
f 3596 3512 3569
f 3596 3546 3512
f 3592 3687 3593
f 3592 3623 3687
f 3583 3548 3581
f 3583 3473 3548
f 3508 3562 3506
f 3508 3616 3562
f 3515 3570 3458
f 3515 3584 3570
f 3510 3564 3567
f 3510 3684 3564
f 3595 3551 3628
f 3595 3549 3551
f 3495 3552 3503
f 3495 3496 3552
f 3554 3503 3552
f 3554 3511 3503
f 3595 3629 3633
f 3595 3628 3629
f 3565 3511 3554
f 3565 3504 3511
f 3611 3641 3640
f 3611 3605 3641
f 3555 3497 3557
f 3555 3498 3497
f 3577 3528 3529
f 3577 3689 3528
f 3587 3682 3589
f 3587 3685 3682
f 3577 3604 3689
f 3577 3690 3604
f 3501 3691 3692
f 3501 3500 3691
f 3607 3689 3604
f 3607 3645 3689
f 3684 3499 3560
f 3684 3445 3499
f 3610 3608 3561
f 3610 3646 3608
f 3648 3662 3610
f 3648 3656 3662
f 3616 3568 3594
f 3616 3508 3568
f 3563 3612 3559
f 3563 3567 3612
f 3565 3606 3557
f 3565 3611 3606
f 3619 3570 3635
f 3619 3519 3570
f 3625 3631 3586
f 3625 3636 3631
f 3689 3588 3528
f 3689 3645 3588
f 3613 3624 3645
f 3613 3643 3624
f 3569 3545 3615
f 3569 3490 3545
f 3574 3519 3619
f 3574 3463 3519
f 3521 3573 3460
f 3521 3618 3573
f 3573 3602 3516
f 3573 3649 3602
f 3654 3579 3666
f 3654 3525 3579
f 3575 3582 3651
f 3575 3522 3582
f 3525 3576 3530
f 3525 3654 3576
f 3530 3626 3614
f 3530 3576 3626
f 3552 3599 3598
f 3552 3556 3599
f 3531 3578 3532
f 3531 3688 3578
f 3580 3592 3617
f 3580 3623 3592
f 3567 3613 3612
f 3567 3564 3613
f 3550 3584 3515
f 3550 3624 3584
f 3590 3536 3538
f 3590 3585 3536
f 3587 3541 3540
f 3587 3589 3541
f 3537 3586 3470
f 3537 3625 3586
f 3688 3586 3631
f 3688 3531 3586
f 3649 3686 3602
f 3649 3655 3686
f 3597 3553 3601
f 3597 3538 3553
f 3650 3661 3664
f 3650 3647 3661
f 3542 3593 3547
f 3542 3592 3593
f 3547 3601 3553
f 3547 3593 3601
f 3580 3626 3623
f 3580 3614 3626
f 3634 3595 3633
f 3634 3594 3595
f 3569 3642 3596
f 3569 3615 3642
f 3651 3642 3620
f 3651 3622 3642
f 3638 3632 3597
f 3638 3657 3632
f 3598 3554 3552
f 3598 3605 3554
f 3605 3565 3554
f 3605 3611 3565
f 3578 3599 3603
f 3578 3688 3599
f 3600 3637 3627
f 3600 3606 3637
f 3603 3556 3558
f 3603 3599 3556
f 3558 3559 3604
f 3558 3691 3559
f 3606 3640 3637
f 3606 3611 3640
f 3612 3604 3559
f 3612 3607 3604
f 3660 3663 3644
f 3660 3635 3663
f 3643 3644 3663
f 3643 3609 3644
f 3667 3669 3671
f 3667 3670 3669
f 3562 3610 3561
f 3562 3648 3610
f 3649 3658 3655
f 3649 3681 3658
f 3609 3613 3564
f 3609 3643 3613
f 3615 3591 3647
f 3615 3545 3591
f 3652 3621 3574
f 3652 3680 3621
f 3677 3650 3618
f 3677 3678 3650
f 3659 3638 3639
f 3659 3671 3638
f 3524 3651 3582
f 3524 3622 3651
f 3638 3601 3639
f 3638 3597 3601
f 3669 3633 3657
f 3669 3656 3633
f 3588 3624 3550
f 3588 3645 3624
f 3663 3624 3643
f 3663 3584 3624
f 3602 3625 3537
f 3602 3686 3625
f 3627 3685 3600
f 3627 3682 3685
f 3661 3591 3589
f 3661 3647 3591
f 3628 3581 3585
f 3628 3551 3581
f 3664 3658 3681
f 3664 3668 3658
f 3671 3657 3638
f 3671 3669 3657
f 3648 3616 3634
f 3648 3562 3616
f 3584 3635 3570
f 3584 3663 3635
f 3640 3658 3637
f 3640 3655 3658
f 3623 3653 3687
f 3623 3626 3653
f 3639 3593 3687
f 3639 3601 3593
f 3636 3686 3641
f 3636 3625 3686
f 3665 3635 3660
f 3665 3619 3635
f 3645 3612 3613
f 3645 3607 3612
f 3673 3660 3646
f 3673 3665 3660
f 3647 3678 3620
f 3647 3650 3678
f 3662 3646 3610
f 3662 3673 3646
f 3573 3681 3649
f 3573 3618 3681
f 3681 3650 3664
f 3681 3618 3650
f 3620 3575 3651
f 3620 3678 3575
f 3619 3652 3574
f 3619 3665 3652
f 3626 3672 3653
f 3626 3576 3672
f 3680 3579 3621
f 3680 3666 3579
f 3686 3640 3641
f 3686 3655 3640
f 3656 3634 3633
f 3656 3648 3634
f 3668 3637 3658
f 3668 3627 3637
f 3630 3664 3661
f 3630 3668 3664
f 3683 3671 3659
f 3683 3667 3671
f 3639 3653 3659
f 3639 3687 3653
f 3589 3630 3661
f 3589 3682 3630
f 3667 3674 3670
f 3667 3666 3674
f 3673 3670 3674
f 3673 3662 3670
f 3652 3666 3680
f 3652 3674 3666
f 3666 3683 3654
f 3666 3667 3683
f 3670 3656 3669
f 3670 3662 3656
f 3674 3665 3673
f 3674 3652 3665
f 3659 3672 3683
f 3659 3653 3672
f 3576 3683 3672
f 3576 3654 3683
f 392 3942 3694
f 392 20 3942
f 391 3702 19
f 391 4318 3702
f 4136 4258 4319
f 4136 3702 4258
f 4541 4611 4499
f 4541 3712 4611
f 4536 3727 4559
f 4536 4479 3727
f 3742 4544 4538
f 3742 4614 4544
f 4720 4686 3757
f 4720 3756 4686
f 3772 3771 4775
f 3772 4781 3771
f 4639 5029 4598
f 4639 3787 5029
f 4471 3800 4521
f 4471 5027 3800
f 3815 4230 4276
f 3815 4171 4230
f 4071 250 251
f 4071 4032 250
f 4032 249 250
f 4032 4070 249
f 4070 248 249
f 4070 4033 248
f 4069 246 247
f 4069 4051 246
f 4201 4272 4344
f 4201 3801 4272
f 4604 4552 4700
f 4604 3788 4552
f 4713 5033 4641
f 4713 4735 5033
f 4654 4903 3757
f 4654 4685 4903
f 4481 4525 4978
f 4481 3728 4525
f 4444 4357 4287
f 4444 4479 4357
f 3713 4535 4451
f 3713 4557 4535
f 4442 4491 3703
f 4442 4529 4491
f 3942 4176 3694
f 3942 4177 4176
f 4124 3955 4122
f 4124 3946 3955
f 3959 20 395
f 3959 4305 20
f 398 3947 3943
f 398 399 3947
f 3948 402 403
f 3948 3958 402
f 432 3964 3948
f 432 433 3964
f 4484 3709 3953
f 4484 4425 3709
f 19 4484 495
f 19 3941 4484
f 4424 3723 4279
f 4424 4452 3723
f 4537 4966 3737
f 4537 4952 4966
f 3751 4693 5006
f 3751 4981 4693
f 4776 4797 3766
f 4776 4793 4797
f 4758 4782 3780
f 4758 4739 4782
f 3779 4758 4783
f 3779 4739 4758
f 4836 4847 3806
f 4836 4853 4847
f 3819 4791 4774
f 3819 4894 4791
f 4744 4774 4790
f 4744 3819 4774
f 3833 4760 4802
f 3833 4744 4760
f 4459 3862 5022
f 4459 4397 3862
f 3875 4227 4182
f 3875 4299 4227
f 180 4108 179
f 180 4085 4108
f 4182 4108 4085
f 4182 3876 4108
f 179 4086 178
f 179 4108 4086
f 4181 4107 4086
f 4181 3877 4107
f 4219 3877 4181
f 4219 4284 3877
f 4459 4509 5017
f 4459 3848 4509
f 4619 4710 3835
f 4619 4668 4710
f 4759 4888 4785
f 4759 4790 4888
f 4814 3806 4835
f 4814 4813 3806
f 4857 4865 3793
f 4857 4867 4865
f 4862 3793 4832
f 4862 4857 3793
f 4793 3752 4797
f 4793 5007 3752
f 4748 3752 4694
f 4748 4769 3752
f 4500 4542 3724
f 4500 4613 4542
f 4336 4496 4384
f 4336 3711 4496
f 3941 3702 4136
f 3941 19 3702
f 4242 3949 3950
f 4242 4065 3949
f 96 4065 95
f 96 3949 4065
f 3949 488 3950
f 3949 487 488
f 4247 4243 3707
f 4247 4126 4243
f 4964 3735 4549
f 4964 4468 3735
f 4621 3736 4608
f 4621 4632 3736
f 4621 4951 4965
f 4621 4561 4951
f 4931 4279 3723
f 4931 4210 4279
f 3952 4125 4243
f 3952 3956 4125
f 3950 489 3951
f 3950 488 489
f 3950 4126 4242
f 3950 3951 4126
f 3951 490 3952
f 3951 489 490
f 3945 494 3953
f 3945 493 494
f 95 4034 94
f 95 4065 4034
f 4034 4198 4064
f 4034 3706 4198
f 4367 4223 4297
f 4367 4273 4223
f 3750 4640 4723
f 3750 4967 4640
f 4640 4671 4723
f 4640 4596 4671
f 93 4035 92
f 93 4064 4035
f 4035 4196 4036
f 4035 3720 4196
f 4345 4203 4923
f 4345 4422 4203
f 4606 4550 4699
f 4606 3749 4550
f 4638 4712 3779
f 4638 3778 4712
f 4036 92 4035
f 4036 91 92
f 4036 3734 4063
f 4036 4196 3734
f 4708 4606 4662
f 4708 3749 4606
f 4669 4626 4583
f 4669 4889 4626
f 4599 5020 4634
f 4599 4675 5020
f 89 4062 88
f 89 4037 4062
f 4062 4315 4376
f 4062 4037 4315
f 4583 4492 4627
f 4583 4920 4492
f 4411 4590 4520
f 4411 4945 4590
f 4634 4679 4584
f 4634 5020 4679
f 4599 4638 4675
f 4599 3778 4638
f 87 4061 86
f 87 4038 4061
f 86 4039 85
f 86 4061 4039
f 4420 4343 4200
f 4420 4934 4343
f 4470 4526 4407
f 4470 3791 4526
f 4643 4679 3805
f 4643 4584 4679
f 4038 4926 4061
f 4038 3762 4926
f 84 4040 83
f 84 4060 4040
f 4485 4527 4416
f 4485 3804 4527
f 3819 4645 4894
f 3819 4895 4645
f 3776 4060 4039
f 3776 4902 4060
f 82 4041 81
f 82 4059 4041
f 4042 81 4041
f 4042 80 81
f 4057 78 4082
f 4057 77 78
f 4168 4043 4057
f 4168 3830 4043
f 4166 4044 4084
f 4166 3844 4044
f 4161 4045 4056
f 4161 3858 4045
f 4324 4083 4055
f 4324 3872 4083
f 188 4112 187
f 188 4046 4112
f 188 69 4046
f 188 3 69
f 187 4087 186
f 187 4112 4087
f 4193 4111 4087
f 4193 3873 4111
f 4265 3873 4193
f 4265 4317 3873
f 3844 4260 4161
f 3844 4312 4260
f 3830 4248 4166
f 3830 4333 4248
f 4301 4383 4237
f 4301 3817 4383
f 4275 4381 4229
f 4275 3803 4381
f 4206 4253 4916
f 4206 4162 4253
f 4160 4253 4059
f 4160 4271 4253
f 185 4088 184
f 185 4111 4088
f 4191 4110 4088
f 4191 3874 4110
f 4255 3874 4191
f 4255 4309 3874
f 4569 4462 3846
f 4569 4461 4462
f 4511 4943 4494
f 4511 4401 4943
f 4487 4530 4440
f 4487 3818 4530
f 3803 4416 4381
f 3803 4485 4416
f 183 4089 182
f 183 4110 4089
f 4187 4109 4089
f 4187 3875 4109
f 4236 3875 4187
f 4236 4299 3875
f 4503 3861 4391
f 4503 4456 3861
f 4576 4680 4636
f 4576 4646 4680
f 4572 4530 3818
f 4572 4999 4530
f 177 4090 176
f 177 4107 4090
f 4179 4106 4090
f 4179 3878 4106
f 4211 3878 4179
f 4211 4435 3878
f 4547 4979 4403
f 4547 3864 4979
f 4656 4667 5026
f 4656 4567 4667
f 5050 4820 4811
f 5050 3821 4820
f 4884 4866 4878
f 4884 3808 4866
f 4830 4844 3767
f 4830 5044 4844
f 4808 4798 3753
f 4808 4822 4798
f 3740 4746 4762
f 3740 4721 4746
f 4742 4953 4762
f 4742 3725 4953
f 4496 4541 4499
f 4496 3711 4541
f 175 4091 174
f 175 4106 4091
f 4578 4091 4913
f 4578 4105 4091
f 4556 4436 4483
f 4556 3865 4436
f 4556 4644 3865
f 4556 4623 4644
f 4688 5026 3836
f 4688 4656 5026
f 4730 5038 3837
f 4730 4768 5038
f 4801 4819 5057
f 4801 5065 4819
f 4860 4873 3796
f 4860 4843 4873
f 3783 4868 4877
f 3783 4858 4868
f 4897 4875 3768
f 4897 3782 4875
f 4794 3755 4779
f 4794 4778 3755
f 4673 4721 3740
f 4673 4711 4721
f 4692 3726 4559
f 4692 4719 3726
f 173 4092 172
f 173 4105 4092
f 4093 172 4092
f 4093 171 172
f 4212 3880 4178
f 4212 4283 3880
f 4465 4404 3852
f 4465 3866 4404
f 4657 4689 4568
f 4657 3837 4689
f 4789 4722 4773
f 4789 4770 4722
f 4874 4860 4880
f 4874 3809 4860
f 4800 4825 3769
f 4800 4837 4825
f 4779 4726 4763
f 4779 3755 4726
f 4614 3756 4665
f 4614 4686 3756
f 4092 4178 4093
f 4092 3879 4178
f 170 4094 169
f 170 4104 4094
f 4218 3881 4180
f 4218 4292 3881
f 4974 5001 4510
f 4974 4398 5001
f 3825 4772 4788
f 3825 4896 4772
f 4841 4849 4850
f 4841 3810 4849
f 4842 3798 4851
f 4842 4817 3798
f 4852 4817 4842
f 4852 4838 4817
f 4854 4848 4838
f 4854 4827 4848
f 4792 4775 3771
f 4792 4720 4775
f 4104 4178 3880
f 4104 4093 4178
f 168 4095 167
f 168 4103 4095
f 4228 3882 4183
f 4228 4300 3882
f 4455 4393 3854
f 4455 3868 4393
f 4681 3840 4647
f 4681 4727 3840
f 5036 4727 4796
f 5036 3840 4727
f 4803 3825 4821
f 4803 4896 3825
f 4751 4771 4787
f 4751 3812 4771
f 5055 5045 3786
f 5055 4757 5045
f 4781 4738 4757
f 4781 3772 4738
f 4103 4180 3881
f 4103 4094 4180
f 166 4096 165
f 166 4102 4096
f 4235 3883 4186
f 4235 4310 3883
f 4482 4454 4545
f 4482 3869 4454
f 4575 4601 3841
f 4575 4554 4601
f 4752 4764 4705
f 4752 5036 4764
f 4745 5042 4697
f 4745 3812 5042
f 3812 4718 5042
f 3812 4751 4718
f 4102 4183 3882
f 4102 4095 4183
f 164 4097 163
f 164 4101 4097
f 4254 3884 4190
f 4254 4316 3884
f 4513 4482 4545
f 4513 4437 4482
f 3855 4402 4463
f 3855 4512 4402
f 4612 3842 4546
f 4612 4754 3842
f 4690 4605 3814
f 4690 3813 4605
f 4101 4186 3883
f 4101 4096 4186
f 4100 160 161
f 4100 4099 160
f 4264 3885 4192
f 4264 4323 3885
f 4437 4378 4399
f 4437 3856 4378
f 4249 3843 4172
f 4249 4419 3843
f 4474 4302 4341
f 4474 3828 4302
f 4302 4369 4230
f 4302 3828 4369
f 4098 4192 4100
f 4098 3884 4192
f 159 4099 4075
f 159 160 4099
f 4074 257 258
f 4074 4048 257
f 4074 3885 4323
f 4074 4047 3885
f 4048 256 257
f 4048 4049 256
f 3871 4378 4433
f 3871 4399 4378
f 253 4050 4072
f 253 254 4050
f 4173 4071 4031
f 4173 3829 4071
f 260 159 4075
f 260 6 159
f 4033 247 248
f 4033 4069 247
f 4052 244 245
f 4052 4081 244
f 245 4051 4052
f 245 246 4051
f 242 4076 4068
f 242 243 4076
f 4586 4053 4068
f 4586 3761 4053
f 238 4077 4067
f 238 239 4077
f 4164 4054 4067
f 4164 3733 4054
f 4066 4163 3719
f 4066 4079 4163
f 486 233 4025
f 486 8 233
f 233 4078 4025
f 233 234 4078
f 4012 484 485
f 4012 4013 484
f 4013 4251 4144
f 4013 4012 4251
f 4443 4231 3732
f 4443 4332 4231
f 4274 4368 4224
f 4274 3746 4368
f 4423 4346 4204
f 4423 4969 4346
f 4624 4579 4489
f 4624 3774 4579
f 3789 4653 4594
f 3789 4421 4653
f 4169 3801 4201
f 4169 4314 3801
f 4015 480 481
f 4015 4016 480
f 481 4014 4015
f 481 482 4014
f 479 4016 4017
f 479 480 4016
f 4016 4311 4145
f 4016 4015 4311
f 4293 4987 4986
f 4293 4361 4987
f 4737 3745 4631
f 4737 4670 3745
f 4631 4595 4678
f 4631 3745 4595
f 4677 4641 3759
f 4677 4713 4641
f 4672 4625 4579
f 4672 4892 4625
f 4146 4018 4026
f 4146 4155 4018
f 4017 4146 4026
f 4017 4156 4146
f 3729 4588 4777
f 3729 4616 4588
f 4610 3743 4597
f 4610 4685 3743
f 4654 3743 4685
f 4654 5009 3743
f 4018 4899 4019
f 4018 4155 4899
f 475 4019 4008
f 475 476 4019
f 4217 4356 4287
f 4217 4616 4356
f 4445 5009 4525
f 4445 3743 5009
f 4899 4008 4019
f 4899 3714 4008
f 4430 4175 4905
f 4430 4451 4175
f 4008 4430 4905
f 4008 3714 4430
f 4479 3713 4357
f 4479 4536 3713
f 4115 298 9
f 4115 4113 298
f 3696 4683 4650
f 3696 4642 4683
f 4655 4477 3699
f 4655 4441 4477
f 4382 4476 3904
f 4382 4438 4476
f 4214 3925 4281
f 4214 4352 3925
f 449 3994 448
f 449 3978 3994
f 3994 447 448
f 3994 3979 447
f 3979 446 447
f 3979 3993 446
f 3939 3994 4188
f 3939 3979 3994
f 444 3980 3977
f 444 445 3980
f 441 444 3977
f 441 24 444
f 3976 4132 3965
f 3976 3940 4132
f 3965 438 439
f 3965 3975 438
f 3974 3899 3967
f 3974 4134 3899
f 4208 4962 4268
f 4208 4277 4962
f 399 3954 3947
f 399 400 3954
f 3955 396 397
f 3955 3946 396
f 4213 4331 3904
f 4213 4280 4331
f 3903 4280 4213
f 3903 4328 4280
f 3897 4534 4566
f 3897 4473 4534
f 4949 4566 4534
f 4949 4415 4566
f 4115 3697 4113
f 4115 4684 3697
f 297 4113 4114
f 297 298 4113
f 4326 4267 4257
f 4326 4925 4267
f 4007 4174 4257
f 4007 12 4174
f 4954 4944 4340
f 4954 4543 4944
f 4453 4993 4502
f 4453 4396 4993
f 3932 4263 4141
f 3932 4304 4263
f 462 4000 461
f 462 3981 4000
f 3981 4141 4000
f 3981 3932 4141
f 461 3982 460
f 461 4000 3982
f 3982 4140 3999
f 3982 3933 4140
f 4266 3934 4140
f 4266 4325 3934
f 4531 4970 4396
f 4531 4497 4970
f 3906 4478 4441
f 3906 4617 4478
f 4935 4589 4477
f 4935 3698 4589
f 4642 4589 4683
f 4642 3699 4589
f 3697 4114 4113
f 3697 4649 4114
f 4028 4150 4011
f 4028 4159 4150
f 4270 4495 3890
f 4270 4334 4495
f 4457 3919 4507
f 4457 4901 3919
f 3931 4234 4142
f 3931 4289 4234
f 4001 464 3983
f 4001 463 464
f 3983 4142 4001
f 3983 3931 4142
f 4029 414 415
f 4029 4010 414
f 4152 4009 4030
f 4152 4154 4009
f 4516 4940 4570
f 4516 4615 4940
f 4406 4466 3918
f 4406 4516 4466
f 4221 4914 4427
f 4221 4143 4914
f 4002 466 3984
f 4002 465 466
f 4002 4914 4143
f 4002 3984 4914
f 4147 4010 4151
f 4147 4020 4010
f 416 4030 4009
f 416 417 4030
f 3889 4523 4573
f 3889 4553 4523
f 4472 4523 4553
f 4472 4971 4523
f 4427 3930 4428
f 4427 4914 3930
f 4003 468 3985
f 4003 467 468
f 4003 4185 3930
f 4003 3985 4185
f 413 4010 4020
f 413 414 4010
f 4020 4157 4023
f 4020 4147 4157
f 4020 412 413
f 4020 4023 412
f 408 4021 3972
f 408 409 4021
f 4246 3971 4117
f 4246 3966 3971
f 4349 3913 4335
f 4349 4209 3913
f 4418 4600 4565
f 4418 3887 4600
f 4600 4971 4565
f 4600 3888 4971
f 4216 4342 3912
f 4216 4269 4342
f 409 4022 4021
f 409 410 4022
f 4027 4158 4022
f 4027 4148 4158
f 3966 426 427
f 3966 3970 426
f 4278 4389 4241
f 4278 3887 4389
f 4225 3929 4189
f 4225 4282 3929
f 4486 4565 3916
f 4486 4418 4565
f 3962 420 421
f 3962 4906 420
f 474 4006 473
f 474 4906 4006
f 4006 3962 3693
f 4006 4906 3962
f 4005 4194 3928
f 4005 3986 4194
f 4004 4189 3929
f 4004 3987 4189
f 3928 4225 4189
f 3928 4295 4225
f 4130 4194 3693
f 4130 4261 4194
f 3693 3961 4130
f 3693 3962 3961
f 4261 3928 4194
f 4261 4295 3928
f 459 3988 458
f 459 3999 3988
f 3988 4139 3998
f 3988 3934 4139
f 4262 3935 4139
f 4262 4303 3935
f 4560 4970 4497
f 4560 4532 4970
f 4609 4617 3906
f 4609 4666 4617
f 457 3989 456
f 457 3998 3989
f 3989 4138 3997
f 3989 3935 4138
f 3936 4138 4233
f 3936 4909 4138
f 4508 3923 4395
f 4508 4467 3923
f 4475 4382 4577
f 4475 4438 4382
f 454 3991 453
f 454 3990 3991
f 4405 4467 4517
f 4405 3923 4467
f 3996 451 452
f 3996 3992 451
f 451 3995 450
f 451 3992 3995
f 4908 3992 3996
f 4908 3937 3992
f 3967 435 436
f 3967 3973 435
f 3957 4118 3954
f 3957 4128 4118
f 3947 4119 3943
f 3947 4127 4119
f 4635 3696 4574
f 4635 4642 3696
f 4591 4635 4922
f 4591 4698 4635
f 4574 4529 4442
f 4574 3696 4529
f 3704 4587 4628
f 3704 4529 4587
f 3705 4451 4535
f 3705 4175 4451
f 4256 3694 4176
f 4256 4318 3694
f 4256 4922 3695
f 4256 4176 4922
f 4684 4628 4587
f 4684 3705 4628
f 4441 4539 3906
f 4441 4655 4539
f 4259 4910 3701
f 4259 4498 4910
f 4498 3700 4910
f 4498 4629 3700
f 433 3960 3964
f 433 434 3960
f 492 3956 491
f 492 3944 3956
f 4123 3945 4120
f 4123 3944 3945
f 4491 4528 3703
f 4491 4602 4528
f 4014 4373 4149
f 4014 4024 4373
f 4354 4950 3722
f 4354 4285 4950
f 4354 4429 4202
f 4354 4593 4429
f 4210 4912 4279
f 4210 4121 4912
f 4336 4919 3710
f 4336 4384 4919
f 4899 3715 4217
f 4899 4155 3715
f 4146 3716 4205
f 4146 4156 3716
f 4199 4293 3716
f 4199 4361 4293
f 3717 4365 4432
f 3717 4222 4365
f 4149 3718 4222
f 4149 4373 3718
f 235 4079 4066
f 235 236 4079
f 3733 4231 4163
f 3733 4298 4231
f 4613 3738 4542
f 4613 4702 3738
f 4562 3724 4542
f 4562 4937 3724
f 4563 4480 4538
f 4563 3727 4480
f 3729 4610 4597
f 3729 4777 4610
f 4417 4469 4450
f 4417 4968 4469
f 4294 3732 4449
f 4294 4443 3732
f 3747 4224 4164
f 3747 4274 4224
f 4273 4196 4223
f 4273 3734 4196
f 4748 3739 4725
f 4748 4702 3739
f 4693 4651 4716
f 4693 4966 4651
f 4686 4654 3757
f 4686 4582 4654
f 4582 4614 3742
f 4582 4686 4614
f 4595 4641 4678
f 4595 3759 4641
f 4991 4519 4990
f 4991 5010 4519
f 4410 4469 4968
f 4410 4519 4469
f 4077 4165 3747
f 4077 4080 4165
f 3761 4204 4165
f 3761 4423 4204
f 3748 4203 4422
f 3748 4167 4203
f 4409 4967 4550
f 4409 4518 4967
f 4769 4798 4809
f 4769 3753 4798
f 4725 4749 4823
f 4725 3739 4749
f 4778 4721 4711
f 4778 3754 4721
f 4735 4775 4756
f 4735 3772 4775
f 3760 4579 4625
f 3760 4489 4579
f 4489 4586 4624
f 4489 3761 4586
f 4691 4926 3762
f 4691 4627 4926
f 4782 4859 3780
f 4782 3766 4859
f 3766 5019 4776
f 3766 4782 5019
f 4822 3767 4798
f 4822 4830 3767
f 5035 5051 4812
f 5035 3769 5051
f 5032 4750 3770
f 5032 5023 4750
f 4639 4724 4676
f 4639 5046 4724
f 4676 3787 4639
f 4676 4755 3787
f 4052 4594 4081
f 4052 3789 4594
f 3775 4653 4658
f 3775 4594 4653
f 4492 4420 3776
f 4492 4920 4420
f 4626 4920 4583
f 4626 3777 4920
f 4857 4885 3794
f 4857 4862 4885
f 4831 4783 4758
f 4831 3792 4783
f 3781 4844 4861
f 3781 4876 4844
f 4837 5061 5064
f 4837 4824 5061
f 4781 4848 3771
f 4781 3785 4848
f 4160 4200 4271
f 4160 4902 4200
f 3790 4411 4470
f 3790 4343 4411
f 3793 4847 4853
f 3793 4865 4847
f 5060 4885 4879
f 5060 3794 4885
f 4882 4877 4868
f 4882 4883 4877
f 4276 4348 4207
f 4276 3814 4348
f 4272 4207 4348
f 4272 3801 4207
f 3803 4407 4485
f 3803 4347 4407
f 4826 4835 4834
f 4826 4814 4835
f 4774 4805 3820
f 4774 4791 4805
f 4866 4846 3807
f 4866 3808 4846
f 3808 4843 4833
f 3808 4884 4843
f 4765 4751 5059
f 4765 4718 4751
f 4718 4607 5042
f 4718 4633 4607
f 4042 4197 4058
f 4042 3802 4197
f 3802 4229 4197
f 3802 4275 4229
f 4790 4760 4744
f 4790 3834 4760
f 4801 3822 4872
f 4801 4807 3822
f 4829 5056 4840
f 4829 4789 5056
f 4850 3825 4788
f 4850 4839 3825
f 4796 4803 3826
f 4796 4896 4803
f 4729 4717 4715
f 4729 4828 4717
f 3816 4237 4168
f 3816 4301 4237
f 4948 4936 3831
f 4948 4956 4936
f 3849 4668 4619
f 3849 4509 4668
f 3834 4767 4760
f 3834 4741 4767
f 4818 4784 4811
f 4818 5041 4784
f 3836 4768 4730
f 3836 5039 4768
f 4722 5048 4773
f 4722 5037 5048
f 4728 4682 3838
f 4728 3839 4682
f 3839 4727 4681
f 3839 4772 4727
f 4546 4696 4612
f 4546 4512 4696
f 4043 4166 4084
f 4043 3830 4166
f 4248 3844 4166
f 4248 4312 3844
f 3845 4401 4462
f 3845 4377 4401
f 4503 3846 4636
f 4503 4569 3846
f 4464 4997 5017
f 4464 4996 4997
f 5022 4394 4506
f 5022 3862 4394
f 4514 3849 4567
f 4514 4464 3849
f 4657 4730 3837
f 4657 4687 4730
f 3851 4568 4515
f 3851 4657 4568
f 5003 4564 5002
f 5003 4620 4564
f 3853 4558 4505
f 3853 4648 4558
f 4977 4647 4554
f 4977 3854 4647
f 3857 4249 4172
f 3857 4313 4249
f 4172 4072 4050
f 4172 3843 4072
f 4044 4161 4056
f 4044 3844 4161
f 4260 3858 4161
f 4260 4320 3858
f 4255 3859 4400
f 4255 4317 3859
f 4219 3876 4291
f 4219 4181 3876
f 4227 3876 4182
f 4227 4291 3876
f 4996 4979 4359
f 4996 4403 4979
f 4623 4714 4644
f 4623 3850 4714
f 4404 4360 4664
f 4404 3866 4360
f 4465 4975 4447
f 4465 3852 4975
f 4393 4448 4460
f 4393 3868 4448
f 4976 4375 4900
f 4976 4392 4375
f 4388 4399 3871
f 4388 3870 4399
f 4055 72 4045
f 4055 71 72
f 3872 4265 4193
f 3872 4324 4265
f 3873 4255 4191
f 3873 4317 4255
f 3874 4236 4187
f 3874 4309 4236
f 3877 4211 4179
f 3877 4284 4211
f 4436 4578 4483
f 4436 3879 4578
f 3879 4212 4178
f 3879 4436 4212
f 3880 4218 4180
f 3880 4283 4218
f 3881 4228 4183
f 3881 4292 4228
f 3882 4235 4186
f 3882 4300 4235
f 3883 4254 4190
f 3883 4310 4254
f 3884 4264 4192
f 3884 4316 4264
f 3886 4209 4278
f 3886 4131 4209
f 3917 4414 4995
f 3917 4353 4414
f 4507 3890 4495
f 4507 4466 3890
f 4917 4925 4524
f 4917 4267 4925
f 4478 4386 4441
f 4478 3907 4386
f 4970 4339 4396
f 4970 3921 4339
f 4390 4502 4993
f 4390 4457 4502
f 4666 4960 4617
f 4666 3893 4960
f 4127 3901 4244
f 4127 4118 3901
f 4962 3898 4329
f 4962 4374 3898
f 4413 4446 4488
f 4413 4473 4446
f 3938 4226 4188
f 3938 4281 4226
f 4226 3939 4188
f 4226 4296 3939
f 4250 3927 4132
f 4250 4307 3927
f 3939 4250 4195
f 3939 4296 4250
f 4374 4277 4240
f 4374 4962 4277
f 4307 4374 4240
f 4307 3926 4374
f 3898 4446 4387
f 3898 4488 4446
f 3900 4208 4245
f 3900 4135 4208
f 4122 3902 4239
f 4122 4119 3902
f 4159 3908 4238
f 4159 4907 3908
f 4152 3909 4232
f 4152 4150 3909
f 4153 3910 4252
f 4153 4154 3910
f 4389 4308 4241
f 4389 3915 4308
f 3914 3968 4133
f 3914 3963 3968
f 423 3968 3963
f 423 424 3968
f 4428 3917 4427
f 4428 4353 3917
f 3931 4221 4289
f 3931 4143 4221
f 4234 3932 4142
f 4234 4304 3932
f 3933 4266 4140
f 3933 4321 4266
f 4263 3933 4141
f 4263 4321 3933
f 3922 4395 4371
f 3922 4458 4395
f 3934 4262 4139
f 3934 4325 4262
f 3935 4233 4138
f 3935 4303 4233
f 4290 4220 4921
f 4290 4358 4220
f 3966 4131 3970
f 3966 4246 4131
f 3694 391 392
f 3694 4318 391
f 3944 493 3945
f 3944 492 493
f 3952 491 3956
f 3952 490 491
f 487 96 4
f 487 3949 96
f 4046 70 4083
f 4046 69 70
f 4043 77 4057
f 4043 76 77
f 4058 80 4042
f 4058 79 80
f 4253 4041 4059
f 4253 4162 4041
f 4902 4040 4060
f 4902 4160 4040
f 4926 4039 4061
f 4926 4585 4039
f 4376 4038 4062
f 4376 3762 4038
f 4167 4037 4063
f 4167 4315 4037
f 4035 4198 3720
f 4035 4064 4198
f 4034 4242 3706
f 4034 4065 4242
f 4100 3885 4099
f 4100 4192 3885
f 4098 4190 3884
f 4098 4097 4190
f 4101 4190 4097
f 4101 3883 4190
f 4102 4186 4096
f 4102 3882 4186
f 4103 4183 4095
f 4103 3881 4183
f 4104 4180 4094
f 4104 3880 4180
f 4105 3879 4092
f 4105 4578 3879
f 4533 4913 3878
f 4533 4578 4913
f 3877 4090 4107
f 3877 4179 4090
f 3876 4086 4108
f 3876 4181 4086
f 4085 181 4109
f 4085 180 181
f 3874 4089 4110
f 3874 4187 4089
f 4111 4191 4088
f 4111 3873 4191
f 3872 4087 4112
f 3872 4193 4087
f 4066 234 235
f 4066 4078 234
f 237 4067 4054
f 237 238 4067
f 239 4080 4077
f 239 240 4080
f 241 4068 4053
f 241 242 4068
f 243 4081 4076
f 243 244 4081
f 4069 4169 4051
f 4069 4314 4169
f 4070 4170 4033
f 4070 3815 4170
f 4071 4171 4032
f 4071 3829 4171
f 252 4072 4031
f 252 253 4072
f 4073 4172 4050
f 4073 3857 4172
f 4048 4323 3871
f 4048 4074 4323
f 259 4075 4047
f 259 260 4075
f 485 4025 4012
f 485 486 4025
f 408 429 22
f 408 3972 429
f 410 4027 4022
f 410 411 4027
f 4150 4238 3909
f 4150 4159 4238
f 23 4906 474
f 23 420 4906
f 421 3961 3962
f 421 422 3961
f 422 3963 3961
f 422 423 3963
f 424 3969 3968
f 424 425 3969
f 3970 3886 3969
f 3970 4131 3886
f 427 3971 3966
f 427 428 3971
f 428 3972 3971
f 428 429 3972
f 3993 3940 3980
f 3993 4195 3940
f 449 3995 3978
f 449 450 3995
f 3990 4137 3991
f 3990 4909 4137
f 4138 3990 3997
f 4138 4909 3990
f 4139 3989 3998
f 4139 3935 3989
f 4140 3988 3999
f 4140 3934 3988
f 3982 4141 3933
f 3982 4000 4141
f 3981 463 4001
f 3981 462 463
f 3983 465 4002
f 3983 464 465
f 3984 467 4003
f 3984 466 467
f 3985 469 4004
f 3985 468 469
f 4005 4189 3987
f 4005 3928 4189
f 4006 4194 3986
f 4006 3693 4194
f 432 403 21
f 432 3948 403
f 434 3973 3960
f 434 435 3973
f 436 3974 3967
f 436 437 3974
f 3975 4134 3974
f 3975 3927 4134
f 439 3976 3965
f 439 440 3976
f 440 3977 3976
f 440 441 3977
f 395 3946 3959
f 395 396 3946
f 3701 20 4305
f 3701 3942 20
f 400 3957 3954
f 400 401 3957
f 401 3958 3957
f 401 402 3958
f 3710 4351 4425
f 3710 4919 4351
f 4136 3710 3941
f 4136 4336 3710
f 4591 4176 4177
f 4591 4922 4176
f 3943 397 398
f 3943 3955 397
f 4121 3945 3953
f 4121 4120 3945
f 4119 4244 3902
f 4119 4127 4244
f 3960 4116 3964
f 3960 3900 4116
f 4243 3951 3952
f 4243 4126 3951
f 3956 4123 4125
f 3956 3944 4123
f 495 3953 494
f 495 4484 3953
f 4118 4245 3901
f 4118 4128 4245
f 3943 4122 3955
f 3943 4119 4122
f 4116 3957 3958
f 4116 4128 3957
f 4911 4476 4259
f 4911 3904 4476
f 3959 4911 4305
f 3959 4129 4911
f 3967 4135 3973
f 3967 3899 4135
f 3963 4130 3961
f 3963 3914 4130
f 4116 3948 3964
f 4116 3958 3948
f 3975 437 438
f 3975 3974 437
f 4132 3975 3965
f 4132 3927 3975
f 3970 425 426
f 3970 3969 425
f 3969 4133 3968
f 3969 3886 4133
f 4117 3972 4021
f 4117 3971 3972
f 3976 3980 3940
f 3976 3977 3980
f 3978 4188 3994
f 3978 3938 4188
f 4184 3978 3995
f 4184 3938 3978
f 3993 445 446
f 3993 3980 445
f 3979 4195 3993
f 3979 3939 4195
f 4142 3981 4001
f 4142 3932 3981
f 460 3999 459
f 460 3982 3999
f 4143 3983 4002
f 4143 3931 3983
f 473 3986 472
f 473 4006 3986
f 472 4005 471
f 472 3986 4005
f 471 3987 470
f 471 4005 3987
f 4004 470 3987
f 4004 469 470
f 458 3998 457
f 458 3988 3998
f 456 3997 455
f 456 3989 3997
f 455 3990 454
f 455 3997 3990
f 3991 452 453
f 3991 3996 452
f 4908 3991 4137
f 4908 3996 3991
f 3992 4184 3995
f 3992 3937 4184
f 4003 4914 3984
f 4003 3930 4914
f 3929 3985 4004
f 3929 4185 3985
f 4007 419 12
f 4007 4028 419
f 4028 418 419
f 4028 4011 418
f 4008 9 475
f 4008 4905 9
f 9 4175 4115
f 9 4905 4175
f 4011 4152 4030
f 4011 4150 4152
f 4009 415 416
f 4009 4029 415
f 4010 4153 4151
f 4010 4029 4153
f 4011 417 418
f 4011 4030 417
f 4013 483 484
f 4013 4024 483
f 4024 482 483
f 4024 4014 482
f 4373 4013 4144
f 4373 4024 4013
f 4311 4014 4149
f 4311 4015 4014
f 4017 478 479
f 4017 4026 478
f 4156 4016 4145
f 4156 4017 4016
f 4026 477 478
f 4026 4018 477
f 4018 476 477
f 4018 4019 476
f 4023 411 412
f 4023 4027 411
f 4216 4157 4147
f 4216 3912 4157
f 4022 4117 4021
f 4022 4158 4117
f 4335 4158 4148
f 4335 3913 4158
f 4157 4027 4023
f 4157 4148 4027
f 4066 4251 4078
f 4066 3719 4251
f 4009 4153 4029
f 4009 4154 4153
f 4031 251 252
f 4031 4071 251
f 4171 4070 4032
f 4171 3815 4070
f 4314 4033 4170
f 4314 4069 4033
f 94 4064 93
f 94 4034 4064
f 91 4063 90
f 91 4036 4063
f 90 4037 89
f 90 4063 4037
f 88 4038 87
f 88 4062 4038
f 85 4060 84
f 85 4039 4060
f 4585 3776 4039
f 4585 4492 3776
f 83 4059 82
f 83 4040 4059
f 4162 4042 4041
f 4162 3802 4042
f 76 4084 75
f 76 4043 4084
f 75 4044 74
f 75 4084 4044
f 74 4056 73
f 74 4044 4056
f 73 4045 72
f 73 4056 4045
f 4047 4099 3885
f 4047 4075 4099
f 4047 258 259
f 4047 4074 258
f 4049 255 256
f 4049 4073 255
f 4073 254 255
f 4073 4050 254
f 4378 3857 4433
f 4378 4313 3857
f 4073 4433 3857
f 4073 4049 4433
f 4053 240 241
f 4053 4080 240
f 4054 236 237
f 4054 4079 236
f 4083 71 4055
f 4083 70 71
f 3858 4055 4045
f 3858 4324 4055
f 4082 4197 3816
f 4082 4058 4197
f 4082 79 4058
f 4082 78 79
f 3747 4067 4077
f 3747 4164 4067
f 3775 4068 4076
f 3775 4586 4068
f 4072 4173 4031
f 4072 3843 4173
f 4076 4594 3775
f 4076 4081 4594
f 4251 4025 4078
f 4251 4012 4025
f 3733 4079 4054
f 3733 4163 4079
f 4082 4168 4057
f 4082 3816 4168
f 4083 4112 4046
f 4083 3872 4112
f 178 4107 177
f 178 4086 4107
f 186 4111 185
f 186 4087 4111
f 184 4110 183
f 184 4088 4110
f 4109 182 4089
f 4109 181 182
f 176 4106 175
f 176 4090 4106
f 174 4105 173
f 174 4091 4105
f 171 4104 170
f 171 4093 4104
f 169 4103 168
f 169 4094 4103
f 167 4102 166
f 167 4095 4102
f 165 4101 164
f 165 4096 4101
f 162 4100 161
f 162 4098 4100
f 4098 163 4097
f 4098 162 163
f 3875 4085 4109
f 3875 4182 4085
f 4114 12 297
f 4114 4174 12
f 4649 4174 4114
f 4649 3698 4174
f 3705 4115 4175
f 3705 4684 4115
f 3913 4117 4158
f 3913 4246 4117
f 3954 4127 3947
f 3954 4118 4127
f 4210 4120 4121
f 4210 4426 4120
f 3708 4120 4426
f 3708 4123 4120
f 3709 4121 3953
f 3709 4912 4121
f 4239 4124 4122
f 4239 3903 4124
f 4125 3708 4202
f 4125 4123 3708
f 4124 3959 3946
f 4124 4129 3959
f 3707 4125 4202
f 3707 4243 4125
f 3706 4126 4247
f 3706 4242 4126
f 3900 4128 4116
f 3900 4245 4128
f 3903 4129 4124
f 3903 4213 4129
f 4131 3913 4209
f 4131 4246 3913
f 4195 4132 3940
f 4195 4250 4132
f 4241 3914 4133
f 4241 4308 3914
f 4240 3899 4134
f 4240 4277 3899
f 3960 4135 3900
f 3960 3973 4135
f 4319 4336 4136
f 4319 3711 4336
f 3703 4319 4258
f 3703 4528 4319
f 4137 4220 4908
f 4137 4921 4220
f 4290 3936 4431
f 4290 4921 3936
f 3719 4231 4332
f 3719 4163 4231
f 3719 4144 4251
f 3719 4332 4144
f 4199 4156 4145
f 4199 3716 4156
f 3717 4145 4311
f 3717 4199 4145
f 4205 4155 4146
f 4205 3715 4155
f 3911 4147 4151
f 3911 4216 4147
f 3912 4148 4157
f 3912 4335 4148
f 4222 4311 4149
f 4222 3717 4311
f 4151 4252 3911
f 4151 4153 4252
f 4232 4154 4152
f 4232 3910 4154
f 4257 4907 4007
f 4257 4267 4907
f 4007 4159 4028
f 4007 4907 4159
f 4217 3714 4899
f 4217 4287 3714
f 4206 3802 4162
f 4206 4275 3802
f 4224 3733 4164
f 4224 4298 3733
f 4204 3747 4165
f 4204 4274 3747
f 4080 3761 4165
f 4080 4053 3761
f 3734 4167 4063
f 3734 4203 4167
f 4237 3830 4168
f 4237 4333 3830
f 4052 4169 3789
f 4052 4051 4169
f 3801 4170 4207
f 3801 4314 4170
f 3829 4341 4302
f 3829 4173 4341
f 4326 4174 3698
f 4326 4257 4174
f 3714 4357 4430
f 3714 4287 4357
f 3701 4177 3942
f 3701 4910 4177
f 4214 3938 4184
f 4214 4281 3938
f 4215 3930 4185
f 4215 4428 3930
f 4229 3816 4197
f 4229 4301 3816
f 4366 3706 4247
f 4366 4198 3706
f 3717 4361 4199
f 3717 4432 4361
f 3776 4200 4902
f 3776 4420 4200
f 3789 4201 4421
f 3789 4169 4201
f 4344 4421 4201
f 4344 3788 4421
f 4354 3708 4285
f 4354 4202 3708
f 4204 3746 4274
f 4204 4346 3746
f 4205 4588 3715
f 4205 4630 4588
f 4630 3716 4293
f 4630 4205 3716
f 4206 3803 4275
f 4206 4347 3803
f 3815 4207 4170
f 3815 4276 4207
f 4268 4245 4208
f 4268 3901 4245
f 3899 4208 4135
f 3899 4277 4208
f 4349 3912 4342
f 4349 4335 3912
f 4285 4426 4350
f 4285 3708 4426
f 4931 4561 4350
f 4931 4951 4561
f 4211 4979 4435
f 4211 4359 4979
f 4284 4359 4211
f 4284 3863 4359
f 4212 3866 4283
f 4212 4360 3866
f 4436 4360 4212
f 4436 3865 4360
f 3937 4214 4184
f 3937 4915 4214
f 4353 4988 4414
f 4353 4983 4988
f 3929 4215 4185
f 3929 4282 4215
f 4616 3715 4588
f 4616 4217 3715
f 4364 4292 4218
f 4364 3867 4292
f 4218 4447 4364
f 4218 4283 4447
f 4219 4998 4363
f 4219 4291 4998
f 4915 4908 4220
f 4915 3937 4908
f 4221 4972 4289
f 4221 4355 4972
f 4427 4355 4221
f 4427 3917 4355
f 4222 4294 4365
f 4222 3718 4294
f 3720 4223 4196
f 3720 4927 4223
f 4224 4947 4298
f 4224 4368 4947
f 4362 4282 4225
f 4362 4983 4282
f 4295 4362 4225
f 4295 3915 4362
f 4385 4296 4226
f 4385 3926 4296
f 4281 4385 4226
f 4281 3925 4385
f 4501 4291 4227
f 4501 4998 4291
f 4370 4227 4299
f 4370 4501 4227
f 3868 4228 4448
f 3868 4300 4228
f 4381 4301 4229
f 4381 3817 4301
f 4369 4276 4230
f 4369 3814 4276
f 3829 4230 4171
f 3829 4302 4230
f 4294 4332 4443
f 4294 3718 4332
f 4288 3910 4322
f 4288 4252 3910
f 4322 4232 4327
f 4322 3910 4232
f 4233 4431 3936
f 4233 4371 4431
f 4303 4371 4233
f 4303 3922 4371
f 4234 4372 4304
f 4234 4893 4372
f 4375 4310 4235
f 4375 3869 4310
f 4235 4900 4375
f 4235 4300 4900
f 4383 4333 4237
f 4383 3831 4333
f 4238 4270 3909
f 4238 4334 4270
f 4306 3902 4286
f 4306 4239 3902
f 3927 4240 4134
f 3927 4307 4240
f 3886 4241 4133
f 3886 4278 4241
f 4244 4286 3902
f 4244 4329 4286
f 3897 4286 4387
f 3897 4306 4286
f 4911 4213 3904
f 4911 4129 4213
f 3707 4429 4434
f 3707 4202 4429
f 4377 4312 4248
f 4377 3845 4312
f 4248 4898 4377
f 4248 4333 4898
f 4379 4419 4249
f 4379 3842 4419
f 4249 4973 4379
f 4249 4313 4973
f 4296 4307 4250
f 4296 3926 4307
f 4269 3911 4330
f 4269 4216 3911
f 4252 4330 3911
f 4252 4288 4330
f 4946 4316 4254
f 4946 4890 4316
f 4254 3869 4946
f 4254 4310 3869
f 4258 4442 3703
f 4258 4337 4442
f 4256 4337 4318
f 4256 3695 4337
f 4337 3702 4318
f 4337 4258 3702
f 4498 4476 4438
f 4498 4259 4476
f 3845 4461 4493
f 3845 4462 4461
f 4312 4493 4260
f 4312 3845 4493
f 4308 4295 4261
f 4308 3915 4295
f 3914 4261 4130
f 3914 4308 4261
f 4338 4303 4262
f 4338 3922 4303
f 4380 4321 4263
f 4380 3920 4321
f 4263 4901 4380
f 4263 4304 4901
f 4388 4323 4264
f 4388 3871 4323
f 4264 4890 4388
f 4264 4316 4890
f 4320 4317 4265
f 4320 3859 4317
f 4324 4320 4265
f 4324 3858 4320
f 4339 4325 4266
f 4339 3921 4325
f 4321 4339 4266
f 4321 3920 4339
f 3908 4340 4929
f 3908 4917 4340
f 3909 4327 4232
f 3909 4270 4327
f 4348 3800 4272
f 4348 4521 3800
f 3734 4923 4203
f 3734 4273 4923
f 3735 4273 4367
f 3735 4923 4273
f 4278 4349 3887
f 4278 4209 4349
f 4351 4424 4918
f 4351 4932 4424
f 4912 4424 4279
f 4912 4918 4424
f 4517 4540 3896
f 4517 4467 4540
f 4328 4239 4306
f 4328 3903 4239
f 3863 4219 4363
f 3863 4284 4219
f 4350 4950 4285
f 4350 4561 4950
f 4387 4329 3898
f 4387 4286 4329
f 3728 4287 4356
f 3728 4444 4287
f 4288 4940 3889
f 4288 4322 4940
f 4231 4947 3732
f 4231 4298 4947
f 4927 4297 4223
f 4927 4434 4297
f 4429 4297 4434
f 4429 3721 4297
f 3861 4236 4391
f 3861 4299 4236
f 4372 4901 4304
f 4372 3919 4901
f 3701 4911 4259
f 3701 4305 4911
f 3860 4255 4400
f 3860 4309 4255
f 3748 4315 4167
f 3748 4408 4315
f 4482 4946 3869
f 4482 3870 4946
f 4528 3711 4319
f 4528 4541 3711
f 4461 3859 4493
f 4461 4400 3859
f 3890 4516 4570
f 3890 4466 4516
f 4325 4338 4262
f 4325 3921 4338
f 3907 4326 4386
f 3907 4925 4326
f 4270 4570 4327
f 4270 3890 4570
f 4280 4566 3896
f 4280 4328 4566
f 4268 4329 3901
f 4268 4962 4329
f 4269 4573 3888
f 4269 4330 4573
f 4573 4971 3888
f 4573 4523 4971
f 4331 4382 3904
f 4331 3895 4382
f 4961 4331 4540
f 4961 3895 4331
f 3718 4144 4332
f 3718 4373 4144
f 4929 4944 3891
f 4929 4340 4944
f 3908 4334 4238
f 3908 4929 4334
f 4384 4439 4919
f 4384 4490 4439
f 3922 4532 4458
f 3922 4338 4532
f 4419 4474 4341
f 4419 3842 4474
f 3843 4341 4173
f 3843 4419 4341
f 4412 3788 4344
f 4412 4552 3788
f 3800 4344 4272
f 3800 4412 4344
f 3749 4345 4930
f 3749 4422 4345
f 3735 4345 4923
f 3735 4468 4345
f 3746 4989 4410
f 3746 4346 4989
f 4347 4916 3790
f 4347 4206 4916
f 4349 4600 3887
f 4349 4342 4600
f 4210 4350 4426
f 4210 4931 4350
f 4351 4439 4932
f 4351 4919 4439
f 4425 3941 3710
f 4425 4484 3941
f 4415 3925 4352
f 4415 4949 3925
f 4362 4988 4983
f 4362 3916 4988
f 4367 3721 4549
f 4367 4297 3721
f 4355 4406 4972
f 4355 4994 4406
f 4445 3728 4356
f 4445 4525 3728
f 4963 3924 4358
f 4963 4548 3924
f 4405 4358 4290
f 4405 4963 4358
f 4432 4987 4361
f 4432 3731 4987
f 4389 4418 4486
f 4389 3887 4418
f 3862 4363 4998
f 3862 4397 4363
f 4364 4974 3867
f 4364 4398 4974
f 4449 4947 4417
f 4449 3732 4947
f 4294 4984 4365
f 4294 4449 4984
f 4198 4927 3720
f 4198 4366 4927
f 4368 4417 4947
f 4368 4968 4417
f 3814 4706 4690
f 3814 4369 4706
f 4370 4394 4501
f 4370 5015 4394
f 3861 4370 4299
f 3861 4456 4370
f 4292 4448 4228
f 4292 3867 4448
f 4395 4431 4371
f 4395 3923 4431
f 4893 3919 4372
f 4893 3918 3919
f 3926 4413 4488
f 3926 4385 4413
f 4309 4391 4236
f 4309 3860 4391
f 4392 3869 4375
f 4392 4454 3869
f 4924 3762 4376
f 4924 4691 3762
f 4408 4376 4315
f 4408 4924 4376
f 4377 4943 4401
f 4377 4898 4943
f 4433 4048 3871
f 4433 4049 4048
f 5014 3842 4379
f 5014 4546 3842
f 4380 4993 3920
f 4380 4390 4993
f 4901 4390 4380
f 4901 4457 4390
f 4416 3817 4381
f 4416 4487 3817
f 3905 4438 4475
f 3905 4498 4438
f 4440 3831 4383
f 4440 4948 3831
f 4384 4707 4490
f 4384 4496 4707
f 3698 4386 4326
f 3698 4935 4386
f 4976 4504 4392
f 4976 5000 4504
f 4460 4505 4393
f 4460 3853 4505
f 4506 5015 5024
f 4506 4394 5015
f 4458 4508 4395
f 4458 3894 4508
f 3920 4396 4339
f 3920 4993 4396
f 5017 4397 4459
f 5017 4997 4397
f 4974 3853 4460
f 4974 4510 3853
f 5002 4510 5001
f 5002 4564 4510
f 3856 4313 4378
f 3856 4973 4313
f 3870 4890 4946
f 3870 4388 4890
f 4462 4511 3846
f 4462 4401 4511
f 4936 4943 4898
f 4936 4494 4943
f 4973 4463 4402
f 4973 3856 4463
f 4514 4547 4403
f 4514 5004 4547
f 4514 4996 4464
f 4514 4403 4996
f 4664 3865 4644
f 4664 4360 3865
f 4290 3923 4405
f 4290 4431 3923
f 4963 4517 4548
f 4963 4405 4517
f 4615 4995 4553
f 4615 4994 4995
f 4485 4526 3804
f 4485 4407 4526
f 4408 4708 4662
f 4408 3748 4708
f 3736 4409 4468
f 3736 4518 4409
f 4468 4930 4345
f 4468 4409 4930
f 4519 3745 4469
f 4519 4595 3745
f 4990 4410 4989
f 4990 4519 4410
f 4470 4520 3791
f 4470 4411 4520
f 4411 4934 4945
f 4411 4343 4934
f 4412 5029 4552
f 4412 4522 5029
f 3925 4413 4385
f 3925 4949 4413
f 4488 4374 3926
f 4488 3898 4374
f 4553 4414 4472
f 4553 4995 4414
f 3924 4415 4352
f 3924 4622 4415
f 4949 4473 4413
f 4949 4534 4473
f 4487 4527 3818
f 4487 4416 4527
f 4984 4417 4450
f 4984 4449 4417
f 4486 4362 3915
f 4486 3916 4362
f 4920 4934 4420
f 4920 3777 4934
f 4423 4489 3760
f 4423 3761 4489
f 4932 3724 4937
f 4932 4439 3724
f 4351 3709 4425
f 4351 4918 3709
f 4915 4358 3924
f 4915 4220 4358
f 4215 4353 4428
f 4215 4983 4353
f 4434 4247 3707
f 4434 4366 4247
f 4593 3721 4429
f 4593 4549 3721
f 4357 4451 4430
f 4357 3713 4451
f 4432 4984 3731
f 4432 4365 4984
f 4091 3878 4913
f 4091 4106 3878
f 3864 4435 4979
f 3864 4957 4435
f 4437 3870 4482
f 4437 4399 3870
f 3905 3894 4695
f 3905 4475 3894
f 4490 3724 4439
f 4490 4500 3724
f 4440 4999 4948
f 4440 4530 4999
f 3817 4440 4383
f 3817 4487 4440
f 4939 4925 3907
f 4939 4524 4925
f 3704 4491 4529
f 3704 4571 4491
f 3695 4442 4337
f 3695 4574 4442
f 4480 4479 4444
f 4480 3727 4479
f 4356 3729 4445
f 4356 4616 3729
f 3897 4446 4473
f 3897 4387 4446
f 3866 4447 4283
f 3866 4465 4447
f 4447 4398 4364
f 4447 4975 4398
f 4545 4463 4513
f 4545 3855 4463
f 3731 4450 4670
f 3731 4984 4450
f 3745 4450 4469
f 3745 4670 4450
f 4628 4535 4603
f 4628 3705 4535
f 4452 4932 4937
f 4452 4424 4932
f 4452 4537 3723
f 4452 4952 4537
f 3892 4453 4543
f 3892 4531 4453
f 4569 4391 3860
f 4569 4503 4391
f 4569 4400 4461
f 4569 3860 4400
f 4545 4392 4504
f 4545 4454 4392
f 4505 3854 4393
f 4505 4558 3854
f 4900 3868 4455
f 4900 4300 3868
f 4503 5016 4456
f 4503 3847 5016
f 3891 4507 4495
f 3891 4457 4507
f 4560 4458 4532
f 4560 3894 4458
f 3848 5022 4786
f 3848 4459 5022
f 3867 4460 4448
f 3867 4974 4460
f 4576 3846 4511
f 4576 4636 3846
f 4504 3855 4545
f 4504 4575 3855
f 3849 5017 4509
f 3849 4464 5017
f 4515 3852 4404
f 4515 5003 3852
f 4507 3918 4466
f 4507 3919 3918
f 4467 4961 4540
f 4467 4938 4961
f 4968 3746 4410
f 4968 4368 3746
f 4599 3791 4520
f 4599 4634 3791
f 4521 4551 4471
f 4521 4605 4551
f 4971 3916 4565
f 4971 4472 3916
f 4472 4988 3916
f 4472 4414 4988
f 3894 4577 4508
f 3894 4475 4577
f 4386 4477 4441
f 4386 4935 4477
f 3893 4531 3892
f 3893 4497 4531
f 4536 4557 3713
f 4536 4618 4557
f 4481 4538 4480
f 4481 3742 4538
f 3728 4480 4444
f 3728 4481 4480
f 4978 5009 4582
f 4978 4525 5009
f 4533 4483 4578
f 4533 4556 4483
f 4584 3804 4526
f 4584 4643 3804
f 4580 3818 4527
f 4580 4645 3818
f 4492 4926 4627
f 4492 4585 4926
f 4493 4320 4260
f 4493 3859 4320
f 3832 4999 4572
f 3832 4956 4999
f 4495 4929 3891
f 4495 4334 4929
f 4496 4933 4707
f 4496 4499 4933
f 3921 4532 4338
f 3921 4970 4532
f 4609 4539 4629
f 4609 3906 4539
f 4611 4933 4499
f 4611 4701 4933
f 4500 4663 4613
f 4500 4942 4663
f 4500 4707 4942
f 4500 4490 4707
f 3862 4501 4394
f 3862 4998 4501
f 4363 4997 3863
f 4363 4397 4997
f 4543 4955 3892
f 4543 4954 4955
f 4502 3891 4944
f 4502 4457 3891
f 4767 3848 4786
f 4767 4741 3848
f 4786 4506 5031
f 4786 5022 4506
f 4938 4508 4577
f 4938 4467 4508
f 3853 4564 4648
f 3853 4510 4564
f 3832 4511 4494
f 3832 4576 4511
f 4504 4554 4575
f 4504 5000 4554
f 4513 3856 4437
f 4513 4463 3856
f 4567 5004 4514
f 4567 4656 5004
f 4644 3851 4664
f 4644 4714 3851
f 3889 4615 4553
f 3889 4940 4615
f 4540 4280 3896
f 4540 4331 4280
f 4409 3749 4930
f 4409 4550 3749
f 4596 4967 4518
f 4596 4640 4967
f 4990 4592 4991
f 4990 4969 4592
f 3814 4521 4348
f 3814 4605 4521
f 4522 4598 5029
f 4522 3799 4598
f 4573 4288 3889
f 4573 4330 4288
f 4955 4939 4555
f 4955 4524 4939
f 4445 4597 3743
f 4445 3729 4597
f 4602 4541 4528
f 4602 3712 4541
f 3892 4555 3893
f 3892 4955 4555
f 4533 4435 4957
f 4533 3878 4435
f 4566 4306 3897
f 4566 4328 4306
f 4548 3896 4622
f 4548 4517 3896
f 4603 4602 4571
f 4603 3712 4602
f 4557 4603 4535
f 4557 3712 4603
f 4559 4618 4536
f 4559 3726 4618
f 4966 4562 4651
f 4966 4952 4562
f 3741 4538 4544
f 3741 4563 4538
f 3905 4629 4498
f 3905 4609 4629
f 4655 4698 4928
f 4655 3699 4698
f 4502 4543 4453
f 4502 4944 4543
f 4544 4665 4709
f 4544 4614 4665
f 4754 4474 3842
f 4754 5018 4474
f 3864 4623 4556
f 3864 4547 4623
f 3850 4547 5004
f 3850 4623 4547
f 4958 4549 4593
f 4958 4964 4549
f 3750 4550 4967
f 3750 4699 4550
f 4551 4607 3799
f 4551 5028 4607
f 3813 4551 4605
f 3813 5028 4551
f 3788 4652 4581
f 3788 4604 4652
f 3787 4552 5029
f 3787 4700 4552
f 5030 4512 3855
f 5030 4696 4512
f 4647 4601 4554
f 4647 3840 4601
f 4941 4555 4939
f 4941 4960 4555
f 4556 4957 3864
f 4556 4533 4957
f 4618 3712 4557
f 4618 4611 3712
f 4558 4647 3854
f 4558 4681 4647
f 4648 4681 4558
f 4648 3839 4681
f 4637 4692 4559
f 4637 4673 4692
f 4637 3727 4563
f 4637 4559 3727
f 3893 4560 4497
f 3893 4666 4560
f 4608 4958 3722
f 4608 4964 4958
f 3738 4562 4542
f 3738 4651 4562
f 4952 4937 4562
f 4952 4452 4937
f 4564 3839 4648
f 4564 4682 3839
f 4600 4269 3888
f 4600 4342 4269
f 4568 5003 4515
f 4568 4620 5003
f 4689 4620 4568
f 4689 3838 4620
f 4570 4322 4327
f 4570 4940 4322
f 4646 3832 4572
f 4646 4576 3832
f 4895 4646 4572
f 4895 3833 4646
f 4642 4698 3699
f 4642 4635 4698
f 4575 5030 3855
f 4575 3841 5030
f 3841 4752 4705
f 3841 4601 4752
f 4382 4938 4577
f 4382 3895 4938
f 4625 4592 3760
f 4625 4661 4592
f 3804 4580 4527
f 3804 4643 4580
f 4581 4421 3788
f 4581 4653 4421
f 4945 3777 4626
f 4945 4934 3777
f 3763 4583 4627
f 3763 4669 4583
f 3791 4584 4526
f 3791 4634 4584
f 4650 4684 4587
f 4650 3697 4684
f 3696 4587 4529
f 3696 4650 4587
f 3778 4590 4660
f 3778 4599 4590
f 4945 4660 4590
f 4945 4626 4660
f 4574 4922 4635
f 4574 3695 4922
f 4591 4910 3700
f 4591 4177 4910
f 4661 4991 4592
f 4661 5008 4991
f 4969 3760 4592
f 4969 4423 3760
f 3722 4593 4354
f 3722 4958 4593
f 4991 3759 5010
f 4991 5008 3759
f 3736 4596 4518
f 3736 4632 4596
f 4598 5046 4639
f 4598 4633 5046
f 4471 3799 5027
f 4471 4551 3799
f 4603 3704 4628
f 4603 4571 3704
f 4659 4652 4604
f 4659 3774 4652
f 4659 4700 4799
f 4659 4604 4700
f 4715 3813 4690
f 4715 4717 3813
f 4704 4669 3763
f 4704 3764 4669
f 4699 4704 4606
f 4699 4959 4704
f 5028 5042 4607
f 5028 4697 5042
f 4607 4598 3799
f 4607 4633 4598
f 4695 4560 4666
f 4695 3894 4560
f 4630 4777 4588
f 4630 3730 4777
f 4618 4701 4611
f 4618 3726 4701
f 4703 4754 4612
f 4703 5025 4754
f 4696 4703 4612
f 4696 4705 4703
f 4613 3739 4702
f 4613 4663 3739
f 4516 4994 4615
f 4516 4406 4994
f 4619 4567 3849
f 4619 4667 4567
f 4965 4632 4621
f 4965 4980 4632
f 3722 4561 4621
f 3722 4950 4561
f 4622 4566 4415
f 4622 3896 4566
f 3774 4658 4652
f 3774 4624 4658
f 3775 4624 4586
f 3775 4658 4624
f 4659 4579 3774
f 4659 4672 4579
f 4889 4660 4626
f 4889 4674 4660
f 3763 4691 4662
f 3763 4627 4691
f 4630 4986 3730
f 4630 4293 4986
f 4641 3758 4678
f 4641 5033 3758
f 4780 4633 4718
f 4780 5046 4633
f 4638 4783 4675
f 4638 3779 4783
f 4636 3847 4503
f 4636 4680 3847
f 4802 5031 4680
f 4802 4786 5031
f 3741 4637 4563
f 3741 5005 4637
f 3778 4674 4712
f 3778 4660 4674
f 3787 4799 4700
f 3787 4755 4799
f 4747 4699 3750
f 4747 4959 4699
f 4683 3697 4650
f 4683 4649 3697
f 3805 4856 4836
f 3805 4679 4856
f 4687 3851 4714
f 4687 4657 3851
f 4645 4572 3818
f 4645 4895 4572
f 4564 3838 4682
f 4564 4620 3838
f 4649 4589 3698
f 4649 4683 4589
f 4981 4966 4693
f 4981 3737 4966
f 4658 4581 4652
f 4658 4653 4581
f 4756 4903 3758
f 4756 3757 4903
f 4928 4629 4539
f 4928 3700 4629
f 4714 4688 4687
f 4714 3850 4688
f 4667 5041 5026
f 4667 4784 5041
f 4677 5008 5021
f 4677 3759 5008
f 4606 3763 4662
f 4606 4704 3763
f 4708 4422 3749
f 4708 3748 4422
f 4719 4762 4953
f 4719 3740 4762
f 3725 4663 4942
f 3725 4742 4663
f 4664 4515 4404
f 4664 3851 4515
f 4709 3741 4544
f 4709 5011 3741
f 4665 4726 4709
f 4665 5023 4726
f 4666 3905 4695
f 4666 4609 3905
f 3835 4667 4619
f 3835 4784 4667
f 4741 4710 4668
f 4741 3834 4710
f 3848 4668 4509
f 3848 4741 4668
f 3744 4737 4631
f 3744 4740 4737
f 4981 4671 4980
f 4981 3751 4671
f 4596 4980 4671
f 4596 4632 4980
f 4892 4661 4625
f 4892 5021 4661
f 4892 5034 3773
f 4892 4672 5034
f 5011 5005 3741
f 5011 4711 5005
f 4673 5005 4711
f 4673 4637 5005
f 4985 4674 4982
f 4985 4734 4674
f 3764 4674 4889
f 3764 4982 4674
f 3792 4675 4783
f 3792 5020 4675
f 4733 5040 4755
f 4733 4731 5040
f 4733 4676 5045
f 4733 4755 4676
f 4723 4747 3750
f 4723 4732 4747
f 4713 5040 4731
f 4713 4677 5040
f 4631 4761 3744
f 4631 4678 4761
f 3792 4679 5020
f 3792 4856 4679
f 4894 4643 3805
f 4894 4580 4643
f 3833 4680 4646
f 3833 4802 4680
f 4903 3744 4761
f 4903 4685 3744
f 4688 4730 4687
f 4688 3836 4730
f 3850 4656 4688
f 3850 5004 4656
f 4689 4722 3838
f 4689 5037 4722
f 4766 4690 4706
f 4766 4715 4690
f 4743 4766 4706
f 4743 5025 4766
f 4924 4662 4691
f 4924 4408 4662
f 4719 4701 3726
f 4719 4953 4701
f 3740 4692 4673
f 3740 4719 4692
f 4651 4694 4716
f 4651 3738 4694
f 4725 4769 4748
f 4725 3753 4769
f 3841 4696 5030
f 3841 4705 4696
f 5028 4717 4697
f 5028 3813 4717
f 3700 4698 4591
f 3700 4928 4698
f 4702 4694 3738
f 4702 4748 4694
f 4706 3828 4743
f 4706 4369 3828
f 4705 3827 4703
f 4705 4764 3827
f 4959 3764 4704
f 4959 4982 3764
f 4764 4729 3827
f 4764 3826 4729
f 3725 4707 4933
f 3725 4942 4707
f 3755 4709 4726
f 3755 5011 4709
f 4759 3835 4710
f 4759 5050 3835
f 5011 4778 4711
f 5011 3755 4778
f 4712 4739 3779
f 4712 5013 4739
f 4731 4735 4713
f 4731 3772 4735
f 4766 4703 3827
f 4766 5025 4703
f 5007 4736 5006
f 5007 4793 4736
f 4694 5007 4716
f 4694 3752 5007
f 4717 4745 4697
f 4717 4828 4745
f 4720 4750 3756
f 4720 4792 4750
f 3833 3819 4744
f 3833 4895 3819
f 4770 3838 4722
f 4770 4728 3838
f 4740 4777 3730
f 4740 4610 4777
f 4732 5006 4736
f 4732 3751 5006
f 3751 4723 4671
f 3751 4732 4723
f 4738 5045 4757
f 4738 4733 5045
f 5046 3786 4724
f 5046 4780 3786
f 4808 5012 4816
f 4808 4823 5012
f 4763 5023 5032
f 4763 4726 5023
f 4727 4896 4796
f 4727 4772 4896
f 4728 4772 3839
f 4728 4788 4772
f 4770 4788 4728
f 4770 3824 4788
f 5036 3826 4764
f 5036 4796 3826
f 3827 4715 4766
f 3827 4729 4715
f 5048 5038 4795
f 5048 5037 5038
f 4731 4738 3772
f 4731 4733 4738
f 3765 4732 4736
f 3765 4992 4732
f 4734 4712 4674
f 4734 5013 4712
f 5013 4985 4992
f 5013 4734 4985
f 3758 4735 4756
f 3758 5033 4735
f 3765 4793 4776
f 3765 4736 4793
f 4987 4737 4986
f 4987 4670 4737
f 3730 4737 4740
f 3730 4986 4737
f 4757 3785 4781
f 4757 4804 3785
f 5045 4724 3786
f 5045 4676 4724
f 5019 4739 5013
f 5019 4782 4739
f 3744 4610 4740
f 3744 4685 4610
f 4710 4790 4759
f 4710 3834 4790
f 4742 3739 4663
f 4742 4749 3739
f 4762 4749 4742
f 4762 4746 4749
f 5025 5018 4754
f 5025 4743 5018
f 4753 3812 4745
f 4753 4771 3812
f 4745 5053 4753
f 4745 4828 5053
f 3754 4746 4721
f 3754 5012 4746
f 4747 4982 4959
f 4747 4985 4982
f 4823 3753 4725
f 4823 4808 3753
f 4792 3770 4750
f 4792 4827 3770
f 5023 3756 4750
f 5023 4665 3756
f 3840 4752 4601
f 3840 5036 4752
f 4761 3758 4903
f 4761 4678 3758
f 4804 5055 4806
f 4804 4757 5055
f 5050 4784 3835
f 5050 4811 4784
f 5031 3847 4680
f 5031 5024 3847
f 3820 4790 4774
f 3820 4888 4790
f 3769 4763 4800
f 3769 5035 4763
f 3826 4828 4729
f 3826 5053 4828
f 4780 4765 4806
f 4780 4718 4765
f 4771 3811 4787
f 4771 4821 3811
f 4802 4767 4786
f 4802 4760 4767
f 4768 4795 5038
f 4768 5049 4795
f 4797 4769 4809
f 4797 3752 4769
f 4789 3823 5056
f 4789 4773 3823
f 4821 4753 4803
f 4821 4771 4753
f 4773 4795 3823
f 4773 5048 4795
f 3757 4775 4720
f 3757 4756 4775
f 4810 4778 4794
f 4810 3754 4778
f 5035 4779 4763
f 5035 4794 4779
f 4827 3771 4848
f 4827 4792 3771
f 3836 5043 5039
f 3836 4818 5043
f 3820 4814 4826
f 3820 4805 4814
f 5024 5016 3847
f 5024 5015 5016
f 5059 3811 4851
f 5059 4787 3811
f 4789 3824 4770
f 4789 4829 3824
f 5056 5057 4819
f 5056 3823 5057
f 4813 4805 4791
f 4813 4814 4805
f 4791 3805 4813
f 4791 4894 3805
f 4904 4810 4812
f 4904 4816 4810
f 3823 5049 5057
f 3823 4795 5049
f 5049 5039 4807
f 5049 4768 5039
f 4803 5053 3826
f 4803 4753 5053
f 4809 3767 4859
f 4809 4798 3767
f 4659 5034 4672
f 4659 4799 5034
f 3773 4799 4755
f 3773 5034 4799
f 4800 5032 5052
f 4800 4763 5032
f 5065 3809 4819
f 5065 4833 3809
f 4820 4872 3822
f 4820 4846 4872
f 4804 4817 3785
f 4804 3798 4817
f 5055 4780 4806
f 5055 3786 4780
f 4811 5043 4818
f 4811 3822 5043
f 4816 3754 4810
f 4816 5012 3754
f 4809 3766 4797
f 4809 4859 3766
f 4794 4812 4810
f 4794 5035 4812
f 4834 3821 4826
f 4834 4820 3821
f 4812 4815 4904
f 4812 5051 4815
f 4813 4836 3806
f 4813 3805 4836
f 4785 3820 4826
f 4785 4888 3820
f 5051 4825 4881
f 5051 3769 4825
f 4822 4816 4891
f 4822 4808 4816
f 4904 4891 4816
f 4904 3768 4891
f 4838 3785 4817
f 4838 4848 3785
f 4829 4841 3824
f 4829 4840 4841
f 4801 4833 5065
f 4801 4872 4833
f 4834 4846 4820
f 4834 3807 4846
f 4821 4839 3811
f 4821 3825 4839
f 4822 3768 4830
f 4822 4891 3768
f 4746 4823 4749
f 4746 5012 4823
f 5052 4854 4824
f 5052 4827 4854
f 3783 4825 5064
f 3783 4881 4825
f 4758 4832 4831
f 4758 3780 4832
f 4826 5050 4785
f 4826 3821 5050
f 5052 3770 4827
f 5052 5032 3770
f 4830 4875 5044
f 4830 3768 4875
f 3793 4831 4832
f 3793 4853 4831
f 4843 3809 4833
f 4843 4860 3809
f 3808 4872 4846
f 3808 4833 4872
f 4835 3807 4834
f 4835 4855 3807
f 3792 4853 4856
f 3792 4831 4853
f 4858 5064 5061
f 4858 3783 5064
f 4800 4824 4837
f 4800 5052 4824
f 4842 3797 4852
f 4842 4864 3797
f 4863 3811 4839
f 4863 4851 3811
f 4874 4870 3810
f 4874 4880 4870
f 4819 4874 4840
f 4819 3809 4874
f 4850 3824 4841
f 4850 4788 3824
f 4840 3810 4841
f 4840 4874 3810
f 3767 4876 4859
f 3767 4844 4876
f 4845 4832 3780
f 4845 4862 4832
f 4855 3806 4847
f 4855 4835 3806
f 4849 4839 4850
f 4849 4863 4839
f 3784 4838 4852
f 3784 4854 4838
f 4858 3784 4869
f 4858 5061 3784
f 4854 5061 4824
f 4854 3784 5061
f 4855 4866 3807
f 4855 4867 4866
f 4871 4868 4869
f 4871 4882 4868
f 5054 4875 4886
f 5054 5044 4875
f 5044 4861 4844
f 5044 5054 4861
f 5047 4862 4845
f 5047 4885 4862
f 3780 4876 4845
f 3780 4859 4876
f 4849 4864 4863
f 4849 4870 4864
f 4851 4864 4842
f 4851 4863 4864
f 4870 3797 4864
f 4870 4880 3797
f 4865 4855 4847
f 4865 4867 4855
f 4866 3794 4878
f 4866 4867 3794
f 4877 4881 3783
f 4877 3782 4881
f 3797 4871 4869
f 3797 4880 4871
f 4869 4852 3797
f 4869 3784 4852
f 4880 3796 4871
f 4880 4860 3796
f 3781 4845 4876
f 3781 5047 4845
f 4883 3782 4877
f 4883 4887 3782
f 4883 4873 5063
f 4883 4882 4873
f 4887 4879 4886
f 4887 3795 4879
f 4879 5058 4886
f 4879 4885 5058
f 4882 3796 4873
f 4882 4871 3796
f 4886 3782 4887
f 4886 4875 3782
f 3795 4883 5063
f 3795 4887 4883
f 4884 4873 4843
f 4884 5063 4873
f 3781 4885 5047
f 3781 5058 4885
f 4972 3918 4893
f 4972 4406 3918
f 4289 4893 4234
f 4289 4972 4893
f 3768 4815 4897
f 3768 4904 4815
f 3831 4898 4333
f 3831 4936 4898
f 3908 4267 4917
f 3908 4907 4267
f 4909 4921 4137
f 4909 3936 4921
f 4915 4352 4214
f 4915 3924 4352
f 4271 3790 4916
f 4271 4343 3790
f 4470 4347 3790
f 4470 4407 4347
f 4933 4953 3725
f 4933 4701 4953
f 3907 4941 4939
f 3907 4478 4941
f 4951 3723 4537
f 4951 4931 3723
f 4524 4954 4340
f 4524 4955 4954
f 4956 4494 4936
f 4956 3832 4494
f 4964 3736 4468
f 4964 4608 3736
f 4965 4537 3737
f 4965 4951 4537
f 4969 4989 4346
f 4969 4990 4989
f 4941 4617 4960
f 4941 4478 4617
f 4973 5014 4379
f 4973 4402 5014
f 4975 5001 4398
f 4975 5002 5001
f 4900 4977 4976
f 4900 4455 4977
f 4977 5000 4976
f 4977 4554 5000
f 4978 3742 4481
f 4978 4582 3742
f 3737 4980 4965
f 3737 4981 4980
f 4747 4992 4985
f 4747 4732 4992
f 4595 5010 3759
f 4595 4519 5010
f 3917 4994 4355
f 3917 4995 4994
f 3863 4996 4359
f 3863 4997 4996
f 3852 5002 4975
f 3852 5003 5002
f 4716 5006 4693
f 4716 5007 5006
f 3765 5013 4992
f 3765 5019 5013
f 4456 5015 4370
f 4456 5016 5015
f 5018 3828 4474
f 5018 4743 3828
f 5021 5040 4677
f 5021 3773 5040
f 5041 3836 5026
f 5041 4818 3836
f 5027 4412 3800
f 5027 4522 4412
f 4512 5014 4402
f 4512 4546 5014
f 3837 5037 4689
f 3837 5038 5037
f 5043 4807 5039
f 5043 3822 4807
f 4807 5057 5049
f 4807 4801 5057
f 5058 5054 4886
f 5058 4861 5054
f 5059 3798 4765
f 5059 4851 3798
f 4815 4881 4897
f 4815 5051 4881
f 5060 4878 3794
f 5060 5062 4878
f 4806 3798 4804
f 4806 4765 3798
f 5062 4884 4878
f 5062 5063 4884
f 3795 5062 5060
f 3795 5063 5062
f 3546 3526 3512
f 3488 3426 3422
f 3569 3512 3429
f 3544 3484 3541
f 3632 3629 3590
f 3634 3616 3594
f 3641 3605 3636
f 3677 3618 3521
f 3496 3501 3692
f 5056 4819 4840
f 4622 3924 4548
f 4918 4912 3709
f 4927 4366 4434
f 3799 4522 5027
f 4868 4858 4869
f 4160 4059 4040
f 4343 4271 4200
f 4329 4244 3901
f 4987 3731 4670
f 4917 4524 4340
f 4549 3735 4367
f 4486 3915 4389
f 4531 4396 4453
f 4589 3699 4477
f 4977 4455 3854
f 4590 4599 4520
f 4491 4571 4602
f 4608 3722 4621
f 4928 4539 4655
f 4894 4645 4580
f 5040 3773 4755
f 4785 5050 4759
f 4820 3822 4811
f 5058 3781 4861
f 4856 4853 4836
f 4857 3794 4867
f 4849 3810 4870
f 4881 3782 4897
f 5060 4879 3795
f 4889 4669 3764
f 5021 5008 4661
f 4916 4253 4271
f 4960 3893 4555
f 4961 4938 3895
f 4983 4215 4282
f 4999 4956 4948
f 5009 4654 4582
f 5021 4892 3773
f 5019 3765 4776
f 4506 5024 5031
f 4751 4787 5059
f 4825 4837 5064
# faces: 10126
